# GO	NS	enrichment	name	ratio_in_study	ratio_in_pop	p_uncorrected	depth	study_count	p_fdr_bh	study_items
GO:0071805	BP	e	potassium ion transmembrane transport	37/244	125/11561	9.32227962487218e-33	8	37	1.062273763254185e-28	G002536, G003940, G003976, G004038, G004581, G005687, G005688, G005690, G006947, G006949, G013062, G013066, G013823, G016039, G018279, G019647, G019976, G020665, G020669, G022166, G023037, G023073, G023077, G023176, G024670, G024673, G024679, G024692, G025217, G025237, G025369, G025944, G026468, G027007, G027315, G028604, G028609
GO:0034220	BP	e	monoatomic ion transmembrane transport	52/244	325/11561	1.7042126528004911e-31	5	52	9.709751589330798e-28	G002536, G003940, G003976, G004038, G004581, G004925, G005687, G005688, G005690, G006947, G006949, G006995, G008375, G009028, G010127, G013062, G013066, G013223, G013823, G015391, G015392, G015514, G016039, G018279, G019457, G019465, G019647, G019976, G020437, G020665, G020669, G022166, G023037, G023073, G023077, G023176, G023419, G023671, G023672, G024670, G024673, G024679, G024692, G025217, G025237, G025369, G025944, G026468, G027007, G027315, G028604, G028609
GO:0006813	BP	e	potassium ion transport	37/244	141/11561	1.2738696657246874e-30	7	37	4.83858161364427e-27	G002536, G003940, G003976, G004038, G004581, G005687, G005688, G005690, G006947, G006949, G013062, G013066, G013823, G016039, G018279, G019647, G019976, G020665, G020669, G022166, G023037, G023073, G023077, G023176, G024670, G024673, G024679, G024692, G025217, G025237, G025369, G025944, G026468, G027007, G027315, G028604, G028609
GO:0055085	BP	e	transmembrane transport	61/244	517/11561	2.103897259081425e-29	4	61	5.993477316808209e-26	G002536, G003940, G003976, G004038, G004581, G004925, G005687, G005688, G005690, G006947, G006949, G006995, G008375, G009028, G010127, G012274, G012637, G013062, G013066, G013223, G013823, G014293, G014320, G015391, G015392, G015514, G016039, G018279, G019457, G019465, G019647, G019976, G020437, G020665, G020669, G022166, G022319, G022618, G022767, G023037, G023073, G023077, G023176, G023419, G023671, G023672, G024626, G024644, G024670, G024673, G024679, G024692, G025217, G025237, G025369, G025944, G026468, G027007, G027315, G028604, G028609
GO:0006811	BP	e	monoatomic ion transport	55/244	412/11561	3.548819395211222e-29	4	55	8.087759401686375e-26	G002536, G003940, G003976, G004038, G004581, G004925, G005687, G005688, G005690, G006947, G006949, G006995, G008375, G009028, G010127, G012920, G013062, G013066, G013223, G013823, G015391, G015392, G015514, G016039, G018279, G019457, G019465, G019647, G019976, G020437, G020665, G020669, G022166, G022618, G023037, G023073, G023077, G023176, G023419, G023671, G023672, G024670, G024673, G024679, G024692, G025217, G025237, G025369, G025944, G026468, G026989, G027007, G027315, G028604, G028609
GO:0098660	BP	e	inorganic ion transmembrane transport	48/244	309/11561	1.9304974978010582e-28	5	48	3.666336497907176e-25	G002536, G003940, G003976, G004038, G004581, G004925, G005687, G005688, G005690, G006947, G006949, G006995, G008375, G009028, G010127, G013062, G013066, G013823, G015391, G015392, G015514, G016039, G018279, G019457, G019465, G019647, G019976, G020437, G020665, G020669, G022166, G023037, G023073, G023077, G023176, G024670, G024673, G024679, G024692, G025217, G025237, G025369, G025944, G026468, G027007, G027315, G028604, G028609
GO:0030001	BP	e	metal ion transport	48/244	320/11561	9.851831922595855e-28	6	48	1.6037374965425681e-24	G002536, G003940, G003976, G004038, G004581, G004925, G005687, G005688, G005690, G006947, G006949, G006995, G008375, G009028, G010127, G012920, G013062, G013066, G013823, G015514, G016039, G018279, G019457, G019465, G019647, G019976, G020665, G020669, G022166, G022618, G023037, G023073, G023077, G023176, G023672, G024670, G024673, G024679, G024692, G025217, G025237, G025369, G025944, G026468, G027007, G027315, G028604, G028609
GO:0006812	BP	e	monoatomic cation transport	48/244	340/11561	1.6133255858247296e-26	5	48	2.2979806313090992e-23	G002536, G003940, G003976, G004038, G004581, G004925, G005687, G005688, G005690, G006947, G006949, G006995, G008375, G009028, G010127, G012920, G013062, G013066, G013823, G015514, G016039, G018279, G019457, G019465, G019647, G019976, G020665, G020669, G022166, G022618, G023037, G023073, G023077, G023176, G023672, G024670, G024673, G024679, G024692, G025217, G025237, G025369, G025944, G026468, G027007, G027315, G028604, G028609
GO:0098655	BP	e	monoatomic cation transmembrane transport	41/244	265/11561	3.102019612704552e-24	6	41	3.927501498529819e-21	G002536, G003940, G003976, G004038, G004581, G004925, G005687, G005688, G005690, G006947, G006949, G010127, G013062, G013066, G013823, G016039, G018279, G019457, G019465, G019647, G019976, G020665, G020669, G022166, G023037, G023073, G023077, G023176, G024670, G024673, G024679, G024692, G025217, G025237, G025369, G025944, G026468, G027007, G027315, G028604, G028609
GO:0098662	BP	e	inorganic cation transmembrane transport	41/244	266/11561	3.6031340673671685e-24	6	41	4.1057712697648886e-21	G002536, G003940, G003976, G004038, G004581, G004925, G005687, G005688, G005690, G006947, G006949, G010127, G013062, G013066, G013823, G016039, G018279, G019457, G019465, G019647, G019976, G020665, G020669, G022166, G023037, G023073, G023077, G023176, G024670, G024673, G024679, G024692, G025217, G025237, G025369, G025944, G026468, G027007, G027315, G028604, G028609
GO:0051260	BP	e	protein homooligomerization	26/244	115/11561	5.995762907502145e-20	7	26	6.211065302816994e-17	G002536, G003976, G004038, G004581, G005687, G005688, G005690, G005721, G006202, G006947, G006949, G013062, G013066, G016039, G018279, G019457, G019465, G019647, G022521, G023073, G023077, G025237, G025944, G027007, G028604, G028609
GO:0051259	BP	e	protein complex oligomerization	27/244	146/11561	2.887232592069385e-18	6	27	2.741667948885887e-15	G002536, G003976, G004038, G004581, G005687, G005688, G005690, G005721, G006202, G006947, G006949, G013062, G013066, G016039, G018279, G019457, G019465, G019647, G022521, G023073, G023077, G023176, G025237, G025944, G027007, G028604, G028609
GO:0006810	BP	e	transport	82/244	1755/11561	3.8724725528801214e-13	3	82	2.7579265462543114e-10	G001189, G002125, G002536, G003940, G003976, G004038, G004581, G004925, G005687, G005688, G005690, G005707, G006947, G006949, G006995, G007815, G008343, G008375, G009028, G009295, G010127, G010158, G011218, G012109, G012274, G012637, G012920, G012974, G013027, G013062, G013066, G013223, G013823, G014293, G014320, G015391, G015392, G015514, G016039, G018279, G019457, G019465, G019608, G019647, G019976, G020437, G020665, G020669, G020945, G021500, G021728, G022166, G022319, G022411, G022618, G022767, G023037, G023073, G023077, G023176, G023368, G023419, G023671, G023672, G024626, G024644, G024670, G024673, G024679, G024692, G025217, G025237, G025369, G025944, G026468, G026989, G027007, G027315, G027668, G028451, G028604, G028609
GO:0099536	BP	e	synaptic signaling	23/244	164/11561	4.936346272725164e-13	5	23	3.124981432094625e-10	G004038, G004925, G007815, G008046, G010127, G011218, G013223, G014293, G014486, G015391, G015392, G016135, G017431, G020437, G021314, G021500, G022319, G023419, G023671, G023672, G023698, G027007, G027315
GO:0099537	BP	e	trans-synaptic signaling	23/244	164/11561	4.936346272725164e-13	6	23	3.124981432094625e-10	G004038, G004925, G007815, G008046, G010127, G011218, G013223, G014293, G014486, G015391, G015392, G016135, G017431, G020437, G021314, G021500, G022319, G023419, G023671, G023672, G023698, G027007, G027315
GO:0007267	BP	e	cell-cell signaling	26/244	234/11561	3.5121592354867593e-12	4	26	1.9150841103372757e-09	G004038, G004925, G007815, G008046, G010127, G010962, G011218, G013223, G014293, G014486, G015391, G015392, G016135, G017431, G019976, G020437, G021314, G021500, G022319, G023419, G023671, G023672, G023698, G027007, G027315, G028095
GO:0098916	BP	e	anterograde trans-synaptic signaling	21/244	147/11561	3.697398019080304e-12	7	21	1.9150841103372757e-09	G004038, G004925, G007815, G008046, G010127, G011218, G013223, G014293, G014486, G015391, G015392, G016135, G017431, G020437, G021500, G022319, G023419, G023671, G023672, G027007, G027315
GO:0007268	BP	e	chemical synaptic transmission	21/244	147/11561	3.697398019080304e-12	8	21	1.9150841103372757e-09	G004038, G004925, G007815, G008046, G010127, G011218, G013223, G014293, G014486, G015391, G015392, G016135, G017431, G020437, G021500, G022319, G023419, G023671, G023672, G027007, G027315
GO:0007186	BP	e	G protein-coupled receptor signaling pathway	34/244	403/11561	3.919393122803639e-12	5	34	1.941803679754238e-09	G000859, G000876, G001102, G001400, G001447, G003673, G006494, G006995, G007815, G008046, G008343, G008375, G009028, G010112, G010236, G010692, G010962, G011218, G012733, G014293, G014320, G014486, G014907, G015514, G016135, G017431, G018530, G019085, G020422, G022319, G022493, G024845, G027417, G028095
GO:0023052	BP	e	signaling	26/244	237/11561	4.7146637389040375e-12	3	26	2.238483054367146e-09	G004038, G004925, G007815, G008046, G010127, G010962, G011218, G013223, G014293, G014486, G015391, G015392, G016135, G017431, G019976, G020437, G021314, G021500, G022319, G023419, G023671, G023672, G023698, G027007, G027315, G028095
GO:0007154	BP	e	cell communication	27/244	257/11561	4.997152128233173e-12	2	27	2.27770194004868e-09	G004038, G004925, G006949, G007815, G008046, G010127, G010962, G011218, G013223, G014293, G014486, G015391, G015392, G016135, G017431, G019976, G020437, G021314, G021500, G022319, G023419, G023671, G023672, G023698, G027007, G027315, G028095
GO:0043269	BP	e	regulation of monoatomic ion transport	26/244	246/11561	1.1095058530779822e-11	5	26	4.8626227676244635e-09	G002536, G003976, G004038, G004581, G004925, G006949, G006995, G007815, G008375, G009028, G009295, G010127, G013062, G013066, G014907, G015514, G016039, G017401, G017431, G020665, G020669, G023077, G023176, G025944, G028604, G028609
GO:0051234	BP	e	establishment of localization	82/244	1877/11561	1.5312384061292926e-11	2	82	6.462393199201218e-09	G001189, G002125, G002536, G003940, G003976, G004038, G004581, G004925, G005687, G005688, G005690, G005707, G006947, G006949, G006995, G007815, G008343, G008375, G009028, G009295, G010127, G010158, G011218, G012109, G012274, G012637, G012920, G012974, G013027, G013062, G013066, G013223, G013823, G014293, G014320, G015391, G015392, G015514, G016039, G018279, G019457, G019465, G019608, G019647, G019976, G020437, G020665, G020669, G020945, G021500, G021728, G022166, G022319, G022411, G022618, G022767, G023037, G023073, G023077, G023176, G023368, G023419, G023671, G023672, G024626, G024644, G024670, G024673, G024679, G024692, G025217, G025237, G025369, G025944, G026468, G026989, G027007, G027315, G027668, G028451, G028604, G028609
GO:0042391	BP	e	regulation of membrane potential	22/244	186/11561	5.1394046375112455e-11	3	22	2.0915541373014513e-08	G004038, G004581, G004925, G006665, G006949, G007815, G008343, G010127, G013223, G015391, G015392, G016039, G017401, G019457, G019465, G020437, G020665, G020669, G023419, G023671, G023672, G028877
GO:0051179	BP	e	localization	87/244	2143/11561	1.762580137179916e-10	1	87	6.92572436660867e-08	G001189, G002125, G002536, G003940, G003976, G004038, G004581, G004925, G005687, G005688, G005690, G005707, G006810, G006947, G006949, G006995, G007815, G008343, G008375, G009028, G009295, G010127, G010158, G011218, G012109, G012192, G012194, G012274, G012637, G012920, G012974, G013027, G013062, G013066, G013223, G013823, G014293, G014320, G015391, G015392, G015514, G016039, G018279, G019457, G019465, G019608, G019647, G019976, G020437, G020665, G020669, G020945, G021500, G021728, G022166, G022319, G022411, G022618, G022767, G023037, G023073, G023077, G023176, G023368, G023419, G023671, G023672, G024626, G024644, G024670, G024673, G024679, G024692, G025217, G025237, G025369, G025944, G026468, G026853, G026989, G027007, G027315, G027668, G027755, G028451, G028604, G028609
GO:0044057	BP	e	regulation of system process	24/244	265/11561	1.743772903336779e-09	4	24	6.623430744507532e-07	G004038, G004925, G006949, G006995, G007815, G008343, G008375, G009028, G010127, G010962, G012733, G014293, G014320, G014486, G015514, G016039, G021314, G022166, G022319, G023037, G023176, G025217, G025369, G028095
GO:0034765	BP	e	regulation of monoatomic ion transmembrane transport	20/244	192/11561	3.839887116604493e-09	6	20	1.2869268733443588e-06	G002536, G003976, G004038, G004581, G004925, G006949, G007815, G009295, G010127, G013062, G013066, G016039, G017401, G020665, G020669, G023077, G023176, G025944, G028604, G028609
GO:0003008	BP	e	system process	32/244	494/11561	1.3955743910799336e-08	2	32	4.543591481815955e-06	G004038, G004925, G005707, G006435, G006665, G006949, G006995, G007815, G008375, G009028, G010127, G011218, G012733, G013223, G015391, G015392, G015514, G017431, G018418, G019457, G019465, G019608, G020422, G020437, G021500, G022618, G023368, G023419, G023671, G023672, G027007, G027755
GO:1902476	BP	e	chloride transmembrane transport	9/244	37/11561	5.3278866553960163e-08	7	9	1.6408450929253406e-05	G006995, G008375, G009028, G015391, G015392, G015514, G019976, G020437, G027315
GO:0043270	BP	e	positive regulation of monoatomic ion transport	15/244	128/11561	7.57112749932002e-08	6	15	2.2703420488092536e-05	G003976, G004038, G004925, G006949, G006995, G007815, G008375, G009028, G010127, G013062, G013066, G014907, G015514, G017431, G028609
GO:0009628	BP	e	response to abiotic stimulus	36/244	647/11561	8.154981735265781e-08	2	36	2.3827183813680403e-05	G001102, G003976, G004038, G005721, G006202, G006949, G006995, G007815, G008375, G008763, G009028, G010692, G010693, G013062, G013066, G013223, G014293, G014320, G015514, G018418, G019457, G019465, G019562, G019608, G019976, G020945, G021314, G022319, G022493, G023176, G023672, G024845, G026989, G027010, G027315, G028609
GO:1903522	BP	e	regulation of blood circulation	14/244	113/11561	1.0270934434424817e-07	5	14	2.782122722632269e-05	G004925, G006995, G007815, G008375, G009028, G010127, G010962, G014486, G015514, G016039, G023176, G025217, G025369, G028095
GO:0021675	BP	e	nerve development	7/244	20/11561	1.0498576311819884e-07	3	7	2.782122722632269e-05	G003976, G004038, G006949, G013062, G013066, G021314, G028609
GO:0098656	BP	e	monoatomic anion transmembrane transport	9/244	40/11561	1.1081299799057452e-07	6	9	2.869804800233174e-05	G006995, G008375, G009028, G015391, G015392, G015514, G019976, G020437, G027315
GO:0050877	BP	e	nervous system process	23/244	305/11561	1.1999571793968262e-07	3	23	3.038558235383741e-05	G004038, G005707, G006435, G006949, G007815, G012733, G013223, G015391, G015392, G017431, G018418, G019457, G019465, G019608, G020422, G020437, G021500, G022618, G023419, G023671, G023672, G027007, G027755
GO:1903818	BP	e	positive regulation of voltage-gated potassium channel activity	6/244	13/11561	1.2602151273351065e-07	11	6	3.121772038257291e-05	G003976, G004038, G006949, G013062, G013066, G028609
GO:0007200	BP	e	phospholipase C-activating G protein-coupled receptor signaling pathway	11/244	68/11561	1.5680251225392924e-07	6	11	3.80162686624154e-05	G001400, G006494, G006995, G008375, G009028, G010962, G014293, G014320, G015514, G022319, G028095
GO:0006821	BP	e	chloride transport	9/244	42/11561	1.7416896854851915e-07	6	9	4.134698742938283e-05	G006995, G008375, G009028, G015391, G015392, G015514, G019976, G020437, G027315
GO:0021554	BP	e	optic nerve development	6/244	14/11561	2.1665238283659166e-07	5	6	5.038273270250943e-05	G003976, G004038, G006949, G013062, G013066, G028609
GO:0046942	BP	e	carboxylic acid transport	16/244	159/11561	2.362694071075674e-07	6	16	5.1774805653667887e-05	G001189, G006995, G008375, G009028, G012109, G012637, G012974, G014293, G014320, G015514, G022319, G022618, G022767, G024626, G024644, G027668
GO:0015849	BP	e	organic acid transport	16/244	159/11561	2.362694071075674e-07	5	16	5.1774805653667887e-05	G001189, G006995, G008375, G009028, G012109, G012637, G012974, G014293, G014320, G015514, G022319, G022618, G022767, G024626, G024644, G027668
GO:0034762	BP	e	regulation of transmembrane transport	21/244	271/11561	2.7741628507783505e-07	5	21	5.9644501291734536e-05	G002536, G003976, G004038, G004581, G004925, G006949, G007815, G009295, G010127, G013062, G013066, G016039, G017401, G020665, G020669, G023077, G023176, G024845, G025944, G028604, G028609
GO:0021545	BP	e	cranial nerve development	6/244	15/11561	3.547279112721545e-07	4	6	7.218079551689643e-05	G003976, G004038, G006949, G013062, G013066, G028609
GO:1901018	BP	e	positive regulation of potassium ion transmembrane transporter activity	6/244	15/11561	3.547279112721545e-07	10	6	7.218079551689643e-05	G003976, G004038, G006949, G013062, G013066, G028609
GO:0098661	BP	e	inorganic anion transmembrane transport	9/244	47/11561	4.854795457622266e-07	6	9	9.705332322737846e-05	G006995, G008375, G009028, G015391, G015392, G015514, G019976, G020437, G027315
GO:0010959	BP	e	regulation of metal ion transport	15/244	149/11561	5.646285446197278e-07	6	15	0.00011093003906796204	G003976, G004038, G004925, G006949, G006995, G007815, G008375, G009028, G009295, G010127, G013062, G013066, G014907, G015514, G028609
GO:0022038	BP	e	corpus callosum development	7/244	25/11561	5.948313014374465e-07	3	7	0.00011488309626914751	G003976, G004038, G004581, G006949, G013062, G013066, G028609
GO:0065008	BP	e	regulation of biological quality	48/244	1092/11561	7.128999848964428e-07	2	48	0.00013539158879824942	G003940, G004038, G004581, G004925, G006665, G006949, G006995, G007815, G008343, G008375, G008745, G009028, G010127, G010962, G011864, G013028, G013223, G013315, G013823, G014907, G015391, G015392, G015514, G016039, G017401, G019457, G019465, G019976, G020437, G020665, G020669, G021314, G021500, G021728, G023067, G023419, G023671, G023672, G024670, G024673, G024679, G024692, G025217, G025369, G027064, G027315, G028095, G028877
GO:0043268	BP	e	positive regulation of potassium ion transport	7/244	26/11561	7.994285237974801e-07	8	7	0.00014933586932249648	G003976, G004038, G006949, G007815, G013062, G013066, G028609
GO:0065003	BP	e	protein-containing complex assembly	30/244	536/11561	9.7376903465315e-07	5	30	0.0001789693249979459	G002536, G003976, G004038, G004581, G005687, G005688, G005690, G005721, G006202, G006810, G006947, G006949, G010885, G013062, G013066, G016039, G018279, G019457, G019465, G019542, G019647, G022521, G023073, G023077, G023176, G025237, G025944, G027007, G028604, G028609
GO:0071774	BP	e	response to fibroblast growth factor	8/244	39/11561	1.2268392566613556e-06	4	8	0.0002219021163437484	G003976, G006995, G008375, G009028, G013062, G013066, G015514, G028609
GO:0006820	BP	e	monoatomic anion transport	9/244	53/11561	1.4139665408192315e-06	5	9	0.0002517523239474241	G006995, G008375, G009028, G015391, G015392, G015514, G019976, G020437, G027315
GO:0007188	BP	e	adenylate cyclase-modulating G protein-coupled receptor signaling pathway	17/244	204/11561	1.4538292580074933e-06	6	17	0.00025486745223069824	G000859, G001447, G006995, G007815, G008046, G008343, G008375, G009028, G010236, G010962, G014486, G015514, G017431, G018530, G019085, G027417, G028095
GO:0014075	BP	e	response to amine	8/244	40/11561	1.5058458213358536e-06	5	8	0.0002599865626382129	G003976, G013062, G013066, G018530, G019457, G019465, G027417, G028609
GO:0009642	BP	e	response to light intensity	5/244	11/11561	1.6742790071240844e-06	5	5	0.00028475237740565587	G003976, G013062, G013066, G019562, G028609
GO:0015711	BP	e	organic anion transport	16/244	188/11561	2.2645408104079507e-06	5	16	0.00037778155476613553	G001189, G006995, G008375, G009028, G012109, G012637, G012974, G014293, G014320, G015514, G022319, G022618, G022767, G024626, G024644, G027668
GO:0015698	BP	e	inorganic anion transport	9/244	56/11561	2.2875758910805925e-06	4	9	0.00037778155476613553	G006995, G008375, G009028, G015391, G015392, G015514, G019976, G020437, G027315
GO:0032501	BP	e	multicellular organismal process	56/244	1422/11561	2.671364239245365e-06	1	56	0.0004348599358028705	G002595, G004038, G004925, G005707, G006435, G006494, G006665, G006949, G006995, G007815, G008375, G009028, G009295, G010127, G010692, G011218, G012192, G012194, G012637, G012733, G012920, G013027, G013223, G013315, G014293, G014320, G015391, G015392, G015514, G015571, G015573, G015663, G017431, G018418, G019457, G019465, G019608, G019976, G020207, G020422, G020437, G021314, G021500, G021617, G021728, G022319, G022493, G022618, G023176, G023368, G023419, G023671, G023672, G026853, G027007, G027755
GO:0043266	BP	e	regulation of potassium ion transport	8/244	44/11561	3.226391862180992e-06	7	8	0.0005178131728105972	G003976, G004038, G006949, G007815, G009295, G013062, G013066, G028609
GO:0055080	BP	e	monoatomic cation homeostasis	20/244	290/11561	3.318206638065042e-06	4	20	0.0005251522866770994	G003940, G004038, G004925, G006949, G006995, G008375, G009028, G010127, G012920, G013028, G013823, G015514, G019976, G023077, G023672, G024670, G024673, G024679, G024692, G027315
GO:0010996	BP	e	response to auditory stimulus	6/244	21/11561	3.4574280644429803e-06	4	6	0.0005396903122510653	G003976, G013062, G013066, G013223, G019608, G028609
GO:0051049	BP	e	regulation of transport	37/244	791/11561	4.201630261741075e-06	4	37	0.0006469942815208047	G002536, G003976, G004038, G004581, G004925, G005707, G006949, G006995, G007815, G008343, G008375, G009028, G009295, G010127, G010158, G013027, G013062, G013066, G014907, G015514, G016039, G016102, G017401, G017431, G019457, G019465, G019976, G020665, G020669, G023077, G023176, G023671, G024845, G025944, G027064, G028604, G028609
GO:0035864	BP	e	response to potassium ion	5/244	13/11561	4.505123136210814e-06	5	5	0.0006844783751616297	G003976, G013062, G013066, G019976, G028609
GO:1901379	BP	e	regulation of potassium ion transmembrane transport	7/244	33/11561	4.576532352151086e-06	8	7	0.0006861787651679161	G003976, G004038, G006949, G009295, G013062, G013066, G028609
GO:1901381	BP	e	positive regulation of potassium ion transmembrane transport	6/244	22/11561	4.670422497832852e-06	9	6	0.0006911618748416279	G003976, G004038, G006949, G013062, G013066, G028609
GO:0050801	BP	e	monoatomic ion homeostasis	20/244	298/11561	5.0114304700961185e-06	3	20	0.0007321185923941701	G003940, G004038, G004925, G006949, G006995, G008375, G009028, G010127, G012920, G013028, G013823, G015514, G019976, G023077, G023672, G024670, G024673, G024679, G024692, G027315
GO:0046903	BP	e	secretion	18/244	248/11561	5.1341832411649906e-06	4	18	0.0007405571902920895	G004925, G006995, G008343, G008375, G009028, G010127, G011218, G012109, G012637, G013027, G015514, G019457, G019465, G019608, G021500, G021728, G022411, G023368
GO:0015800	BP	e	acidic amino acid transport	7/244	34/11561	5.660212756214474e-06	6	7	0.0007962731402106659	G014293, G014320, G022319, G022767, G024626, G024644, G027668
GO:1901016	BP	e	regulation of potassium ion transmembrane transporter activity	6/244	24/11561	8.131711568006102e-06	9	6	0.0011099737454227428	G003976, G004038, G006949, G013062, G013066, G028609
GO:0098739	BP	e	import across plasma membrane	9/244	65/11561	8.18234266042215e-06	5	9	0.0011099737454227428	G004925, G010127, G014293, G014320, G016039, G019976, G022319, G022618, G027315
GO:0051606	BP	e	detection of stimulus	15/244	186/11561	9.122508234803592e-06	2	15	0.0012127052226341766	G001102, G004038, G006949, G006995, G008375, G008763, G009028, G010692, G015514, G018418, G022493, G023176, G024845, G026989, G027010
GO:0007610	BP	e	behavior	21/244	337/11561	9.152492246295672e-06	2	21	0.0012127052226341766	G002595, G004925, G006494, G007815, G008375, G009295, G010127, G010692, G014293, G014320, G019457, G019465, G020207, G020422, G021500, G022319, G022493, G023419, G023672, G027007, G027755
GO:0001508	BP	e	action potential	6/244	25/11561	1.0511779020674979e-05	4	6	0.0013611559311430838	G004038, G004581, G004925, G006949, G010127, G017401
GO:0051899	BP	e	membrane depolarization	6/244	25/11561	1.0511779020674979e-05	4	6	0.0013611559311430838	G004925, G010127, G013223, G017401, G023419, G023671
GO:0008016	BP	e	regulation of heart contraction	10/244	86/11561	1.2651509003879901e-05	6	10	0.0016053413581049916	G004925, G007815, G010127, G010962, G014486, G016039, G023176, G025217, G025369, G028095
GO:0021759	BP	e	globus pallidus development	4/244	8/11561	1.2679308664278126e-05	4	4	0.0016053413581049916	G003976, G013062, G013066, G028609
GO:2001259	BP	e	positive regulation of cation channel activity	6/244	26/11561	1.342548416973895e-05	9	6	0.0016811361770788498	G003976, G004038, G006949, G013062, G013066, G028609
GO:0006937	BP	e	regulation of muscle contraction	9/244	70/11561	1.5187694158361709e-05	6	9	0.0018811279884188227	G004038, G004925, G006949, G007815, G010127, G014486, G022166, G023037, G023176
GO:0007193	BP	e	adenylate cyclase-inhibiting G protein-coupled receptor signaling pathway	8/244	54/11561	1.578951656502289e-05	7	8	0.0019346402285853317	G000859, G006995, G008046, G008375, G009028, G014486, G015514, G017431
GO:0002027	BP	e	regulation of heart rate	7/244	40/11561	1.7609101580314554e-05	7	7	0.0021346352394434505	G004925, G010127, G010962, G016039, G025217, G025369, G028095
GO:0035752	BP	e	lysosomal lumen pH elevation	6/244	28/11561	2.120499554472851e-05	9	6	0.00249104045600187	G003940, G013823, G024670, G024673, G024679, G024692
GO:0046717	BP	e	acid secretion	6/244	28/11561	2.120499554472851e-05	5	6	0.00249104045600187	G006995, G008375, G009028, G011218, G015514, G023368
GO:0051454	BP	e	intracellular pH elevation	6/244	28/11561	2.120499554472851e-05	8	6	0.00249104045600187	G003940, G013823, G024670, G024673, G024679, G024692
GO:1904064	BP	e	positive regulation of cation transmembrane transport	9/244	75/11561	2.6762986575297154e-05	8	9	0.003111879918627664	G003976, G004038, G004925, G006949, G007815, G010127, G013062, G013066, G028609
GO:0030326	BP	e	embryonic limb morphogenesis	6/244	31/11561	3.9300850067871576e-05	5	6	0.004523567540640369	G004925, G006435, G010127, G012192, G012194, G026853
GO:0032879	BP	e	regulation of localization	39/244	939/11561	4.134881817238493e-05	3	39	0.004711697830743262	G002536, G003976, G004038, G004581, G004925, G005707, G006949, G006995, G007815, G008343, G008375, G009028, G009295, G010127, G010158, G013027, G013062, G013066, G014907, G015514, G016039, G016102, G017401, G017431, G019457, G019465, G019976, G020665, G020669, G021314, G021728, G023077, G023176, G023671, G024845, G025944, G027064, G028604, G028609
GO:0065007	BP	e	biological regulation	132/244	4764/11561	4.306075733115181e-05	1	132	0.0048581913840443055	G000859, G000876, G001102, G001400, G001447, G001880, G001930, G002125, G002536, G003583, G003673, G003891, G003940, G003976, G003982, G004038, G004581, G004925, G004987, G005707, G005780, G006435, G006494, G006665, G006810, G006949, G006995, G007815, G007969, G007983, G008046, G008286, G008343, G008375, G008745, G008763, G009028, G009295, G009465, G010112, G010127, G010158, G010236, G010692, G010962, G011218, G011383, G011864, G012192, G012194, G012733, G012920, G013027, G013028, G013062, G013066, G013223, G013315, G013823, G014293, G014320, G014486, G014907, G014995, G015391, G015392, G015514, G015663, G015972, G016039, G016102, G016135, G016398, G017401, G017431, G018418, G018530, G019085, G019457, G019465, G019976, G020207, G020422, G020437, G020665, G020669, G020945, G020990, G021314, G021363, G021500, G021588, G021728, G022166, G022319, G022431, G022493, G022618, G022927, G023037, G023067, G023077, G023176, G023269, G023397, G023419, G023560, G023671, G023672, G023698, G024670, G024673, G024679, G024692, G024845, G024959, G025217, G025369, G025627, G025944, G026853, G026989, G027007, G027010, G027064, G027315, G027417, G027755, G028095, G028604, G028609, G028877
GO:0035113	BP	e	embryonic appendage morphogenesis	6/244	32/11561	4.752305996215306e-05	4	6	0.005263280572161525	G004925, G006435, G010127, G012192, G012194, G026853
GO:0033280	BP	e	response to vitamin D	5/244	20/11561	4.808131573059749e-05	5	5	0.005263280572161525	G006995, G008375, G009028, G015514, G026853
GO:0090280	BP	e	positive regulation of calcium ion import	5/244	20/11561	4.808131573059749e-05	9	5	0.005263280572161525	G006995, G007815, G008375, G009028, G015514
GO:0050804	BP	e	modulation of chemical synaptic transmission	18/244	293/11561	4.89607495084793e-05	6	18	0.005263280572161525	G003673, G007815, G008343, G012733, G013028, G014293, G014320, G014486, G016135, G017431, G019457, G019465, G019976, G020422, G021500, G022319, G023671, G023698
GO:0099177	BP	e	regulation of trans-synaptic signaling	18/244	293/11561	4.89607495084793e-05	5	18	0.005263280572161525	G003673, G007815, G008343, G012733, G013028, G014293, G014320, G014486, G016135, G017431, G019457, G019465, G019976, G020422, G021500, G022319, G023671, G023698
GO:0010038	BP	e	response to metal ion	15/244	216/11561	5.3212966048650585e-05	4	15	0.005666932225461434	G003976, G004038, G006435, G006949, G006995, G008375, G009028, G009295, G013062, G013066, G015514, G019976, G020945, G023176, G028609
GO:0001762	BP	e	beta-alanine transport	4/244	11/11561	5.685316594289375e-05	7	4	0.005943502990085086	G022767, G024626, G024644, G027668
GO:0048857	BP	e	neural nucleus development	4/244	11/11561	5.685316594289375e-05	3	4	0.005943502990085086	G003976, G013062, G013066, G028609
GO:0032414	BP	e	positive regulation of ion transmembrane transporter activity	7/244	48/11561	6.0238012854543454e-05	8	7	0.006240110513432024	G003976, G004038, G006949, G007815, G013062, G013066, G028609
GO:0070509	BP	e	calcium ion import	6/244	34/11561	6.808241562283619e-05	8	6	0.006989181315515481	G004925, G006995, G008375, G009028, G010127, G015514
GO:0090385	BP	e	phagosome-lysosome fusion	6/244	35/11561	8.07306971354691e-05	8	6	0.008213627623738128	G003940, G013823, G024670, G024673, G024679, G024692
GO:0051928	BP	e	positive regulation of calcium ion transport	8/244	69/11561	9.664152353096623e-05	8	8	0.009745399651640356	G004925, G006995, G007815, G008375, G009028, G010127, G014907, G015514
GO:0030003	BP	e	intracellular monoatomic cation homeostasis	16/244	255/11561	0.00010090408845016921	5	16	0.010085983227102439	G003940, G004925, G006995, G008375, G009028, G010127, G012920, G013028, G013823, G015514, G019976, G023672, G024670, G024673, G024679, G024692
GO:0032411	BP	e	positive regulation of transporter activity	7/244	52/11561	0.00010187847506398438	6	7	0.010094828029166104	G003976, G004038, G006949, G007815, G013062, G013066, G028609
GO:0019229	BP	e	regulation of vasoconstriction	6/244	37/11561	0.00011161828339556482	7	6	0.01096457189045225	G004925, G006995, G008375, G009028, G010127, G015514
GO:0051939	BP	e	gamma-aminobutyric acid import	4/244	13/11561	0.00011914229966634125	8	4	0.011603645339298791	G022767, G024626, G024644, G027668
GO:0034767	BP	e	positive regulation of monoatomic ion transmembrane transport	9/244	91/11561	0.00012462842355199036	7	9	0.01192848925586415	G003976, G004038, G004925, G006949, G007815, G010127, G013062, G013066, G028609
GO:0006873	BP	e	intracellular monoatomic ion homeostasis	16/244	261/11561	0.00013230916120907367	4	16	0.012460023900639624	G003940, G004925, G006995, G008375, G009028, G010127, G012920, G013028, G013823, G015514, G019976, G023672, G024670, G024673, G024679, G024692
GO:0051239	BP	e	regulation of multicellular organismal process	42/244	1092/11561	0.00013564826370756063	3	42	0.012669770204488963	G001930, G004038, G004581, G004925, G006435, G006494, G006949, G006995, G007815, G007969, G007983, G008286, G008343, G008375, G009028, G010127, G010962, G012733, G012920, G013315, G014293, G014320, G014486, G015514, G015663, G016039, G019976, G021314, G022166, G022319, G022618, G023037, G023067, G023176, G023560, G023672, G023698, G025217, G025369, G026853, G027064, G028095
GO:0007216	BP	e	G protein-coupled glutamate receptor signaling pathway	7/244	55/11561	0.000146447158575592	7	7	0.013457785257813474	G003673, G012733, G014293, G014320, G016135, G020422, G022319
GO:0003333	BP	e	amino acid transmembrane transport	7/244	55/11561	0.000146447158575592	6	7	0.013457785257813474	G012274, G014293, G014320, G022319, G022767, G024626, G024644
GO:0090279	BP	e	regulation of calcium ion import	5/244	25/11561	0.00015114986521166002	8	5	0.01377882171269493	G006995, G007815, G008375, G009028, G015514
GO:0071305	BP	e	cellular response to vitamin D	4/244	14/11561	0.00016404417677867616	6	4	0.014718766884984368	G006995, G008375, G009028, G015514
GO:0019228	BP	e	neuronal action potential	4/244	14/11561	0.00016404417677867616	5	4	0.014718766884984368	G004038, G004581, G006949, G017401
GO:0090257	BP	e	regulation of muscle system process	9/244	95/11561	0.000173673840286867	5	9	0.015377308743827025	G004038, G004925, G006949, G007815, G010127, G014486, G022166, G023037, G023176
GO:1902600	BP	e	proton transmembrane transport	6/244	40/11561	0.00017479693720481428	7	6	0.015377308743827025	G003940, G013823, G024670, G024673, G024679, G024692
GO:0010243	BP	e	response to organonitrogen compound	19/244	353/11561	0.00017543221910465233	4	19	0.015377308743827025	G003976, G006995, G007815, G008375, G009028, G012637, G013062, G013066, G015514, G018530, G019457, G019465, G020437, G021314, G025217, G025369, G026853, G027417, G028609
GO:1901698	BP	e	response to nitrogen compound	20/244	388/11561	0.00021100897753096557	3	20	0.01835455953408666	G003976, G006995, G007815, G008375, G009028, G012637, G013062, G013066, G015514, G018530, G019457, G019465, G020437, G021314, G023672, G025217, G025369, G026853, G027417, G028609
GO:0032782	BP	e	bile acid secretion	4/244	15/11561	0.00022000422419387382	8	4	0.018455910985775873	G006995, G008375, G009028, G015514
GO:0005513	BP	e	detection of calcium ion	4/244	15/11561	0.00022000422419387382	6	4	0.018455910985775873	G006995, G008375, G009028, G015514
GO:1904062	BP	e	regulation of monoatomic cation transmembrane transport	10/244	120/11561	0.00022174802154677987	7	10	0.018455910985775873	G003976, G004038, G004925, G006949, G007815, G009295, G010127, G013062, G013066, G028609
GO:0099587	BP	e	inorganic ion import across plasma membrane	5/244	27/11561	0.00022189204081187315	6	5	0.018455910985775873	G004925, G010127, G016039, G019976, G027315
GO:0002931	BP	e	response to ischemia	5/244	27/11561	0.00022189204081187315	3	5	0.018455910985775873	G006665, G006995, G008375, G009028, G015514
GO:0098659	BP	e	inorganic cation import across plasma membrane	5/244	27/11561	0.00022189204081187315	7	5	0.018455910985775873	G004925, G010127, G016039, G019976, G027315
GO:0048878	BP	e	chemical homeostasis	22/244	447/11561	0.00025651919313982784	2	22	0.02118142178136477	G000859, G002125, G003940, G004038, G004925, G006949, G006995, G008375, G009028, G010127, G012920, G013028, G013823, G015514, G019976, G023077, G023672, G024670, G024673, G024679, G024692, G027315
GO:0050927	BP	e	positive regulation of positive chemotaxis	4/244	16/11561	0.00028850027219300763	7	4	0.02365079569524692	G006995, G008375, G009028, G015514
GO:2001257	BP	e	regulation of cation channel activity	6/244	44/11561	0.0002996040720134116	8	6	0.024385631432805893	G003976, G004038, G006949, G013062, G013066, G028609
GO:0050789	BP	e	regulation of biological process	124/244	4557/11561	0.0003308420256057161	2	124	0.026642118049764175	G000859, G000876, G001102, G001400, G001447, G001880, G001930, G002125, G002536, G003583, G003673, G003891, G003976, G003982, G004038, G004581, G004925, G004987, G005707, G005780, G006435, G006494, G006665, G006810, G006949, G006995, G007815, G007969, G007983, G008046, G008286, G008343, G008375, G008745, G008763, G009028, G009295, G009465, G010112, G010127, G010158, G010236, G010692, G010962, G011218, G011383, G011864, G012192, G012194, G012733, G012920, G013027, G013028, G013062, G013066, G013223, G013315, G014293, G014320, G014486, G014907, G014995, G015391, G015392, G015514, G015663, G015972, G016039, G016102, G016135, G016398, G017401, G017431, G018418, G018530, G019085, G019457, G019465, G019976, G020207, G020422, G020437, G020665, G020669, G020990, G021314, G021363, G021500, G021588, G021728, G022166, G022319, G022431, G022493, G022618, G022927, G023037, G023067, G023077, G023176, G023269, G023397, G023419, G023560, G023671, G023672, G023698, G024845, G024959, G025217, G025369, G025627, G025944, G026853, G026989, G027007, G027010, G027064, G027315, G027417, G027755, G028095, G028604, G028609
GO:0099643	BP	e	signal release from synapse	6/244	45/11561	0.00033966934395580304	7	6	0.027066658562072556	G008343, G019457, G019465, G019608, G021500, G022411
GO:0015718	BP	e	monocarboxylic acid transport	7/244	63/11561	0.0003460500099707055	7	7	0.027262143456153964	G006995, G008375, G009028, G012109, G012637, G012974, G015514
GO:0055082	BP	e	intracellular chemical homeostasis	17/244	313/11561	0.0003469074858396073	3	17	0.027262143456153964	G003940, G004925, G006995, G008375, G009028, G010127, G012920, G013028, G013823, G015514, G019976, G023672, G024670, G024673, G024679, G024692, G027315
GO:0032024	BP	e	positive regulation of insulin secretion	6/244	46/11561	0.0003838112468713191	10	6	0.029773358792309728	G004925, G006995, G008375, G009028, G010127, G015514
GO:0006865	BP	e	amino acid transport	8/244	84/11561	0.0003840880862193532	5	8	0.029773358792309728	G012274, G014293, G014320, G022319, G022767, G024626, G024644, G027668
GO:0009612	BP	e	response to mechanical stimulus	10/244	129/11561	0.0003982549548000299	3	10	0.030457149060042554	G003976, G004038, G006949, G013062, G013066, G013223, G019608, G021314, G023176, G028609
GO:0098771	BP	e	inorganic ion homeostasis	14/244	232/11561	0.0004073343452521042	3	14	0.03094383242765152	G004038, G004925, G006949, G006995, G008375, G009028, G010127, G012920, G013028, G015514, G019976, G023077, G023672, G027315
GO:0023061	BP	e	signal release	8/244	85/11561	0.0004164026986053173	6	8	0.0312924298689805	G004925, G008343, G010127, G019457, G019465, G019608, G021500, G022411
GO:0015807	BP	e	L-amino acid transport	7/244	65/11561	0.00042016162965809715	7	7	0.0312924298689805	G014293, G014320, G022319, G022767, G024626, G024644, G027668
GO:0007612	BP	e	learning	7/244	65/11561	0.00042016162965809715	6	7	0.0312924298689805	G007815, G019457, G019465, G020422, G021500, G027007, G027755
GO:0015812	BP	e	gamma-aminobutyric acid transport	4/244	18/11561	0.00046920628717225885	7	4	0.03341628526454931	G022767, G024626, G024644, G027668
GO:0070206	BP	e	protein trimerization	4/244	18/11561	0.00046920628717225885	7	4	0.03341628526454931	G005721, G006202, G019457, G019465
GO:0061564	BP	e	axon development	4/244	18/11561	0.00046920628717225885	7	4	0.03341628526454931	G004038, G006949, G021314, G023560
GO:0007187	BP	e	G protein-coupled receptor signaling pathway, coupled to cyclic nucleotide second messenger	4/244	18/11561	0.00046920628717225885	6	4	0.03341628526454931	G008046, G011218, G014486, G017431
GO:0070207	BP	e	protein homotrimerization	4/244	18/11561	0.00046920628717225885	8	4	0.03341628526454931	G005721, G006202, G019457, G019465
GO:0060613	BP	e	fat pad development	4/244	18/11561	0.00046920628717225885	6	4	0.03341628526454931	G006995, G008375, G009028, G015514
GO:1990573	BP	e	potassium ion import across plasma membrane	3/244	8/11561	0.00048080353664210995	9	3	0.03402954223625368	G016039, G019976, G027315
GO:0035108	BP	e	limb morphogenesis	6/244	48/11561	0.00048546621575622006	4	6	0.034147453879889676	G004925, G006435, G010127, G012192, G012194, G026853
GO:0007215	BP	e	glutamate receptor signaling pathway	7/244	67/11561	0.0005064396658330222	6	7	0.035404171731087654	G003673, G012733, G014293, G014320, G016135, G020422, G022319
GO:0050926	BP	e	regulation of positive chemotaxis	4/244	19/11561	0.0005845441152540756	6	4	0.040615123130001166	G006995, G008375, G009028, G015514
GO:0090277	BP	e	positive regulation of peptide hormone secretion	6/244	50/11561	0.0006069467069863116	9	6	0.0411676055125537	G004925, G006995, G008375, G009028, G010127, G015514
GO:0070050	BP	e	neuron cellular homeostasis	6/244	50/11561	0.0006069467069863116	3	6	0.0411676055125537	G003940, G013823, G024670, G024673, G024679, G024692
GO:0002793	BP	e	positive regulation of peptide secretion	6/244	50/11561	0.0006069467069863116	7	6	0.0411676055125537	G004925, G006995, G008375, G009028, G010127, G015514
GO:0045761	BP	e	regulation of adenylate cyclase activity	6/244	50/11561	0.0006069467069863116	5	6	0.0411676055125537	G000876, G004925, G007815, G010112, G010127, G016135
GO:0104004	BP	e	cellular response to environmental stimulus	13/244	215/11561	0.0006406365191170437	3	13	0.042690369212507094	G001102, G005721, G006202, G010692, G014293, G014320, G019457, G019465, G021314, G022319, G022493, G024845, G027315
GO:0071214	BP	e	cellular response to abiotic stimulus	13/244	215/11561	0.0006406365191170437	4	13	0.042690369212507094	G001102, G005721, G006202, G010692, G014293, G014320, G019457, G019465, G021314, G022319, G022493, G024845, G027315
GO:0009581	BP	e	detection of external stimulus	11/244	163/11561	0.0006743769078517309	3	11	0.044154688698274575	G001102, G004038, G006949, G008763, G010692, G018418, G022493, G023176, G024845, G026989, G027010
GO:0035751	BP	e	regulation of lysosomal lumen pH	6/244	51/11561	0.0006759051581369116	8	6	0.044154688698274575	G003940, G013823, G024670, G024673, G024679, G024692
GO:0033273	BP	e	response to vitamin	5/244	34/11561	0.0006781106206404608	4	5	0.044154688698274575	G006995, G008375, G009028, G015514, G026853
GO:0086010	BP	e	membrane depolarization during action potential	3/244	9/11561	0.0007099830253892427	5	3	0.04545087963095742	G004925, G010127, G017401
GO:0086011	BP	e	membrane repolarization during action potential	3/244	9/11561	0.0007099830253892427	5	3	0.04545087963095742	G016039, G020665, G020669
GO:0071295	BP	e	cellular response to vitamin	4/244	20/11561	0.0007186598151423467	5	4	0.04549515885303911	G006995, G008375, G009028, G015514
GO:0015816	BP	e	glycine transport	4/244	20/11561	0.0007186598151423467	8	4	0.04549515885303911	G022767, G024626, G024644, G027668
GO:0048729	BP	e	tissue morphogenesis	12/244	191/11561	0.000735479170929969	3	12	0.04630268040191711	G006435, G006665, G006995, G008375, G009028, G013315, G015514, G021314, G021588, G023176, G026853, G026989
GO:0009582	BP	e	detection of abiotic stimulus	11/244	165/11561	0.000746481093852401	3	11	0.04673709925520939	G001102, G004038, G006949, G008763, G010692, G018418, G022493, G023176, G024845, G026989, G027010
GO:0051046	BP	e	regulation of secretion	16/244	305/11561	0.0007522964329331781	5	16	0.04684381340586647	G004581, G004925, G005707, G006995, G008343, G008375, G009028, G010127, G013027, G015514, G016102, G019457, G019465, G019976, G023671, G027064
GO:0035296	BP	e	regulation of tube diameter	7/244	72/11561	0.0007846895485149628	5	7	0.0483326346233946	G004925, G006995, G007815, G008375, G009028, G010127, G015514
GO:0097746	BP	e	blood vessel diameter maintenance	7/244	72/11561	0.0007846895485149628	6	7	0.0483326346233946	G004925, G006995, G007815, G008375, G009028, G010127, G015514
GO:0034764	BP	e	positive regulation of transmembrane transport	10/244	141/11561	0.0008025242500246346	6	10	0.049165396930272644	G003976, G004038, G004925, G006949, G007815, G010127, G013062, G013066, G024845, G028609
GO:0008152	BP	p	metabolic process	32/244	4134/11561	1.2054288536347742e-15	1	32	1.0566047528590961e-12	G000885, G002125, G003673, G004712, G006428, G006810, G007815, G012192, G012194, G012274, G012733, G012920, G013027, G013315, G016102, G016135, G016271, G016283, G018427, G018525, G019043, G019542, G019729, G021314, G021363, G021599, G023067, G023698, G024959, G025622, G027064, G027710
GO:0044238	BP	p	primary metabolic process	24/244	3580/11561	3.2346080742902728e-15	2	24	2.632739929038404e-12	G000885, G002125, G006428, G006810, G007815, G012192, G012194, G013027, G013315, G016102, G016271, G016283, G018427, G019043, G019542, G019729, G021314, G021363, G023067, G023698, G024959, G025622, G027064, G027710
GO:0071704	BP	p	organic substance metabolic process	31/244	3867/11561	1.1845967979601853e-13	2	31	8.998987008504207e-11	G000885, G002125, G003673, G004712, G006428, G006810, G007815, G012192, G012194, G012274, G012733, G012920, G013027, G013315, G016102, G016135, G016271, G016283, G018427, G018525, G019043, G019542, G019729, G021314, G021363, G023067, G023698, G024959, G025622, G027064, G027710
GO:0043170	BP	p	macromolecule metabolic process	20/244	2971/11561	3.6127960489885333e-12	3	20	1.9150841103372757e-09	G003673, G004712, G006810, G007815, G012192, G012194, G012733, G013027, G013315, G016102, G016135, G016271, G018525, G019542, G021314, G021363, G023067, G023698, G027064, G027710
GO:1901360	BP	p	organic cyclic compound metabolic process	8/244	1749/11561	2.029835712831565e-09	3	8	7.461283208940544e-07	G002125, G006810, G007815, G012920, G016271, G019542, G019729, G021363
GO:0006139	BP	p	nucleobase-containing compound metabolic process	6/244	1566/11561	2.1691876555927986e-09	4	6	7.724341667337481e-07	G006810, G007815, G016271, G019542, G019729, G021363
GO:0043412	BP	p	macromolecule modification	3/244	1277/11561	2.8265985708131014e-09	4	3	9.760330519519784e-07	G013027, G023698, G027710
GO:0036211	BP	p	protein modification process	3/244	1194/11561	1.4787939176851953e-08	5	3	4.680793525561889e-06	G013027, G023698, G027710
GO:0090304	BP	p	nucleic acid metabolic process	5/244	1304/11561	9.58616834875269e-08	5	5	2.6708065118787515e-05	G006810, G007815, G016271, G019542, G021363
GO:1901564	BP	p	organonitrogen compound metabolic process	17/244	2220/11561	9.60974699315742e-08	3	17	2.6708065118787515e-05	G000885, G004712, G012192, G012194, G012920, G013027, G013315, G016102, G016283, G018525, G019729, G021314, G023067, G023698, G025622, G027064, G027710
GO:0044237	BP	p	cellular metabolic process	14/244	1951/11561	2.3450239830358445e-07	2	14	5.1774805653667887e-05	G000885, G003673, G006428, G007815, G012192, G012194, G012733, G016135, G016283, G019729, G021599, G023698, G024959, G025622
GO:0019538	BP	p	protein metabolic process	10/244	1631/11561	3.521491206908769e-07	4	10	7.218079551689643e-05	G012192, G012194, G013027, G013315, G016102, G021314, G023067, G023698, G027064, G027710
GO:0006796	BP	p	phosphate-containing compound metabolic process	3/244	904/11561	5.6432023171022465e-06	4	3	0.0007962731402106659	G019729, G023698, G025622
GO:0006793	BP	p	phosphorus metabolic process	3/244	918/11561	5.872849239466458e-06	3	3	0.0008161111839478084	G019729, G023698, G025622
GO:0016070	BP	p	RNA metabolic process	2/244	662/11561	0.0001237526004068096	6	2	0.01192848925586415	G007815, G016271
GO:0016310	BP	p	phosphorylation	0/244	434/11561	0.0001256181404742166	5	0	0.01192848925586415	
GO:0006259	BP	p	DNA metabolic process	3/244	698/11561	0.0003320035772765698	6	3	0.026642118049764175	G006810, G019542, G021363
GO:0044281	BP	p	small molecule metabolic process	4/244	772/11561	0.00038766827597628455	2	4	0.029847837869930827	G002125, G006428, G016283, G019729
GO:0009056	BP	p	catabolic process	7/244	990/11561	0.0004576811911256508	2	7	0.03341628526454931	G004712, G016102, G016283, G018525, G021363, G021599, G027064
GO:0016071	BP	p	mRNA metabolic process	0/244	364/11561	0.000633796690653923	7	0	0.042690369212507094	
GO:0006468	BP	p	protein phosphorylation	0/244	374/11561	0.0006648846722352625	6	0	0.04404860953558614	
GO:0006325	BP	p	chromatin organization	0/244	378/11561	0.0006909889500928245	6	0	0.04473760844493031	
GO:0034702	CC	e	monoatomic ion channel complex	35/244	183/11561	5.9635430237581165e-24	4	35	1.0167840855507588e-20	G002536, G003976, G004038, G004581, G004925, G004941, G005687, G005688, G005690, G006947, G006949, G009295, G010127, G013062, G013066, G013223, G015391, G015392, G016039, G017401, G018279, G019647, G020437, G023073, G023077, G023176, G023419, G023671, G023672, G025237, G025944, G027007, G027755, G028604, G028609
GO:0008076	CC	e	voltage-gated potassium channel complex	23/244	68/11561	3.527216072010707e-22	7	23	3.0069517013891276e-19	G002536, G003976, G004038, G004581, G005687, G005688, G005690, G006947, G006949, G009295, G013062, G013066, G016039, G018279, G019647, G023073, G023077, G025237, G025944, G027007, G027755, G028604, G028609
GO:0034705	CC	e	potassium channel complex	23/244	71/11561	1.1024201530735665e-21	6	23	6.265421203301437e-19	G002536, G003976, G004038, G004581, G005687, G005688, G005690, G006947, G006949, G009295, G013062, G013066, G016039, G018279, G019647, G023073, G023077, G025237, G025944, G027007, G027755, G028604, G028609
GO:1902495	CC	e	transmembrane transporter complex	35/244	225/11561	7.689878039195477e-21	3	35	3.277810514207072e-18	G002536, G003976, G004038, G004581, G004925, G004941, G005687, G005688, G005690, G006947, G006949, G009295, G010127, G013062, G013066, G013223, G015391, G015392, G016039, G017401, G018279, G019647, G020437, G023073, G023077, G023176, G023419, G023671, G023672, G025237, G025944, G027007, G027755, G028604, G028609
GO:0034703	CC	e	cation channel complex	28/244	135/11561	2.5345172587256722e-20	5	28	8.642703852254542e-18	G002536, G003976, G004038, G004581, G004925, G004941, G005687, G005688, G005690, G006947, G006949, G009295, G010127, G013062, G013066, G016039, G017401, G018279, G019647, G023073, G023077, G023176, G025237, G025944, G027007, G027755, G028604, G028609
GO:0098590	CC	e	plasma membrane region	63/244	817/11561	3.322479553873373e-20	3	63	9.441379398923502e-18	G001189, G002296, G002536, G003673, G003976, G004038, G004581, G004925, G004987, G005707, G006665, G006949, G006995, G007815, G008343, G008375, G009028, G009206, G009645, G010127, G010146, G010692, G012637, G012733, G013062, G013066, G013223, G014293, G014320, G014486, G014907, G015391, G015392, G015514, G016039, G016135, G017431, G019085, G019608, G019647, G019976, G020437, G021314, G021500, G022166, G022319, G022521, G022618, G022903, G023037, G023176, G023419, G023671, G023672, G023698, G025627, G025944, G026989, G027315, G027755, G027874, G028604, G028609
GO:1990351	CC	e	transporter complex	35/244	237/11561	4.4303140917893805e-20	2	35	1.0790979323572706e-17	G002536, G003976, G004038, G004581, G004925, G004941, G005687, G005688, G005690, G006947, G006949, G009295, G010127, G013062, G013066, G013223, G015391, G015392, G016039, G017401, G018279, G019647, G020437, G023073, G023077, G023176, G023419, G023671, G023672, G025237, G025944, G027007, G027755, G028604, G028609
GO:0098797	CC	e	plasma membrane protein complex	37/244	297/11561	1.2706756955761786e-18	3	37	2.7081275761967306e-16	G002536, G003976, G004038, G004581, G004925, G004941, G005687, G005688, G005690, G006947, G006949, G009295, G010127, G013062, G013066, G013223, G013315, G014293, G014320, G016039, G017401, G018279, G019647, G020422, G021314, G022319, G023073, G023077, G023419, G023671, G023672, G025237, G025944, G027007, G027755, G028604, G028609
GO:0043005	CC	e	neuron projection	56/244	712/11561	2.715384387242098e-18	4	56	5.144144866941975e-16	G000859, G002536, G003673, G003976, G004038, G004581, G004654, G004925, G006949, G006995, G007815, G008046, G009028, G009295, G010127, G010692, G011218, G011864, G012733, G013028, G013062, G013066, G013223, G013315, G014293, G014320, G014486, G014907, G015391, G015392, G015514, G016039, G016102, G016135, G017401, G017431, G019457, G019465, G019647, G019976, G020437, G020945, G022319, G022618, G022993, G023077, G023419, G023671, G023672, G025944, G027007, G027315, G027710, G027755, G028604, G028609
GO:0045211	CC	e	postsynaptic membrane	25/244	144/11561	2.634021399704731e-16	5	25	4.4910064864965664e-14	G003673, G003976, G004038, G004581, G004925, G006949, G007815, G010127, G012733, G013062, G013066, G013223, G014320, G014486, G015391, G015392, G016039, G016135, G020437, G021314, G022521, G023419, G023671, G025627, G028609
GO:0097060	CC	e	synaptic membrane	34/244	294/11561	3.6310917227847834e-16	4	34	5.6281921703164145e-14	G003673, G003976, G004038, G004581, G004925, G004987, G006949, G007815, G008343, G010127, G012733, G013062, G013066, G013223, G014293, G014320, G014486, G015391, G015392, G016039, G016135, G017431, G019608, G020437, G021314, G021500, G022319, G022521, G023419, G023671, G023672, G023698, G025627, G028609
GO:0005886	CC	e	plasma membrane	101/244	2226/11561	7.985735096062162e-16	3	101	1.1346398615654988e-13	G000859, G000876, G001102, G001400, G001447, G002140, G002519, G002536, G003673, G003976, G004038, G004570, G004581, G004654, G004818, G004925, G005687, G005707, G005721, G006202, G006494, G006665, G006949, G006995, G007815, G007969, G008046, G008375, G008763, G009028, G009340, G009445, G010012, G010112, G010127, G010236, G010692, G010962, G011218, G012274, G012637, G012733, G012920, G013027, G013062, G013223, G013315, G014293, G014320, G014486, G014907, G015391, G015392, G015514, G015972, G015981, G016039, G016135, G017042, G017358, G017431, G018530, G019085, G019457, G019465, G019851, G019976, G020422, G020437, G020665, G020669, G021207, G021314, G021728, G022166, G022319, G022411, G022493, G022993, G023037, G023130, G023176, G023355, G023368, G023419, G023671, G023672, G024845, G024959, G025217, G025369, G025944, G026440, G026468, G026989, G027007, G027010, G027315, G027417, G028095, G028604
GO:0030424	CC	e	axon	32/244	321/11561	1.9486329362233168e-13	5	32	2.555707043277504e-11	G002536, G003673, G003976, G004581, G004925, G006949, G006995, G007815, G009028, G009295, G010127, G010692, G011864, G012733, G013062, G013066, G013315, G014320, G015391, G015392, G015514, G016135, G017401, G019647, G022618, G023077, G025944, G027315, G027710, G027755, G028604, G028609
GO:0016020	CC	e	membrane	157/244	4774/11561	3.069408758884228e-13	2	157	3.7381013813554345e-11	G000859, G000876, G000885, G001102, G001189, G001400, G001447, G002140, G002296, G002519, G002536, G003673, G003940, G003976, G003982, G004038, G004570, G004581, G004654, G004818, G004925, G004987, G005687, G005688, G005690, G005707, G005721, G006202, G006428, G006494, G006665, G006731, G006947, G006949, G006995, G007815, G007969, G007983, G008046, G008343, G008375, G008763, G009028, G009206, G009340, G009445, G009645, G010012, G010112, G010127, G010146, G010158, G010236, G010692, G010819, G010962, G011218, G012192, G012194, G012274, G012637, G012733, G012920, G013027, G013062, G013066, G013223, G013315, G013823, G014293, G014320, G014486, G014907, G015391, G015392, G015514, G015663, G015972, G015981, G016039, G016135, G016379, G017042, G017358, G017431, G018279, G018530, G018652, G019085, G019457, G019465, G019562, G019608, G019647, G019851, G019966, G019976, G020422, G020437, G020665, G020669, G021207, G021314, G021500, G021599, G021728, G022166, G022319, G022411, G022493, G022521, G022618, G022767, G022903, G022993, G023037, G023073, G023130, G023176, G023269, G023327, G023355, G023368, G023419, G023671, G023672, G023698, G024626, G024644, G024670, G024673, G024679, G024692, G024845, G024888, G024959, G025217, G025237, G025369, G025627, G025944, G026440, G026468, G026989, G027007, G027010, G027289, G027307, G027315, G027417, G027650, G027668, G027755, G027874, G028095, G028604, G028609
GO:0042995	CC	e	cell projection	64/244	1167/11561	3.2907876002408024e-13	2	64	3.740528572273712e-11	G000859, G002536, G003673, G003976, G004038, G004581, G004654, G004925, G005707, G006949, G006995, G007815, G008046, G008343, G009028, G009295, G010127, G010692, G010885, G011218, G011864, G012733, G013028, G013062, G013066, G013223, G013315, G014293, G014320, G014486, G014907, G015391, G015392, G015514, G016039, G016102, G016135, G017401, G017431, G019457, G019465, G019608, G019647, G019976, G020437, G020945, G021314, G022319, G022521, G022618, G022993, G023077, G023176, G023419, G023671, G023672, G025944, G027007, G027315, G027668, G027710, G027755, G028604, G028609
GO:0042734	CC	e	presynaptic membrane	20/244	123/11561	1.0323232196056935e-12	5	20	1.1000694308923172e-10	G003673, G003976, G004038, G004581, G004925, G006949, G008343, G010127, G012733, G013062, G013066, G014320, G016135, G017431, G021500, G022521, G023671, G023672, G023698, G028609
GO:0044306	CC	e	neuron projection terminus	17/244	86/11561	2.0411731961432657e-12	2	17	2.0471766467201573e-10	G001930, G003976, G004038, G004581, G006949, G006995, G008375, G009028, G009295, G013062, G013066, G015514, G017431, G022767, G024626, G024644, G028609
GO:0120025	CC	e	plasma membrane bounded cell projection	60/244	1109/11561	4.0536610532278576e-12	3	60	3.839717830974165e-10	G000859, G002536, G003673, G003976, G004038, G004581, G004654, G004925, G005707, G006949, G006995, G007815, G008046, G009028, G009295, G010127, G010692, G010885, G011218, G011864, G012733, G013028, G013062, G013066, G013223, G013315, G014293, G014320, G014486, G014907, G015391, G015392, G015514, G016039, G016102, G016135, G017401, G017431, G019457, G019465, G019647, G019976, G020437, G020945, G021314, G022319, G022618, G022993, G023077, G023176, G023419, G023671, G023672, G025944, G027007, G027315, G027710, G027755, G028604, G028609
GO:0044298	CC	e	cell body membrane	11/244	30/11561	1.1338194093901084e-11	2	11	1.0174537331632287e-09	G002536, G003976, G004581, G007815, G013062, G013066, G019647, G019976, G025944, G028604, G028609
GO:0098793	CC	e	presynapse	23/244	191/11561	1.2605839983178403e-11	2	23	1.074647858565959e-09	G001930, G003976, G004038, G004581, G006949, G006995, G007815, G008375, G009028, G009295, G013028, G013062, G013066, G014486, G015514, G017431, G019457, G019465, G022767, G024626, G024644, G027668, G028609
GO:0098796	CC	e	membrane protein complex	43/244	673/11561	4.801834198542067e-11	2	43	3.898632051673439e-09	G002536, G003976, G004038, G004581, G004925, G004941, G005687, G005688, G005690, G006947, G006949, G009295, G010127, G013062, G013066, G013223, G013315, G014293, G014320, G015391, G015392, G016039, G017401, G018279, G019647, G020422, G020437, G021314, G022319, G022411, G023073, G023077, G023176, G023419, G023671, G023672, G025237, G025944, G026504, G027007, G027755, G028604, G028609
GO:0043679	CC	e	axon terminus	14/244	68/11561	1.0730583437421965e-10	3	14	7.954628156871499e-09	G001930, G003976, G004038, G004581, G006949, G006995, G008375, G009028, G009295, G013062, G013066, G015514, G017431, G028609
GO:0032809	CC	e	neuronal cell body membrane	10/244	28/11561	1.3718525475445772e-10	3	10	9.745869139847933e-09	G002536, G003976, G004581, G007815, G013062, G013066, G019647, G025944, G028604, G028609
GO:0030425	CC	e	dendrite	26/244	294/11561	5.888752850922822e-10	5	26	4.016129444329364e-08	G004038, G004581, G004925, G006949, G007815, G008046, G009295, G010127, G010692, G011218, G013028, G013066, G013315, G014293, G014320, G014486, G015391, G015392, G016039, G016102, G017431, G022319, G022618, G027007, G027755, G028609
GO:0045202	CC	e	synapse	35/244	526/11561	1.3300653094437783e-09	3	35	8.722159048467853e-08	G002140, G003673, G004038, G004581, G004925, G004987, G006949, G007815, G008046, G010127, G011218, G012733, G013028, G013223, G014293, G014320, G014486, G015391, G015392, G016039, G016135, G017431, G019457, G019465, G020437, G021314, G021500, G022319, G022411, G023419, G023671, G023672, G023698, G027007, G027315
GO:0030054	CC	e	cell junction	46/244	857/11561	2.9277903144215403e-09	2	46	1.8488453652180468e-07	G001930, G002140, G002296, G003673, G004038, G004581, G004925, G004987, G006665, G006949, G007815, G008046, G009465, G009645, G010127, G010146, G011218, G011864, G012733, G013028, G013223, G014293, G014320, G014486, G015391, G015392, G016039, G016135, G017431, G019457, G019465, G020437, G021314, G021500, G022319, G022411, G022903, G023419, G023671, G023672, G023698, G026989, G027007, G027315, G027710, G027755
GO:0032590	CC	e	dendrite membrane	8/244	23/11561	1.309433152507669e-08	6	8	7.698563879398536e-07	G002536, G003976, G013062, G013066, G019647, G025944, G028604, G028609
GO:0032589	CC	e	neuron projection membrane	9/244	46/11561	3.9980242154537896e-07	5	9	2.004891555102562e-05	G002536, G003976, G013062, G013066, G019647, G025944, G027755, G028604, G028609
GO:0044305	CC	e	calyx of Held	7/244	25/11561	5.948313014374465e-07	4	7	2.8976781970024183e-05	G003976, G004038, G004581, G006949, G013062, G013066, G028609
GO:0098978	CC	e	glutamatergic synapse	20/244	268/11561	9.787683980286617e-07	4	20	4.635555885107967e-05	G003673, G004038, G004581, G004925, G006949, G007815, G010127, G012733, G014293, G014320, G015391, G015392, G016135, G017431, G021314, G021500, G022319, G022411, G023672, G023698
GO:0031253	CC	e	cell projection membrane	16/244	194/11561	3.4154564322161676e-06	4	16	0.00014931674915201452	G002536, G003976, G004581, G005707, G013062, G013066, G014907, G019647, G019976, G022166, G022618, G023037, G025944, G027755, G028604, G028609
GO:0043025	CC	e	neuronal cell body	18/244	252/11561	6.4176247602124725e-06	3	18	0.00027355125540405665	G001930, G004038, G004925, G006949, G006995, G008375, G009028, G010127, G013066, G013315, G014320, G015391, G015392, G015514, G016039, G019976, G027755, G028609
GO:0031256	CC	e	leading edge membrane	11/244	101/11561	8.807194273725605e-06	2	11	0.00034921549387679433	G002536, G003976, G004581, G005707, G013062, G013066, G019647, G025944, G027755, G028604, G028609
GO:0043204	CC	e	perikaryon	12/244	121/11561	9.125325841055192e-06	2	12	0.0003536063763408887	G004038, G004581, G004925, G006949, G010127, G010692, G020944, G020945, G023077, G027007, G027710, G027755
GO:0030673	CC	e	axolemma	5/244	16/11561	1.4516080213215887e-05	6	5	0.0005499981503007353	G003976, G013062, G013066, G027755, G028609
GO:0009986	CC	e	cell surface	17/244	251/11561	2.3280347492779886e-05	2	17	0.0008445317547912703	G003976, G004038, G004925, G006949, G006995, G008375, G009028, G010127, G013062, G013066, G015514, G018525, G019085, G019457, G019465, G027755, G028609
GO:0016323	CC	e	basolateral plasma membrane	12/244	137/11561	3.2183895673217234e-05	4	12	0.0011431987942257373	G001189, G006995, G008375, G009028, G009206, G012637, G015514, G019608, G019976, G021314, G023176, G027315
GO:0044224	CC	e	juxtaparanode region of axon	5/244	19/11561	3.66894318249334e-05	2	5	0.0012766424747247234	G004038, G004581, G006949, G023077, G027755
GO:0044297	CC	e	cell body	18/244	291/11561	4.477080874442251e-05	2	18	0.0015266845781848075	G001930, G004038, G004925, G006949, G006995, G008375, G009028, G010127, G013066, G013315, G014320, G015391, G015392, G015514, G016039, G019976, G027755, G028609
GO:0043235	CC	e	receptor complex	15/244	222/11561	7.272923525768975e-05	2	15	0.002431438159105118	G007815, G013223, G013315, G014293, G014320, G015391, G015392, G020422, G020437, G022319, G022521, G022618, G023419, G023671, G023672
GO:0038038	CC	e	G protein-coupled receptor homodimeric complex	4/244	14/11561	0.00016404417677867616	7	4	0.005179542989030423	G014293, G014320, G020422, G022319
GO:0005892	CC	e	acetylcholine-gated channel complex	4/244	14/11561	0.00016404417677867616	5	4	0.005179542989030423	G013223, G023419, G023671, G023672
GO:0098802	CC	e	plasma membrane signaling receptor complex	8/244	86/11561	0.00045089316332296817	4	8	0.013254704197683804	G013223, G014293, G014320, G020422, G022319, G023419, G023671, G023672
GO:0098839	CC	e	postsynaptic density membrane	7/244	66/11561	0.00046169495737177654	6	7	0.013342201734218287	G004925, G010127, G014293, G014320, G017431, G022319, G023672
GO:0097648	CC	e	G protein-coupled receptor complex	4/244	19/11561	0.0005845441152540756	5	4	0.016338487155872113	G014293, G014320, G020422, G022319
GO:0038037	CC	e	G protein-coupled receptor dimeric complex	4/244	19/11561	0.0005845441152540756	6	4	0.016338487155872113	G014293, G014320, G020422, G022319
GO:0099634	CC	e	postsynaptic specialization membrane	7/244	70/11561	0.0006617320072641964	5	7	0.0181976301997654	G004925, G010127, G014293, G014320, G017431, G022319, G023672
GO:0042383	CC	e	sarcolemma	7/244	72/11561	0.0007846895485149628	4	7	0.021236439368539868	G004925, G006665, G007815, G010127, G016039, G021314, G023176
GO:0033270	CC	e	paranode region of axon	3/244	10/11561	0.0009984951293386733	2	3	0.026191295315729814	G004038, G006949, G023077
GO:0043194	CC	e	axon initial segment	3/244	10/11561	0.0009984951293386733	2	3	0.026191295315729814	G004038, G004581, G006949
GO:0098982	CC	e	GABA-ergic synapse	5/244	38/11561	0.001142174993446444	4	5	0.029065796475017714	G015391, G015392, G016039, G021314, G021500
GO:1902711	CC	e	GABA-A receptor complex	3/244	11/11561	0.0013516108655724564	4	3	0.033398500373928094	G015391, G015392, G020437
GO:0044309	CC	e	neuron spine	8/244	104/11561	0.0015824588654546675	5	8	0.038001300923946595	G003673, G007815, G012733, G014320, G016039, G016135, G019457, G019465
GO:0043197	CC	e	dendritic spine	8/244	104/11561	0.0015824588654546675	6	8	0.038001300923946595	G003673, G007815, G012733, G014320, G016039, G016135, G019457, G019465
GO:0016324	CC	e	apical plasma membrane	12/244	212/11561	0.001807743351982684	4	12	0.04280836687681217	G004038, G006949, G006995, G007815, G008375, G009028, G015514, G019085, G019976, G022618, G023176, G027874
GO:0043229	CC	p	intracellular organelle	78/244	6056/11561	8.630708799089757e-11	3	78	6.688799319294562e-09	G000876, G001930, G002125, G002595, G003583, G003891, G003940, G004038, G004983, G005707, G005780, G006428, G006435, G006810, G006949, G006995, G007815, G007969, G008046, G008286, G008343, G008375, G009028, G009295, G009327, G009465, G010112, G011225, G011383, G011864, G012637, G012920, G012974, G013027, G013028, G013315, G013823, G014293, G014320, G015514, G016102, G016398, G018418, G019457, G019465, G019542, G019562, G020207, G020945, G021207, G021314, G021363, G021588, G021599, G022319, G022411, G022611, G022640, G022767, G022927, G023176, G023269, G023327, G023560, G024626, G024644, G024670, G024673, G024679, G024692, G024959, G025349, G025627, G026504, G026974, G027668, G027755, G028877
GO:0005654	CC	p	nucleoplasm	5/244	1412/11561	8.600835732109667e-09	2	5	5.23729461544535e-07	G005687, G005707, G009671, G020709, G021314
GO:0005829	CC	p	cytosol	15/244	2173/11561	1.711653770138236e-08	2	15	9.727898926952309e-07	G001930, G004038, G005707, G006949, G009295, G009671, G010885, G013028, G016102, G019085, G019729, G019976, G020709, G021207, G021314
GO:0043226	CC	p	organelle	93/244	6427/11561	3.4244724894566204e-08	2	93	1.8834598692011414e-06	G000876, G001930, G002125, G002595, G003583, G003673, G003891, G003940, G004038, G004925, G004983, G005707, G005780, G006428, G006435, G006810, G006949, G006995, G007815, G007969, G007983, G008046, G008286, G008343, G008375, G009028, G009295, G009327, G009465, G010112, G010127, G010146, G010885, G011225, G011383, G011864, G012637, G012733, G012920, G012974, G013027, G013028, G013315, G013823, G014293, G014320, G014907, G015514, G016039, G016102, G016135, G016398, G017431, G018418, G019085, G019457, G019465, G019542, G019562, G019976, G020207, G020945, G021207, G021314, G021363, G021588, G021599, G022319, G022411, G022611, G022640, G022767, G022903, G022927, G023176, G023269, G023327, G023560, G024626, G024644, G024670, G024673, G024679, G024692, G024959, G025349, G025627, G026504, G026853, G026974, G027668, G027755, G028877
GO:0043231	CC	p	intracellular membrane-bounded organelle	72/244	5380/11561	5.509626765698253e-08	4	72	2.9355980110986006e-06	G002125, G002595, G003583, G003891, G003940, G004038, G004983, G005707, G005780, G006428, G006435, G006810, G006949, G006995, G007815, G007969, G008046, G008286, G008375, G009028, G009295, G009327, G011225, G011383, G012637, G012920, G012974, G013027, G013028, G013315, G013823, G014293, G014320, G015514, G016102, G016398, G018418, G019457, G019465, G019542, G019562, G020207, G020945, G021207, G021314, G021363, G021588, G021599, G022319, G022411, G022611, G022640, G022767, G022927, G023176, G023269, G023327, G023560, G024626, G024644, G024670, G024673, G024679, G024692, G024959, G025349, G025627, G026504, G026974, G027668, G027755, G028877
GO:0043227	CC	p	membrane-bounded organelle	81/244	5782/11561	9.054317070374218e-08	3	81	4.678063819693346e-06	G002125, G002595, G003583, G003891, G003940, G004038, G004983, G005707, G005780, G006428, G006435, G006810, G006949, G006995, G007815, G007969, G007983, G008046, G008286, G008343, G008375, G009028, G009295, G009327, G010146, G010885, G011225, G011383, G012637, G012920, G012974, G013027, G013028, G013315, G013823, G014293, G014320, G014907, G015514, G016102, G016398, G018418, G019085, G019457, G019465, G019542, G019562, G019976, G020207, G020945, G021207, G021314, G021363, G021588, G021599, G022319, G022411, G022611, G022640, G022767, G022903, G022927, G023176, G023269, G023327, G023560, G024626, G024644, G024670, G024673, G024679, G024692, G024959, G025349, G025627, G026504, G026853, G026974, G027668, G027755, G028877
GO:0140513	CC	p	nuclear protein-containing complex	2/244	887/11561	1.1895684540579376e-06	2	2	5.48166003829401e-05	G005707, G023560
GO:1902494	CC	p	catalytic complex	5/244	1161/11561	1.3907341916049341e-06	2	5	6.240004728122138e-05	G005707, G010885, G019729, G026504, G027710
GO:0043228	CC	p	non-membrane-bounded organelle	12/244	1588/11561	8.253251829206983e-06	3	12	0.0003350427230666168	G000876, G001930, G005707, G008343, G009465, G010112, G011864, G016102, G019542, G021314, G023176, G024959
GO:0043232	CC	p	intracellular non-membrane-bounded organelle	12/244	1588/11561	8.253251829206983e-06	4	12	0.0003350427230666168	G000876, G001930, G005707, G008343, G009465, G010112, G011864, G016102, G019542, G021314, G023176, G024959
GO:0005634	CC	p	nucleus	39/244	3197/11561	1.7800115946611347e-05	5	39	0.0006597651671515727	G002595, G003583, G003891, G004983, G005707, G005780, G006435, G006810, G006995, G007815, G007969, G008286, G008375, G009028, G009295, G009327, G011383, G013028, G014293, G014320, G015514, G016398, G018418, G019542, G020207, G021207, G021314, G021363, G021588, G022319, G022611, G022640, G022927, G023560, G024959, G025349, G025627, G026504, G026974
GO:0005730	CC	p	nucleolus	0/244	463/11561	8.632400319820465e-05	5	0	0.002830431258710364	
GO:1990904	CC	p	ribonucleoprotein complex	1/244	543/11561	0.0001735000354639306	2	1	0.005378501099381849	G004515
GO:0005737	CC	p	cytoplasm	40/244	3061/11561	0.00022763064017133086	2	40	0.006930540026644985	G000859, G002296, G004515, G004925, G004987, G005707, G006428, G006810, G006995, G007815, G008046, G008375, G008745, G009028, G009645, G010127, G010146, G011383, G011398, G011864, G015514, G015972, G015981, G016102, G019557, G019559, G020944, G020945, G021314, G021588, G021599, G021728, G022903, G023269, G024845, G025627, G026974, G026989, G027710, G028877
GO:0140535	CC	p	intracellular protein-containing complex	2/244	603/11561	0.0003752615999018154	2	2	0.011224930312852549	G005707, G027710
GO:1990234	CC	p	transferase complex	2/244	548/11561	0.0011300276365480075	3	2	0.029065796475017714	G005707, G027710
GO:0005739	CC	p	mitochondrion	5/244	793/11561	0.001177474658834565	5	5	0.029523445489896077	G012920, G019562, G020945, G026504, G028877
GO:0015267	MF	e	channel activity	58/244	370/11561	1.0189105969873072e-34	4	58	2.6271329257043258e-31	G002519, G002536, G003940, G003976, G004038, G004581, G004925, G004941, G005687, G005688, G005690, G005721, G006202, G006947, G006949, G009295, G010127, G012637, G013062, G013066, G013223, G013823, G015391, G015392, G016039, G017401, G018279, G018652, G019457, G019465, G019647, G019976, G020437, G020665, G020669, G022166, G023037, G023073, G023077, G023130, G023176, G023419, G023671, G023672, G024670, G024673, G024679, G024692, G025217, G025237, G025369, G025944, G026468, G026989, G027007, G027315, G028604, G028609
GO:0022803	MF	e	passive transmembrane transporter activity	58/244	372/11561	1.384523281003597e-34	3	58	2.6271329257043258e-31	G002519, G002536, G003940, G003976, G004038, G004581, G004925, G004941, G005687, G005688, G005690, G005721, G006202, G006947, G006949, G009295, G010127, G012637, G013062, G013066, G013223, G013823, G015391, G015392, G016039, G017401, G018279, G018652, G019457, G019465, G019647, G019976, G020437, G020665, G020669, G022166, G023037, G023073, G023077, G023130, G023176, G023419, G023671, G023672, G024670, G024673, G024679, G024692, G025217, G025237, G025369, G025944, G026468, G026989, G027007, G027315, G028604, G028609
GO:0022836	MF	e	gated channel activity	47/244	238/11561	9.704663416563569e-33	5	47	1.2276399221952914e-29	G002519, G002536, G003976, G004038, G004581, G004925, G004941, G005687, G005688, G005690, G005721, G006202, G006947, G006949, G009295, G010127, G013062, G013066, G013223, G015391, G015392, G016039, G017401, G018279, G019457, G019465, G019647, G020437, G020665, G020669, G022166, G023037, G023073, G023077, G023130, G023176, G023419, G023671, G023672, G025217, G025237, G025369, G025944, G026468, G027007, G028604, G028609
GO:0005216	MF	e	monoatomic ion channel activity	54/244	343/11561	2.3298696151608436e-32	5	54	2.2104637973838506e-29	G002519, G002536, G003940, G003976, G004038, G004581, G004925, G004941, G005687, G005688, G005690, G005721, G006202, G006947, G006949, G009295, G010127, G013062, G013066, G013223, G013823, G015391, G015392, G016039, G017401, G018279, G018652, G019457, G019465, G019647, G020437, G020665, G020669, G022166, G023037, G023073, G023077, G023130, G023176, G023419, G023671, G023672, G024670, G024673, G024679, G024692, G025217, G025237, G025369, G025944, G026468, G027007, G028604, G028609
GO:0005267	MF	e	potassium channel activity	36/244	124/11561	1.5194259153287277e-31	7	36	1.1532442697345042e-28	G002536, G003940, G003976, G004038, G004581, G005687, G005688, G005690, G006947, G006949, G009295, G013062, G013066, G013823, G016039, G018279, G019647, G020665, G020669, G022166, G023037, G023073, G023077, G023176, G024670, G024673, G024679, G024692, G025217, G025237, G025369, G025944, G026468, G027007, G028604, G028609
GO:0005261	MF	e	monoatomic cation channel activity	50/244	298/11561	2.7747377379065475e-31	6	50	1.7550216192258913e-28	G002519, G002536, G003940, G003976, G004038, G004581, G004925, G004941, G005687, G005688, G005690, G005721, G006202, G006947, G006949, G009295, G010127, G013062, G013066, G013223, G013823, G016039, G017401, G018279, G018652, G019457, G019465, G019647, G020665, G020669, G022166, G023037, G023073, G023077, G023176, G023419, G023671, G023672, G024670, G024673, G024679, G024692, G025217, G025237, G025369, G025944, G026468, G027007, G028604, G028609
GO:0015079	MF	e	potassium ion transmembrane transporter activity	38/244	153/11561	1.8580666907565488e-30	6	38	1.007337584488729e-27	G002536, G003940, G003976, G004038, G004581, G005687, G005688, G005690, G006947, G006949, G009295, G013062, G013066, G013823, G016039, G018279, G019647, G019976, G020665, G020669, G022166, G023037, G023073, G023077, G023176, G024670, G024673, G024679, G024692, G025217, G025237, G025369, G025944, G026468, G027007, G027315, G028604, G028609
GO:0015075	MF	e	monoatomic ion transmembrane transporter activity	61/244	533/11561	1.1655875421874127e-28	3	61	5.52925590325154e-26	G002519, G002536, G003940, G003976, G004038, G004581, G004925, G004941, G005687, G005688, G005690, G005721, G006202, G006947, G006949, G009295, G010127, G012274, G013062, G013066, G013223, G013823, G015391, G015392, G016039, G017401, G018279, G018652, G019457, G019465, G019647, G019976, G020437, G020665, G020669, G022166, G022767, G023037, G023073, G023077, G023130, G023176, G023419, G023671, G023672, G024626, G024644, G024670, G024673, G024679, G024692, G025217, G025237, G025369, G025944, G026468, G027007, G027315, G027668, G028604, G028609
GO:0005249	MF	e	voltage-gated potassium channel activity	29/244	86/11561	1.1198772311515985e-27	9	29	4.503381665108556e-25	G002536, G003976, G004038, G004581, G005687, G005688, G005690, G006947, G006949, G013062, G013066, G016039, G018279, G019647, G020665, G020669, G022166, G023037, G023073, G023077, G023176, G025217, G025237, G025369, G025944, G026468, G027007, G028604, G028609
GO:0008324	MF	e	monoatomic cation transmembrane transporter activity	57/244	478/11561	1.1866618353382231e-27	4	57	4.503381665108556e-25	G002519, G002536, G003940, G003976, G004038, G004581, G004925, G004941, G005687, G005688, G005690, G005721, G006202, G006947, G006949, G009295, G010127, G012274, G013062, G013066, G013223, G013823, G016039, G017401, G018279, G018652, G019457, G019465, G019647, G019976, G020665, G020669, G022166, G022767, G023037, G023073, G023077, G023176, G023419, G023671, G023672, G024626, G024644, G024670, G024673, G024679, G024692, G025217, G025237, G025369, G025944, G026468, G027007, G027315, G027668, G028604, G028609
GO:0015318	MF	e	inorganic molecular entity transmembrane transporter activity	58/244	510/11561	4.698242184112523e-27	3	58	1.6208935535188204e-24	G002519, G002536, G003940, G003976, G004038, G004581, G004925, G004941, G005687, G005688, G005690, G005721, G006202, G006947, G006949, G009295, G010127, G012274, G012637, G013062, G013066, G013223, G013823, G015391, G015392, G016039, G017401, G018279, G018652, G019457, G019465, G019647, G019976, G020437, G020665, G020669, G022166, G022767, G023037, G023073, G023077, G023176, G024626, G024644, G024670, G024673, G024679, G024692, G025217, G025237, G025369, G025944, G026468, G027007, G027315, G027668, G028604, G028609
GO:0046873	MF	e	metal ion transmembrane transporter activity	50/244	379/11561	3.081693854957958e-26	5	50	9.745856816304543e-24	G002519, G002536, G003940, G003976, G004038, G004581, G004925, G004941, G005687, G005688, G005690, G005721, G006202, G006947, G006949, G009295, G010127, G012274, G013062, G013066, G013223, G013823, G016039, G017401, G018279, G018652, G019457, G019465, G019647, G019976, G020665, G020669, G022166, G023037, G023073, G023077, G023176, G024670, G024673, G024679, G024692, G025217, G025237, G025369, G025944, G026468, G027007, G027315, G028604, G028609
GO:0022890	MF	e	inorganic cation transmembrane transporter activity	54/244	452/11561	3.349701937707405e-26	4	54	9.778552964307386e-24	G002519, G002536, G003940, G003976, G004038, G004581, G004925, G004941, G005687, G005688, G005690, G005721, G006202, G006947, G006949, G009295, G010127, G012274, G013062, G013066, G013223, G013823, G016039, G017401, G018279, G018652, G019457, G019465, G019647, G019976, G020665, G020669, G022166, G022767, G023037, G023073, G023077, G023176, G024626, G024644, G024670, G024673, G024679, G024692, G025217, G025237, G025369, G025944, G026468, G027007, G027315, G027668, G028604, G028609
GO:0022832	MF	e	voltage-gated channel activity	34/244	154/11561	1.8314235206719398e-25	6	34	4.633501507300008e-23	G002536, G003976, G004038, G004581, G004925, G004941, G005687, G005688, G005690, G006947, G006949, G009295, G010127, G013062, G013066, G016039, G017401, G018279, G019647, G020665, G020669, G022166, G023037, G023073, G023077, G023176, G025217, G025237, G025369, G025944, G026468, G027007, G028604, G028609
GO:0005244	MF	e	voltage-gated monoatomic ion channel activity	34/244	154/11561	1.8314235206719398e-25	7	34	4.633501507300008e-23	G002536, G003976, G004038, G004581, G004925, G004941, G005687, G005688, G005690, G006947, G006949, G009295, G010127, G013062, G013066, G016039, G017401, G018279, G019647, G020665, G020669, G022166, G023037, G023073, G023077, G023176, G025217, G025237, G025369, G025944, G026468, G027007, G028604, G028609
GO:0022843	MF	e	voltage-gated monoatomic cation channel activity	32/244	132/11561	2.23950494555065e-25	8	32	5.311825792727949e-23	G002536, G003976, G004038, G004581, G004925, G004941, G005687, G005688, G005690, G006947, G006949, G010127, G013062, G013066, G016039, G018279, G019647, G020665, G020669, G022166, G023037, G023073, G023077, G023176, G025217, G025237, G025369, G025944, G026468, G027007, G028604, G028609
GO:0022857	MF	e	transmembrane transporter activity	68/244	852/11561	9.627641692464318e-23	2	68	2.1492294248765937e-20	G001189, G002519, G002536, G003940, G003976, G004038, G004581, G004925, G004941, G005687, G005688, G005690, G005721, G006202, G006947, G006949, G009206, G009295, G010127, G012274, G012637, G012920, G013062, G013066, G013223, G013823, G015391, G015392, G016039, G017401, G018279, G018652, G019457, G019465, G019647, G019976, G020437, G020665, G020669, G022166, G022767, G023037, G023073, G023077, G023130, G023176, G023355, G023419, G023671, G023672, G024626, G024644, G024670, G024673, G024679, G024692, G025217, G025237, G025369, G025944, G026468, G026989, G027007, G027315, G027668, G027874, G028604, G028609
GO:0005215	MF	e	transporter activity	69/244	894/11561	2.9216666201694536e-22	1	69	6.159847124190597e-20	G001189, G002125, G002519, G002536, G003940, G003976, G004038, G004581, G004925, G004941, G005687, G005688, G005690, G005721, G006202, G006947, G006949, G009206, G009295, G010127, G012274, G012637, G012920, G013062, G013066, G013223, G013823, G015391, G015392, G016039, G017401, G018279, G018652, G019457, G019465, G019647, G019976, G020437, G020665, G020669, G022166, G022767, G023037, G023073, G023077, G023130, G023176, G023355, G023419, G023671, G023672, G024626, G024644, G024670, G024673, G024679, G024692, G025217, G025237, G025369, G025944, G026468, G026989, G027007, G027315, G027668, G027874, G028604, G028609
GO:0004888	MF	e	transmembrane signaling receptor activity	51/244	631/11561	3.8163314391445896e-17	3	51	7.622619900817746e-15	G000859, G000876, G001102, G001400, G001447, G003673, G004654, G006494, G006995, G007815, G008046, G008375, G008763, G009028, G010112, G010236, G010692, G010962, G011218, G012733, G013223, G013315, G014293, G014320, G014486, G014907, G015391, G015392, G015514, G016135, G017042, G017431, G018530, G019085, G019851, G020422, G020437, G021207, G021728, G022319, G022493, G022993, G023368, G023419, G023671, G023672, G024845, G026440, G027010, G027417, G028095
GO:0004930	MF	e	G protein-coupled receptor activity	42/244	449/11561	2.0666086236838897e-16	4	42	3.9213898634401804e-14	G000859, G000876, G001102, G001400, G001447, G003673, G004654, G006494, G006995, G007815, G008046, G008375, G008763, G009028, G010112, G010236, G010692, G010962, G011218, G012733, G014293, G014320, G014486, G014907, G015514, G016135, G017042, G017431, G018530, G019085, G019851, G020422, G021728, G022319, G022493, G022993, G023368, G024845, G026440, G027010, G027417, G028095
GO:0005251	MF	e	delayed rectifier potassium channel activity	17/244	54/11561	4.4082469991168734e-16	10	17	7.966332076975493e-14	G002536, G003976, G004038, G004581, G005687, G006947, G006949, G013062, G013066, G018279, G019647, G023073, G023077, G025237, G025944, G028604, G028609
GO:0038023	MF	e	signaling receptor activity	51/244	701/11561	2.9833806544941692e-15	2	51	4.922578079915379e-13	G000859, G000876, G001102, G001400, G001447, G003673, G004654, G006494, G006995, G007815, G008046, G008375, G008763, G009028, G010112, G010236, G010692, G010962, G011218, G012733, G013223, G013315, G014293, G014320, G014486, G014907, G015391, G015392, G015514, G016135, G017042, G017431, G018530, G019085, G019851, G020422, G020437, G021207, G021728, G022319, G022493, G022993, G023368, G023419, G023671, G023672, G024845, G026440, G027010, G027417, G028095
GO:0060089	MF	e	molecular transducer activity	51/244	701/11561	2.9833806544941692e-15	1	51	4.922578079915379e-13	G000859, G000876, G001102, G001400, G001447, G003673, G004654, G006494, G006995, G007815, G008046, G008375, G008763, G009028, G010112, G010236, G010692, G010962, G011218, G012733, G013223, G013315, G014293, G014320, G014486, G014907, G015391, G015392, G015514, G016135, G017042, G017431, G018530, G019085, G019851, G020422, G020437, G021207, G021728, G022319, G022493, G022993, G023368, G023419, G023671, G023672, G024845, G026440, G027010, G027417, G028095
GO:0015276	MF	e	ligand-gated monoatomic ion channel activity	17/244	112/11561	1.691429729736331e-10	7	17	2.468836855518991e-08	G002519, G005721, G006202, G013223, G015391, G015392, G019457, G019465, G020437, G020665, G020669, G023130, G023419, G023671, G023672, G025217, G025369
GO:0022834	MF	e	ligand-gated channel activity	17/244	112/11561	1.691429729736331e-10	6	17	2.468836855518991e-08	G002519, G005721, G006202, G013223, G015391, G015392, G019457, G019465, G020437, G020665, G020669, G023130, G023419, G023671, G023672, G025217, G025369
GO:0030594	MF	e	neurotransmitter receptor activity	14/244	77/11561	6.178104249689836e-10	3	14	8.683668750952936e-08	G008046, G011218, G013223, G014293, G014320, G014486, G015391, G015392, G017431, G020437, G022319, G023419, G023671, G023672
GO:0044325	MF	e	transmembrane transporter binding	14/244	84/11561	2.04713313061806e-09	3	14	2.774596510962692e-07	G003976, G004925, G005687, G006995, G008343, G008375, G009028, G009295, G010127, G013062, G013066, G015514, G016039, G028609
GO:0098960	MF	e	postsynaptic neurotransmitter receptor activity	12/244	67/11561	1.2798494984344152e-08	4	12	1.6748375332960708e-06	G013223, G014293, G014320, G014486, G015391, G015392, G017431, G020437, G022319, G023419, G023671, G023672
GO:0099508	MF	e	voltage-gated monoatomic ion channel activity involved in regulation of presynaptic membrane potential	7/244	16/11561	1.6654536187860394e-08	8	7	2.10679882776434e-06	G003976, G004038, G004581, G006949, G013062, G013066, G028609
GO:0022841	MF	e	potassium ion leak channel activity	9/244	33/11561	1.7780417690366833e-08	8	9	2.176667262417488e-06	G003940, G013823, G022166, G023037, G024670, G024673, G024679, G024692, G026468
GO:0099094	MF	e	ligand-gated monoatomic cation channel activity	13/244	84/11561	1.9840606113207785e-08	8	13	2.352971881238236e-06	G002519, G005721, G006202, G013223, G019457, G019465, G020665, G020669, G023419, G023671, G023672, G025217, G025369
GO:0022840	MF	e	leak channel activity	9/244	34/11561	2.3739884116170677e-08	6	9	2.6497900064961097e-06	G003940, G013823, G022166, G023037, G024670, G024673, G024679, G024692, G026468
GO:0022842	MF	e	narrow pore channel activity	9/244	34/11561	2.3739884116170677e-08	5	9	2.6497900064961097e-06	G003940, G013823, G022166, G023037, G024670, G024673, G024679, G024692, G026468
GO:0005272	MF	e	sodium channel activity	9/244	40/11561	1.1081299799057452e-07	7	9	1.136581965876298e-05	G002519, G005721, G006202, G017401, G019457, G019465, G023176, G025217, G025369
GO:0008227	MF	e	G protein-coupled amine receptor activity	11/244	69/11561	1.8310377073359036e-07	5	11	1.8286284471946722e-05	G001447, G007815, G008046, G010962, G011218, G014486, G017431, G018530, G023368, G027417, G028095
GO:0015271	MF	e	outward rectifier potassium channel activity	7/244	22/11561	2.227762418541914e-07	10	7	2.1677841995811703e-05	G004581, G016039, G022166, G023037, G023176, G026468, G027007
GO:0099529	MF	e	neurotransmitter receptor activity involved in regulation of postsynaptic membrane potential	8/244	33/11561	3.088852014119238e-07	5	8	2.859071559410368e-05	G013223, G015391, G015392, G017431, G020437, G023419, G023671, G023672
GO:0015081	MF	e	sodium ion transmembrane transporter activity	11/244	78/11561	6.606328871284405e-07	6	11	5.969290015839123e-05	G002519, G005721, G006202, G012274, G017401, G019457, G019465, G019976, G023176, G025217, G025369
GO:0005230	MF	e	extracellular ligand-gated monoatomic ion channel activity	8/244	38/11561	9.931237016011397e-07	8	8	8.764894064130989e-05	G013223, G015391, G015392, G020437, G023130, G023419, G023671, G023672
GO:0005231	MF	e	excitatory extracellular ligand-gated monoatomic ion channel activity	7/244	29/11561	1.7969533043595557e-06	9	7	0.0001549872225010117	G013223, G015391, G015392, G020437, G023419, G023671, G023672
GO:1904315	MF	e	transmitter-gated monoatomic ion channel activity involved in regulation of postsynaptic membrane potential	7/244	30/11561	2.3019914874837e-06	10	7	0.00019413461544445874	G013223, G015391, G015392, G020437, G023419, G023671, G023672
GO:1905030	MF	e	voltage-gated monoatomic ion channel activity involved in regulation of postsynaptic membrane potential	5/244	12/11561	2.8208532811588223e-06	8	5	0.00023272039569560284	G004038, G004581, G004925, G006949, G010127
GO:0022824	MF	e	transmitter-gated monoatomic ion channel activity	7/244	35/11561	6.949054977182065e-06	9	7	0.0005494096591334571	G013223, G015391, G015392, G020437, G023419, G023671, G023672
GO:0022835	MF	e	transmitter-gated channel activity	7/244	35/11561	6.949054977182065e-06	7	7	0.0005494096591334571	G013223, G015391, G015392, G020437, G023419, G023671, G023672
GO:0015252	MF	e	proton channel activity	7/244	39/11561	1.4791031822598255e-05	7	7	0.00105909369371246	G002519, G003940, G013823, G024670, G024673, G024679, G024692
GO:0050543	MF	e	icosatetraenoic acid binding	6/244	27/11561	1.6958496755854858e-05	9	6	0.0011492409855083784	G003940, G013823, G024670, G024673, G024679, G024692
GO:0050544	MF	e	arachidonic acid binding	6/244	27/11561	1.6958496755854858e-05	10	6	0.0011492409855083784	G003940, G013823, G024670, G024673, G024679, G024692
GO:0050542	MF	e	icosanoid binding	6/244	27/11561	1.6958496755854858e-05	6	6	0.0011492409855083784	G003940, G013823, G024670, G024673, G024679, G024692
GO:0005504	MF	e	fatty acid binding	7/244	42/11561	2.4581854518294724e-05	7	7	0.0015811548796089573	G003940, G012974, G013823, G024670, G024673, G024679, G024692
GO:0015078	MF	e	proton transmembrane transporter activity	11/244	113/11561	2.5790247390417897e-05	5	11	0.0016044916204366545	G002519, G003940, G013823, G022767, G024626, G024644, G024670, G024673, G024679, G024692, G027668
GO:0036041	MF	e	long-chain fatty acid binding	6/244	29/11561	2.6267963086375767e-05	8	6	0.001607853546980581	G003940, G013823, G024670, G024673, G024679, G024692
GO:0140799	MF	e	glycine:proton antiporter activity	4/244	11/11561	5.685316594289375e-05	7	4	0.0032202651455713696	G022767, G024626, G024644, G027668
GO:0140800	MF	e	gamma-aminobutyric acid:proton antiporter activity	4/244	11/11561	5.685316594289375e-05	7	4	0.0032202651455713696	G022767, G024626, G024644, G027668
GO:0015280	MF	e	ligand-gated sodium channel activity	5/244	21/11561	6.202628062537441e-05	9	5	0.003461613749607293	G002519, G005721, G006202, G019457, G019465
GO:0140848	MF	e	amino acid:monoatomic cation antiporter activity	4/244	12/11561	8.386932227188956e-05	6	4	0.004602075913510366	G022767, G024626, G024644, G027668
GO:0033293	MF	e	monocarboxylic acid binding	7/244	51/11561	8.975832330779821e-05	6	7	0.00479764559088865	G003940, G012974, G013823, G024670, G024673, G024679, G024692
GO:0098988	MF	e	G protein-coupled glutamate receptor activity	7/244	53/11561	0.00011529737639341495	5	7	0.005912885721797429	G003673, G012733, G014293, G014320, G016135, G020422, G022319
GO:0001640	MF	e	adenylate cyclase inhibiting G protein-coupled glutamate receptor activity	7/244	53/11561	0.00011529737639341495	6	7	0.005912885721797429	G003673, G012733, G014293, G014320, G016135, G020422, G022319
GO:0015185	MF	e	gamma-aminobutyric acid transmembrane transporter activity	4/244	14/11561	0.00016404417677867616	6	4	0.00808503442694904	G022767, G024626, G024644, G027668
GO:0022848	MF	e	acetylcholine-gated monoatomic cation-selective channel activity	4/244	14/11561	0.00016404417677867616	11	4	0.00808503442694904	G013223, G023419, G023671, G023672
GO:0160128	MF	e	pH-gated monoatomic ion channel activity	4/244	15/11561	0.00022000422419387382	8	4	0.01043645038519689	G005721, G006202, G019457, G019465
GO:0008066	MF	e	glutamate receptor activity	7/244	60/11561	0.00025486315105475267	4	7	0.01194081059571341	G003673, G012733, G014293, G014320, G016135, G020422, G022319
GO:0005509	MF	e	calcium ion binding	25/244	537/11561	0.0002772248705150229	6	25	0.012377275101229549	G001880, G002296, G006995, G008375, G009028, G009295, G009645, G010146, G010885, G011724, G013028, G013315, G015514, G018131, G018206, G018652, G019608, G020992, G021000, G021314, G021617, G021728, G022618, G022903, G023176
GO:0015355	MF	e	secondary active monocarboxylate transmembrane transporter activity	4/244	16/11561	0.00028850027219300763	6	4	0.012730913174098418	G022767, G024626, G024644, G027668
GO:0099528	MF	e	G protein-coupled neurotransmitter receptor activity	5/244	29/11561	0.00031536376274242606	5	5	0.013756384823074792	G014293, G014320, G014486, G017431, G022319
GO:0004993	MF	e	G protein-coupled serotonin receptor activity	4/244	17/11561	0.00037105059475053755	6	4	0.01600155689861693	G008046, G011218, G014486, G017431
GO:0005222	MF	e	intracellularly cAMP-activated cation channel activity	2/244	2/11561	0.0004436524300616572	10	2	0.018707344134266547	G025217, G025369
GO:0005250	MF	e	A-type (transient outward) potassium channel activity	2/244	2/11561	0.0004436524300616572	11	2	0.018707344134266547	G016039, G027007
GO:0015187	MF	e	glycine transmembrane transporter activity	4/244	20/11561	0.0007186598151423467	6	4	0.029644717374621803	G022767, G024626, G024644, G027668
GO:0015108	MF	e	chloride transmembrane transporter activity	5/244	36/11561	0.0008877532345625442	5	5	0.03546340552805111	G015391, G015392, G019976, G020437, G027315
GO:0015294	MF	e	solute:monoatomic cation symporter activity	6/244	54/11561	0.0009196266307657819	6	6	0.03635399024745982	G012274, G019976, G022767, G024626, G024644, G027315
GO:0030552	MF	e	cAMP binding	3/244	10/11561	0.0009984951293386733	8	3	0.03827564662464915	G006665, G025217, G025369
GO:0015495	MF	e	gamma-aminobutyric acid:proton symporter activity	3/244	10/11561	0.0009984951293386733	9	3	0.03827564662464915	G022767, G024626, G024644
GO:0019894	MF	e	kinesin binding	5/244	37/11561	0.001009024320657994	4	5	0.03829247296897087	G003976, G004581, G013062, G013066, G028609
GO:0015464	MF	e	acetylcholine receptor activity	4/244	22/11561	0.001049665417164166	5	4	0.03944039859542584	G014486, G017431, G023419, G023672
GO:0000981	MF	e	DNA-binding transcription factor activity, RNA polymerase II-specific	15/244	286/11561	0.001097528581087977	3	15	0.04083451926694973	G002595, G003891, G005780, G006435, G007969, G008286, G009295, G011383, G016398, G018418, G020207, G021588, G022640, G022927, G023560
GO:0015379	MF	e	potassium:chloride symporter activity	2/244	3/11561	0.0013123806160203336	9	2	0.04654658353081463	G019976, G027315
GO:0005221	MF	e	intracellularly cyclic nucleotide-activated monoatomic cation channel activity	2/244	3/11561	0.0013123806160203336	9	2	0.04654658353081463	G025217, G025369
GO:0031718	MF	e	type 1 cannabinoid receptor binding	2/244	3/11561	0.0013123806160203336	6	2	0.04654658353081463	G015972, G015981
GO:0043855	MF	e	cyclic nucleotide-activated monoatomic ion channel activity	2/244	3/11561	0.0013123806160203336	8	2	0.04654658353081463	G025217, G025369
GO:0031717	MF	e	cannabinoid receptor binding	2/244	3/11561	0.0013123806160203336	5	2	0.04654658353081463	G015972, G015981
GO:0003700	MF	e	DNA-binding transcription factor activity	16/244	322/11561	0.0013323668457272553	2	16	0.046817890551249394	G002595, G003891, G005780, G006435, G007969, G008286, G009295, G011383, G016398, G018418, G020207, G021363, G021588, G022640, G022927, G023560
GO:0003824	MF	p	catalytic activity	41/244	4457/11561	1.0043630546704802e-13	1	41	1.5881490801976967e-11	G000885, G003583, G004712, G004818, G005197, G006428, G006731, G008375, G010236, G011398, G012109, G012113, G012192, G012194, G013027, G013315, G015571, G015573, G016102, G016283, G016747, G016933, G018427, G018524, G018525, G019043, G019542, G019557, G019559, G019562, G019729, G020709, G021207, G021617, G023067, G023327, G023698, G024959, G027064, G027650, G027754
GO:0016740	MF	p	transferase activity	12/244	1903/11561	3.903259901036251e-08	2	12	4.2322489498378785e-06	G000885, G003583, G006731, G012192, G012194, G013315, G016102, G016933, G018427, G020709, G021207, G023327
GO:0003723	MF	p	RNA binding	1/244	911/11561	5.564584419059939e-08	4	1	5.8659994084256855e-06	G008745
GO:0097159	MF	p	organic cyclic compound binding	48/244	4007/11561	2.7024078850758366e-07	2	48	2.5639094809657e-05	G002125, G002595, G003583, G003891, G004818, G004983, G005707, G005780, G006428, G006435, G006665, G006810, G007184, G007815, G007969, G008046, G008286, G008745, G009295, G010885, G011383, G011398, G012920, G012974, G013027, G013315, G016398, G017358, G018418, G019542, G019557, G019559, G020207, G020422, G020944, G020945, G021207, G021363, G021588, G022411, G022611, G022640, G022927, G023560, G025217, G025349, G025369, G028877
GO:0035639	MF	p	purine ribonucleoside triphosphate binding	11/244	1528/11561	8.510144981619182e-06	5	11	0.0006548200004854771	G004818, G005707, G010885, G013027, G013315, G017358, G019542, G019557, G019559, G021207, G022411
GO:0016772	MF	p	transferase activity, transferring phosphorus-containing groups	2/244	797/11561	8.627404485974665e-06	3	2	0.0006548200004854771	G013315, G021207
GO:0005524	MF	p	ATP binding	8/244	1284/11561	1.168532497209928e-05	8	8	0.0008695256523356228	G005707, G010885, G013315, G017358, G019542, G019557, G021207, G022411
GO:0003676	MF	p	nucleic acid binding	24/244	2360/11561	1.2196120545560479e-05	3	24	0.0008900822590461926	G002595, G003583, G003891, G004983, G005780, G006435, G006810, G007184, G007969, G008286, G008745, G009295, G011383, G016398, G018418, G019542, G020207, G021363, G021588, G022611, G022640, G022927, G023560, G025349
GO:1901265	MF	p	nucleoside phosphate binding	15/244	1744/11561	1.8402412753088257e-05	3	15	0.0012040889034132746	G004818, G005707, G006665, G010885, G011398, G013027, G013315, G017358, G019542, G019557, G019559, G021207, G022411, G025217, G025369
GO:0000166	MF	p	nucleotide binding	15/244	1744/11561	1.8402412753088257e-05	4	15	0.0012040889034132746	G004818, G005707, G006665, G010885, G011398, G013027, G013315, G017358, G019542, G019557, G019559, G021207, G022411, G025217, G025369
GO:0140640	MF	p	catalytic activity, acting on a nucleic acid	1/244	645/11561	2.5774281994428704e-05	2	1	0.0016044916204366545	G019542
GO:1901363	MF	p	heterocyclic compound binding	17/244	1853/11561	2.8807007586612223e-05	3	17	0.001735279266526879	G004818, G005707, G006665, G008046, G010885, G011398, G013027, G013315, G017358, G019542, G019557, G019559, G021207, G022411, G023671, G025217, G025369
GO:0097367	MF	p	carbohydrate derivative binding	16/244	1766/11561	4.365517896818364e-05	2	16	0.002588615690379014	G004818, G005707, G006665, G010885, G013027, G013315, G017358, G018525, G019542, G019557, G019559, G021207, G022411, G025217, G025369, G026853
GO:0017076	MF	p	purine nucleotide binding	14/244	1627/11561	5.247359091883532e-05	5	14	0.003063650423645847	G004818, G005707, G006665, G010885, G013027, G013315, G017358, G019542, G019557, G019559, G021207, G022411, G025217, G025369
GO:0030554	MF	p	adenyl nucleotide binding	11/244	1381/11561	8.488677574327421e-05	6	11	0.004602075913510366	G005707, G006665, G010885, G013315, G017358, G019542, G019557, G021207, G022411, G025217, G025369
GO:0032553	MF	p	ribonucleotide binding	14/244	1574/11561	9.578560332224236e-05	5	14	0.005048699508443191	G004818, G005707, G006665, G010885, G013027, G013315, G017358, G019542, G019557, G019559, G021207, G022411, G025217, G025369
GO:0032555	MF	p	purine ribonucleotide binding	14/244	1557/11561	0.0001305037328082642	6	14	0.006603488880098169	G004818, G005707, G006665, G010885, G013027, G013315, G017358, G019542, G019557, G019559, G021207, G022411, G025217, G025369
GO:0140096	MF	p	catalytic activity, acting on a protein	18/244	1787/11561	0.00021508078604677512	2	18	0.01043645038519689	G003583, G005197, G010236, G013315, G015571, G015573, G016102, G016747, G016933, G018524, G020709, G021207, G021617, G023067, G023698, G027064, G027650, G027754
GO:0032559	MF	p	adenyl ribonucleotide binding	11/244	1311/11561	0.0002186924824657684	7	11	0.01043645038519689	G005707, G006665, G010885, G013315, G017358, G019542, G019557, G021207, G022411, G025217, G025369
GO:0016462	MF	p	pyrophosphatase activity	2/244	626/11561	0.0002629996705418223	5	2	0.012148569765779348	G004818, G013027
GO:0016818	MF	p	hydrolase activity, acting on acid anhydrides, in phosphorus-containing anhydrides	2/244	629/11561	0.00026721885225345883	4	2	0.012148569765779348	G004818, G013027
GO:0016817	MF	p	hydrolase activity, acting on acid anhydrides	2/244	630/11561	0.000268901148965867	3	2	0.012148569765779348	G004818, G013027
GO:0016787	MF	p	hydrolase activity	22/244	1934/11561	0.0006733665119226422	2	22	0.028081603436773926	G004712, G004818, G005197, G008375, G010236, G012109, G013027, G015571, G015573, G016747, G018524, G018525, G019043, G019557, G019559, G021617, G023067, G023327, G023698, G027064, G027650, G027754
GO:0016301	MF	p	kinase activity	2/244	559/11561	0.0007756129080065013	4	2	0.03165001060091046	G013315, G021207
GO:0017111	MF	p	ribonucleoside triphosphate phosphatase activity	2/244	570/11561	0.000795905339344859	6	2	0.032132561306529146	G004818, G013027
GO:0016887	MF	p	ATP hydrolysis activity	0/244	353/11561	0.0009746356223864572	7	0	0.03813136275212995	
GO:0140098	MF	p	catalytic activity, acting on RNA	0/244	325/11561	0.0014164706871791972	3	0	0.0493165711728904	
