# GO	NS	enrichment	name	ratio_in_study	ratio_in_pop	p_uncorrected	depth	study_count	p_fdr_bh	study_items
GO:0071824	BP	e	protein-DNA complex organization	161/2037	401/11561	2.530371190013769e-27	5	161	2.88335797102069e-23	G001115, G001200, G001335, G001394, G002107, G002270, G002324, G002591, G003109, G003423, G003548, G003549, G003700, G003730, G003814, G003826, G003973, G004113, G004114, G004176, G004259, G004403, G004504, G004564, G004567, G005473, G005846, G005979, G006004, G006182, G006256, G006271, G006274, G006730, G006768, G006811, G006980, G007819, G008039, G008870, G008970, G008980, G009338, G009397, G009682, G009991, G010049, G010125, G010131, G010493, G010662, G010698, G011120, G011181, G011296, G011310, G011614, G011691, G011842, G011847, G011919, G012008, G012186, G012568, G012589, G013038, G013190, G013211, G013230, G014412, G014688, G014710, G014727, G014884, G016168, G016383, G016386, G016458, G016675, G016676, G016682, G016688, G016819, G016935, G017027, G017480, G017607, G017621, G017780, G017907, G017972, G018129, G018234, G018302, G018352, G018358, G018392, G018421, G018475, G018659, G018931, G019225, G019432, G019434, G019519, G019554, G019718, G019739, G019960, G020247, G020402, G020443, G020501, G020520, G020765, G020830, G020982, G021197, G021490, G021520, G021940, G022233, G022251, G022280, G022282, G022557, G022797, G022844, G023001, G023038, G023345, G023694, G024505, G024507, G024597, G024814, G024938, G025384, G025637, G025642, G025721, G026157, G026228, G026322, G026351, G026450, G026474, G026503, G026536, G026703, G026734, G026754, G026858, G027009, G027633, G027728, G027766, G027909, G027913, G027919, G028274
GO:0006325	BP	e	chromatin organization	149/2037	378/11561	2.3355016775346373e-24	6	149	1.3306520807753596e-20	G001115, G001200, G001335, G001394, G002107, G002270, G002324, G002591, G003109, G003548, G003549, G003700, G003730, G003814, G003826, G004113, G004114, G004176, G004259, G004403, G004504, G004564, G004567, G005473, G005846, G005979, G006004, G006182, G006256, G006271, G006274, G006730, G006980, G007819, G008039, G008970, G008980, G009338, G009397, G009682, G009991, G010049, G010125, G010131, G010493, G010662, G010698, G011120, G011181, G011296, G011310, G011614, G011691, G011842, G011847, G011919, G012008, G012186, G012568, G012589, G013038, G013190, G013211, G013230, G014412, G014688, G014710, G014727, G014884, G016168, G016383, G016386, G016458, G016675, G016676, G016682, G016688, G016819, G016935, G017480, G017607, G017621, G017780, G017907, G017972, G018129, G018302, G018352, G018358, G018392, G018421, G018475, G018659, G018931, G019225, G019432, G019434, G019519, G019554, G019718, G019739, G019960, G020247, G020402, G020443, G020501, G020520, G020765, G020830, G020982, G021197, G021940, G022233, G022251, G022280, G022282, G022557, G022797, G022844, G023001, G023038, G023345, G023694, G024505, G024507, G024597, G024814, G024938, G025384, G025637, G025642, G025721, G026157, G026228, G026322, G026351, G026474, G026503, G026536, G026703, G026734, G026754, G026858, G027009, G027728, G027766, G027909, G027913, G028274
GO:0006139	BP	e	nucleobase-containing compound metabolic process	413/2037	1566/11561	9.91731321531833e-21	4	413	3.766926136285079e-17	G000002, G000009, G000576, G000577, G000755, G000843, G000942, G000944, G000993, G001037, G001130, G001200, G001233, G001261, G001266, G001354, G001371, G001472, G001520, G001565, G001678, G001735, G001757, G001871, G002052, G002107, G002324, G002339, G002457, G002458, G002485, G002552, G003311, G003417, G003521, G003647, G003700, G003755, G003782, G003815, G003826, G003973, G004056, G004133, G004176, G004282, G004311, G004343, G004435, G004455, G004504, G004848, G005092, G005134, G005189, G005215, G005329, G005387, G005471, G005473, G005485, G005679, G005763, G005764, G005825, G005846, G005860, G005910, G005941, G005981, G006004, G006086, G006260, G006271, G006274, G006339, G006406, G006441, G006588, G006725, G006730, G006768, G006811, G006834, G007007, G007050, G007095, G007133, G007270, G007410, G007553, G007590, G007609, G007617, G007619, G007758, G007819, G007992, G008023, G008146, G008215, G008241, G008293, G008376, G008415, G008518, G008600, G008685, G008698, G008753, G008870, G008903, G009020, G009027, G009073, G009325, G009338, G009401, G009414, G009464, G009535, G009617, G009682, G009786, G009869, G010049, G010063, G010103, G010578, G010662, G010673, G010794, G010974, G010989, G011052, G011105, G011120, G011148, G011197, G011296, G011381, G011523, G011538, G011595, G011629, G011691, G011867, G012016, G012019, G012059, G012072, G012107, G012116, G012411, G012449, G012598, G012617, G012668, G012787, G013001, G013032, G013038, G013230, G013263, G013265, G013287, G013444, G013445, G013450, G013598, G013862, G013946, G014040, G014064, G014095, G014213, G014326, G014364, G014377, G014445, G014449, G014629, G014660, G014664, G014682, G014683, G014697, G014732, G014752, G014807, G015369, G015443, G015461, G015510, G015744, G015815, G016205, G016220, G016258, G016271, G016359, G016414, G016436, G016437, G016443, G016500, G016579, G016583, G016655, G016657, G016675, G016676, G016680, G016682, G016688, G016750, G016819, G016838, G016856, G016935, G016944, G017027, G017098, G017109, G017191, G017206, G017272, G017314, G017422, G017464, G017527, G017545, G017571, G017607, G017621, G017709, G017907, G017983, G018143, G018144, G018227, G018234, G018280, G018290, G018295, G018302, G018352, G018363, G018369, G018392, G018420, G018421, G018422, G018462, G018513, G018657, G018853, G018891, G019044, G019051, G019194, G019225, G019382, G019620, G019622, G019718, G019739, G019751, G019788, G019960, G020089, G020123, G020153, G020160, G020175, G020223, G020402, G020406, G020464, G020515, G020520, G020540, G020563, G020702, G020711, G020828, G020831, G021040, G021062, G021069, G021166, G021327, G021358, G021462, G021465, G021487, G021490, G021520, G021661, G021785, G021841, G021940, G022040, G022119, G022136, G022254, G022268, G022282, G022296, G022347, G022376, G022458, G022459, G022468, G022495, G022533, G022553, G022580, G022660, G022768, G022801, G022811, G022929, G023164, G023253, G023258, G023348, G023658, G023706, G023900, G023918, G024074, G024107, G024116, G024170, G024355, G024403, G024429, G024464, G024470, G024771, G024781, G024814, G024842, G025013, G025075, G025147, G025214, G025239, G025272, G025352, G025368, G025384, G025431, G025469, G025549, G025568, G025637, G025642, G025688, G026003, G026094, G026157, G026301, G026322, G026369, G026423, G026450, G026460, G026474, G026496, G026526, G026536, G026624, G026734, G026758, G026764, G026768, G026775, G026825, G026977, G027068, G027084, G027246, G027314, G027350, G027385, G027428, G027458, G027521, G027633, G027640, G027709, G027728, G027765, G027766, G027909, G027913, G027957, G027958, G027960, G027989, G028034, G028094, G028100, G028114, G028151, G028194, G028365, G028376, G028637, G028721, G028875
GO:0022402	BP	e	cell cycle process	174/2037	505/11561	1.584810720865852e-20	2	174	4.514729541066596e-17	G000576, G000577, G000956, G001120, G001130, G001247, G001335, G001369, G001479, G001565, G001809, G001855, G001856, G001860, G002553, G003018, G003313, G003423, G003518, G003521, G003548, G003560, G003608, G003611, G003647, G003729, G003730, G003764, G003815, G003973, G004199, G004381, G004403, G004797, G004851, G004908, G005215, G005825, G006182, G006365, G006414, G006415, G006768, G006811, G006843, G007002, G007617, G007619, G007927, G008006, G008454, G008878, G009412, G009414, G009535, G009786, G009983, G010578, G010698, G010956, G010966, G011120, G011365, G011546, G011691, G011867, G011897, G012007, G012059, G012138, G012787, G012859, G012962, G013001, G013016, G013038, G013347, G013465, G013933, G014002, G014058, G014059, G014095, G014664, G014668, G014799, G014842, G015334, G015944, G016386, G016407, G016436, G016443, G016601, G016602, G016657, G016727, G016789, G017062, G017272, G017709, G017835, G017941, G018143, G018234, G018302, G018457, G018513, G018657, G019321, G019676, G019756, G020075, G020153, G020158, G020423, G020505, G020557, G020666, G020711, G020977, G021062, G021298, G021313, G021358, G021487, G021637, G021672, G021940, G022123, G022175, G022186, G022296, G022344, G022357, G022459, G022557, G022585, G022652, G023001, G023638, G023658, G023703, G023905, G024111, G024116, G024170, G024354, G024663, G024840, G025228, G025565, G025817, G025943, G026157, G026423, G026450, G026883, G026908, G026977, G027198, G027445, G027722, G027872, G027909, G027919, G027958, G028034, G028199, G028393, G028559, G028560, G028637, G028761
GO:0090304	BP	e	nucleic acid metabolic process	355/2037	1304/11561	4.3674951709745605e-20	5	355	9.953521494651024e-17	G000002, G000009, G000576, G000577, G000755, G000843, G000993, G001037, G001130, G001200, G001233, G001261, G001354, G001371, G001472, G001520, G001565, G001678, G001735, G001757, G001871, G002107, G002324, G002339, G002485, G003311, G003521, G003647, G003700, G003782, G003815, G003826, G003973, G004056, G004176, G004282, G004311, G004343, G004435, G004455, G004504, G004848, G005092, G005134, G005189, G005215, G005329, G005387, G005473, G005485, G005679, G005763, G005764, G005825, G005846, G005860, G005910, G005941, G005981, G006004, G006260, G006274, G006339, G006406, G006441, G006725, G006730, G006768, G006811, G006834, G007007, G007050, G007095, G007133, G007270, G007410, G007553, G007590, G007609, G007617, G007619, G007819, G007992, G008023, G008146, G008241, G008293, G008415, G008600, G008685, G008698, G008870, G009020, G009027, G009338, G009401, G009414, G009464, G009535, G009617, G009682, G009786, G009869, G010049, G010063, G010103, G010578, G010662, G010673, G010794, G010974, G010989, G011052, G011120, G011148, G011197, G011296, G011523, G011595, G011629, G011691, G011867, G012016, G012019, G012059, G012072, G012116, G012411, G012449, G012598, G012617, G012668, G012787, G013001, G013032, G013038, G013230, G013263, G013265, G013287, G013444, G013445, G013450, G013598, G013946, G014064, G014095, G014213, G014326, G014364, G014377, G014445, G014449, G014629, G014660, G014664, G014683, G014697, G014732, G014752, G014807, G015461, G015510, G015744, G015815, G016205, G016220, G016258, G016271, G016414, G016436, G016437, G016443, G016500, G016579, G016583, G016657, G016675, G016676, G016680, G016682, G016688, G016750, G016819, G016838, G016856, G016935, G017027, G017098, G017109, G017191, G017206, G017272, G017314, G017422, G017464, G017527, G017545, G017571, G017607, G017621, G017709, G017907, G017983, G018143, G018144, G018227, G018234, G018280, G018290, G018295, G018302, G018352, G018363, G018369, G018392, G018420, G018421, G018422, G018462, G018513, G018657, G018853, G018891, G019051, G019194, G019225, G019382, G019620, G019622, G019718, G019739, G019751, G019960, G020123, G020153, G020175, G020223, G020402, G020406, G020464, G020515, G020520, G020540, G020563, G020702, G020711, G021040, G021062, G021069, G021358, G021462, G021465, G021487, G021490, G021520, G021661, G021841, G021940, G022119, G022136, G022254, G022268, G022282, G022296, G022347, G022376, G022459, G022468, G022533, G022553, G022580, G022660, G022801, G022811, G022929, G023164, G023253, G023258, G023348, G023658, G023900, G024107, G024116, G024170, G024355, G024403, G024429, G024464, G024470, G024781, G024814, G024842, G025013, G025075, G025272, G025352, G025368, G025384, G025431, G025469, G025549, G025568, G025637, G025642, G025688, G026003, G026157, G026322, G026369, G026423, G026450, G026460, G026474, G026496, G026526, G026536, G026624, G026734, G026758, G026764, G026768, G026775, G026825, G026977, G027084, G027314, G027350, G027385, G027428, G027458, G027521, G027633, G027640, G027709, G027728, G027765, G027766, G027909, G027913, G027957, G027958, G027960, G027989, G028034, G028094, G028100, G028114, G028151, G028194, G028365, G028376, G028637, G028721, G028875
GO:1901360	BP	e	organic cyclic compound metabolic process	442/2037	1749/11561	1.859041426786739e-18	3	442	3.5306295097058145e-15	G000002, G000009, G000560, G000576, G000577, G000755, G000843, G000942, G000944, G000993, G000995, G001037, G001130, G001200, G001233, G001261, G001266, G001354, G001371, G001472, G001520, G001565, G001678, G001735, G001757, G001871, G002052, G002054, G002107, G002324, G002339, G002457, G002458, G002485, G002493, G002552, G003311, G003417, G003521, G003647, G003700, G003755, G003782, G003815, G003826, G003973, G004056, G004133, G004176, G004282, G004311, G004343, G004435, G004455, G004504, G004848, G005092, G005134, G005146, G005189, G005215, G005329, G005387, G005471, G005473, G005485, G005651, G005679, G005763, G005764, G005825, G005846, G005860, G005910, G005941, G005981, G006004, G006086, G006260, G006271, G006274, G006339, G006406, G006441, G006446, G006503, G006588, G006725, G006730, G006768, G006811, G006834, G007007, G007050, G007095, G007133, G007270, G007410, G007553, G007590, G007609, G007617, G007619, G007758, G007819, G007992, G008023, G008146, G008215, G008241, G008293, G008376, G008415, G008518, G008600, G008685, G008698, G008753, G008870, G008903, G009020, G009027, G009073, G009325, G009338, G009401, G009414, G009464, G009535, G009617, G009682, G009786, G009869, G010049, G010063, G010103, G010578, G010662, G010673, G010794, G010974, G010989, G011052, G011105, G011120, G011148, G011197, G011296, G011381, G011447, G011523, G011538, G011595, G011629, G011691, G011867, G012016, G012019, G012059, G012072, G012107, G012116, G012186, G012411, G012449, G012598, G012617, G012668, G012787, G012925, G012926, G012969, G012970, G013001, G013032, G013038, G013230, G013263, G013265, G013287, G013444, G013445, G013450, G013598, G013862, G013946, G014040, G014064, G014095, G014213, G014326, G014364, G014377, G014445, G014449, G014629, G014660, G014664, G014682, G014683, G014697, G014732, G014752, G014807, G015369, G015443, G015461, G015510, G015744, G015815, G016205, G016220, G016258, G016271, G016359, G016414, G016436, G016437, G016443, G016500, G016579, G016583, G016655, G016657, G016675, G016676, G016680, G016682, G016688, G016723, G016750, G016764, G016819, G016838, G016856, G016935, G016944, G017027, G017098, G017109, G017191, G017206, G017272, G017314, G017422, G017454, G017464, G017527, G017543, G017545, G017571, G017607, G017621, G017709, G017907, G017983, G018005, G018142, G018143, G018144, G018227, G018234, G018280, G018290, G018295, G018302, G018352, G018363, G018369, G018392, G018420, G018421, G018422, G018462, G018513, G018657, G018853, G018891, G018901, G019044, G019051, G019194, G019225, G019382, G019620, G019622, G019718, G019739, G019751, G019788, G019882, G019960, G020089, G020123, G020153, G020160, G020175, G020223, G020402, G020406, G020464, G020515, G020520, G020540, G020563, G020634, G020702, G020711, G020744, G020759, G020828, G020831, G021040, G021062, G021069, G021166, G021327, G021358, G021462, G021465, G021487, G021490, G021520, G021661, G021785, G021841, G021940, G022040, G022119, G022136, G022240, G022254, G022268, G022282, G022296, G022347, G022376, G022458, G022459, G022468, G022495, G022533, G022553, G022580, G022660, G022768, G022801, G022811, G022929, G023164, G023253, G023258, G023348, G023658, G023706, G023900, G023918, G024074, G024107, G024116, G024170, G024355, G024403, G024429, G024445, G024464, G024470, G024771, G024781, G024814, G024842, G025013, G025075, G025147, G025214, G025239, G025272, G025352, G025368, G025384, G025431, G025469, G025549, G025568, G025637, G025642, G025682, G025688, G026003, G026094, G026157, G026301, G026322, G026369, G026423, G026450, G026460, G026474, G026496, G026526, G026536, G026624, G026734, G026758, G026764, G026768, G026775, G026825, G026977, G027068, G027084, G027246, G027314, G027350, G027385, G027428, G027458, G027521, G027633, G027640, G027709, G027728, G027738, G027765, G027766, G027909, G027913, G027957, G027958, G027960, G027989, G028034, G028094, G028100, G028114, G028151, G028194, G028365, G028376, G028637, G028721, G028875
GO:0007049	BP	e	cell cycle	132/2037	371/11561	5.026212537190812e-17	2	132	8.181955980184185e-14	G000576, G000577, G001369, G001520, G001650, G001855, G002001, G002107, G002131, G002431, G002502, G002616, G003018, G003548, G003692, G003729, G004194, G004851, G005003, G005092, G005193, G005217, G005514, G005981, G006190, G006365, G006606, G006730, G006945, G006969, G007282, G007537, G009448, G009464, G009526, G009634, G009665, G009682, G009734, G009983, G010145, G010146, G010506, G010662, G010965, G011181, G011765, G011867, G012059, G012138, G012598, G013443, G013447, G014377, G014523, G014963, G015334, G016145, G016282, G016347, G016382, G016437, G016707, G017062, G017607, G017780, G018129, G018290, G018295, G018397, G018420, G018656, G018659, G019051, G019622, G019718, G020090, G020167, G020370, G021040, G021062, G021149, G021422, G021487, G021520, G021578, G021637, G021672, G021974, G022115, G022168, G022280, G022296, G022357, G022363, G022459, G022496, G022543, G022727, G022913, G023273, G023694, G023837, G024071, G024072, G024428, G024493, G024651, G024663, G024703, G024757, G024814, G025184, G025384, G025637, G025642, G025721, G026231, G026353, G026734, G026858, G026919, G027009, G027084, G027386, G027489, G027573, G027731, G027906, G028049, G028094, G028274
GO:0006281	BP	e	DNA repair	122/2037	335/11561	9.574066739572068e-17	7	122	1.3637061312177964e-13	G000576, G000577, G001130, G001261, G001472, G001565, G001735, G002324, G002339, G003647, G003782, G003815, G003826, G004176, G004435, G004455, G004504, G005092, G005134, G005387, G005473, G005679, G005910, G005981, G006004, G006730, G006768, G006811, G006834, G007050, G007617, G007619, G007992, G008241, G008293, G008698, G009414, G009786, G010049, G010578, G010662, G011052, G011120, G011296, G011595, G011691, G012072, G013001, G013038, G013230, G013263, G013265, G013287, G013444, G014064, G014213, G014377, G014629, G014660, G014683, G014732, G015815, G016205, G016436, G016437, G016443, G016579, G016819, G016935, G017191, G017314, G017422, G017607, G017621, G017709, G018143, G018234, G018295, G018352, G018363, G018421, G018513, G018657, G019718, G019739, G019751, G020123, G020175, G020402, G020702, G020711, G021062, G021069, G021358, G021465, G021487, G021841, G021940, G022282, G022296, G022376, G023658, G024116, G024464, G024470, G024814, G024842, G025352, G025384, G026003, G026157, G026423, G026536, G026775, G026825, G026977, G027350, G027428, G027728, G027913, G028034, G028376
GO:0006974	BP	e	DNA damage response	160/2037	487/11561	1.0782107527508431e-16	4	160	1.3651346141773176e-13	G000012, G000217, G000576, G000577, G001130, G001261, G001472, G001565, G001735, G002001, G002324, G002339, G003018, G003647, G003700, G003730, G003782, G003815, G003826, G004176, G004403, G004435, G004455, G004504, G005092, G005134, G005387, G005473, G005679, G005910, G005981, G006004, G006198, G006730, G006768, G006811, G006834, G007050, G007617, G007619, G007992, G008241, G008293, G008698, G009414, G009535, G009786, G009983, G010049, G010131, G010578, G010662, G011052, G011120, G011296, G011447, G011595, G011691, G012072, G013001, G013038, G013041, G013230, G013263, G013265, G013287, G013444, G013447, G014064, G014095, G014213, G014377, G014629, G014660, G014683, G014732, G015602, G015731, G015815, G016205, G016258, G016282, G016436, G016437, G016443, G016579, G016819, G016935, G017191, G017314, G017422, G017457, G017607, G017621, G017709, G017972, G018143, G018234, G018295, G018352, G018363, G018397, G018421, G018513, G018528, G018645, G018657, G019051, G019432, G019434, G019676, G019718, G019739, G019751, G020123, G020153, G020175, G020402, G020702, G020711, G021062, G021069, G021358, G021422, G021465, G021487, G021520, G021722, G021841, G021940, G022282, G022296, G022315, G022376, G022727, G023001, G023658, G023703, G024116, G024464, G024470, G024814, G024842, G025352, G025384, G025923, G026003, G026157, G026423, G026536, G026775, G026825, G026950, G026977, G027350, G027428, G027728, G027913, G028034, G028376
GO:0006338	BP	e	chromatin remodeling	87/2037	213/11561	8.981282782545233e-16	7	87	1.0234171730710294e-12	G001115, G001200, G001335, G001394, G002107, G002270, G003548, G003549, G003700, G003730, G003814, G003826, G004114, G004176, G004259, G004403, G004564, G004567, G005846, G005979, G006004, G006182, G007819, G008980, G009338, G009682, G009991, G010049, G010131, G010493, G010662, G011296, G011614, G011691, G011847, G011919, G012568, G012589, G013190, G013230, G014710, G016168, G016386, G016675, G016676, G016682, G016688, G016819, G016935, G017480, G017621, G017907, G017972, G018129, G018352, G018392, G018475, G018659, G019718, G019739, G019960, G020247, G020443, G020501, G020520, G020765, G021940, G022233, G022251, G022280, G022282, G022797, G023038, G023345, G024507, G024938, G025637, G025642, G025721, G026228, G026322, G026536, G026703, G026734, G027728, G027909, G027913
GO:0010558	BP	e	negative regulation of macromolecule biosynthetic process	214/2037	742/11561	6.308730871746677e-15	7	214	6.5352716621412165e-12	G000560, G000990, G001115, G001200, G001215, G001233, G001335, G001354, G001362, G001369, G001394, G001411, G001505, G001565, G001757, G001797, G002270, G002328, G002339, G002340, G002384, G002459, G002591, G003311, G003423, G003478, G003574, G003700, G003737, G003755, G004132, G004259, G004282, G004322, G004564, G004879, G005103, G005189, G005329, G005473, G005634, G005846, G005920, G005979, G006004, G006182, G006260, G006271, G006274, G006356, G006581, G006607, G007050, G007178, G007201, G007236, G007819, G007992, G008415, G008621, G008845, G008980, G009285, G009332, G009682, G009983, G010063, G010468, G010493, G010527, G010662, G010673, G010698, G010749, G010796, G010974, G011120, G011296, G011310, G011332, G011505, G011614, G011720, G011842, G011847, G011867, G011919, G012008, G012019, G012589, G012594, G012617, G012696, G013001, G013041, G013230, G013368, G013445, G013598, G014040, G014343, G014615, G014683, G014688, G014710, G014727, G014953, G015334, G015369, G015510, G015600, G015602, G016168, G016258, G016386, G016414, G016583, G016643, G016675, G016676, G016682, G016750, G016819, G016829, G016930, G016935, G017464, G017480, G017606, G017607, G017621, G017709, G017812, G017895, G017972, G018227, G018363, G018399, G018421, G018528, G018592, G018657, G018659, G018931, G019039, G019040, G019051, G019194, G019432, G019434, G019551, G019622, G019688, G019718, G019739, G019960, G020090, G020247, G020406, G020501, G020982, G021062, G021069, G021197, G021313, G021520, G021722, G021940, G022119, G022136, G022168, G022233, G022268, G022282, G022496, G022752, G022845, G023001, G023038, G023164, G023196, G023703, G024781, G024930, G024933, G024938, G025075, G025076, G025273, G025469, G025564, G025637, G025642, G025688, G025721, G026322, G026474, G026496, G026536, G026638, G026692, G026703, G026734, G026764, G026858, G027521, G027709, G027872, G027958, G028100, G028194, G028274, G028323, G028324
GO:0019219	BP	e	regulation of nucleobase-containing compound metabolic process	335/2037	1309/11561	1.3101981979236593e-14	5	335	1.2441423721116747e-11	G000560, G000606, G000990, G001068, G001130, G001200, G001215, G001233, G001247, G001261, G001335, G001354, G001362, G001369, G001394, G001565, G001757, G001797, G002008, G002328, G002339, G002340, G002384, G002438, G002459, G002591, G003311, G003423, G003478, G003546, G003548, G003549, G003574, G003646, G003730, G003737, G003764, G003782, G003815, G003826, G003908, G003931, G004110, G004132, G004176, G004259, G004282, G004343, G004403, G004435, G004504, G004583, G004599, G004879, G005103, G005215, G005217, G005282, G005283, G005329, G005473, G005670, G005835, G005860, G005920, G005979, G006004, G006034, G006198, G006256, G006271, G006274, G006356, G006411, G006607, G007050, G007178, G007384, G007410, G007617, G007619, G007819, G007992, G007993, G008025, G008039, G008249, G008341, G008415, G008423, G008454, G008600, G008870, G008980, G009285, G009331, G009332, G009397, G009464, G009869, G009946, G009960, G009983, G009991, G010049, G010131, G010468, G010493, G010527, G010673, G010749, G010794, G010796, G010974, G010982, G011052, G011120, G011287, G011296, G011310, G011332, G011505, G011546, G011691, G011720, G011799, G011842, G011847, G011867, G011919, G012008, G012019, G012059, G012072, G012116, G012589, G012594, G012696, G012886, G013001, G013038, G013041, G013230, G013265, G013445, G013447, G014064, G014095, G014343, G014412, G014442, G014675, G014683, G014688, G014710, G014727, G014797, G014884, G015334, G015369, G015443, G015510, G015579, G015600, G015602, G015744, G015944, G016145, G016168, G016258, G016282, G016378, G016382, G016386, G016414, G016421, G016579, G016583, G016643, G016675, G016676, G016682, G016688, G016819, G016829, G016930, G016935, G017027, G017110, G017464, G017480, G017571, G017606, G017607, G017621, G017709, G017812, G017893, G017972, G018129, G018363, G018392, G018399, G018421, G018592, G018657, G018659, G018931, G019040, G019051, G019114, G019194, G019432, G019434, G019507, G019519, G019530, G019551, G019554, G019622, G019676, G019688, G019718, G019739, G020090, G020123, G020160, G020247, G020375, G020406, G020501, G020687, G020917, G020982, G021062, G021069, G021197, G021358, G021404, G021422, G021490, G021520, G021590, G021722, G021841, G021940, G021947, G021958, G021970, G022119, G022136, G022175, G022233, G022268, G022280, G022282, G022496, G022550, G022592, G022693, G022752, G022797, G022845, G022992, G022994, G023001, G023008, G023038, G023164, G023196, G023258, G023290, G023343, G023345, G023703, G023736, G023760, G023782, G024143, G024505, G024597, G024930, G024933, G024938, G025013, G025076, G025129, G025352, G025469, G025549, G025564, G025568, G025605, G025688, G025691, G025721, G025923, G025955, G026145, G026157, G026228, G026268, G026322, G026353, G026423, G026450, G026474, G026536, G026638, G026703, G026734, G026754, G026764, G026858, G026977, G027188, G027263, G027314, G027428, G027521, G027573, G027633, G027709, G027765, G027766, G027872, G027913, G027916, G028100, G028114, G028151, G028274, G028323, G028324, G028876
GO:1902679	BP	e	negative regulation of RNA biosynthetic process	125/2037	368/11561	1.72289792681651e-14	8	125	1.5101862981595484e-11	G000560, G001200, G001215, G001369, G001394, G001797, G002328, G002339, G002340, G002384, G002459, G002591, G003423, G003478, G003574, G003737, G004132, G004259, G004879, G005473, G005920, G005979, G006271, G006274, G006356, G006607, G007050, G007178, G007819, G008980, G009285, G009332, G009983, G010468, G010493, G010527, G010749, G010796, G011120, G011310, G011332, G011505, G011720, G011847, G011867, G011919, G012008, G012019, G012589, G012696, G013001, G013041, G013230, G014688, G014710, G014727, G015334, G015369, G015600, G015602, G016168, G016258, G016414, G016583, G016643, G016819, G016829, G016930, G016935, G017480, G017606, G017607, G017621, G017709, G017812, G017972, G018363, G018399, G018421, G018592, G018931, G019194, G019432, G019434, G019551, G019688, G019718, G019739, G020090, G020247, G020406, G020501, G020982, G021062, G021197, G021520, G021722, G022119, G022136, G022233, G022282, G022496, G022752, G023001, G023038, G023164, G023196, G023703, G024930, G024933, G024938, G025076, G025564, G025688, G025721, G026536, G026638, G026703, G026764, G026858, G027521, G027872, G028274, G028323, G028324
GO:0045892	BP	e	negative regulation of DNA-templated transcription	124/2037	366/11561	2.6335009713317118e-14	9	124	2.1434816834517752e-11	G000560, G001200, G001215, G001369, G001394, G001797, G002328, G002339, G002340, G002384, G002459, G002591, G003423, G003478, G003574, G003737, G004132, G004259, G004879, G005473, G005920, G005979, G006271, G006274, G006356, G006607, G007050, G007178, G007819, G008980, G009285, G009332, G009983, G010468, G010493, G010527, G010749, G010796, G011120, G011310, G011332, G011505, G011720, G011847, G011867, G011919, G012008, G012019, G012589, G012696, G013001, G013041, G013230, G014688, G014710, G014727, G015334, G015369, G015600, G015602, G016168, G016258, G016414, G016583, G016643, G016819, G016829, G016930, G016935, G017480, G017606, G017607, G017621, G017709, G017812, G018363, G018399, G018421, G018592, G018931, G019194, G019432, G019434, G019551, G019688, G019718, G019739, G020090, G020247, G020406, G020501, G020982, G021062, G021197, G021520, G021722, G022119, G022136, G022233, G022282, G022496, G022752, G023001, G023038, G023164, G023196, G023703, G024930, G024933, G024938, G025076, G025564, G025688, G025721, G026536, G026638, G026703, G026764, G026858, G027521, G027872, G028274, G028323, G028324
GO:0016070	BP	e	RNA metabolic process	194/2037	662/11561	3.038403752210575e-14	6	194	2.3081740504293002e-11	G000002, G000009, G000843, G001037, G001200, G001233, G001354, G001371, G001678, G001757, G001871, G002485, G003311, G003973, G004056, G004176, G004282, G004311, G004343, G004435, G004848, G005189, G005215, G005329, G005485, G005763, G005846, G005860, G005941, G005981, G006260, G006274, G006406, G006725, G007007, G007050, G007095, G007133, G007410, G007553, G007590, G007609, G008023, G008146, G008415, G008600, G008870, G009020, G009027, G009401, G009464, G009535, G009682, G009869, G010063, G010103, G010673, G010794, G010974, G010989, G011148, G011523, G011629, G012016, G012019, G012116, G012411, G012449, G012617, G012668, G013032, G013445, G013450, G013598, G013946, G014326, G014364, G014449, G014629, G014664, G014683, G014697, G014807, G015510, G015744, G016220, G016258, G016271, G016414, G016500, G016583, G016675, G016676, G016680, G016682, G016750, G016838, G016856, G017027, G017098, G017109, G017206, G017272, G017464, G017527, G017545, G017907, G017983, G018227, G018280, G018369, G018392, G018420, G018422, G018462, G018891, G019194, G019382, G019620, G019622, G019739, G019751, G020175, G020223, G020406, G020464, G020520, G021062, G021462, G021490, G021520, G021661, G022119, G022136, G022254, G022268, G022282, G022347, G022376, G022459, G022468, G022533, G022553, G022580, G022660, G022801, G022811, G022929, G023164, G023253, G023258, G023900, G024403, G024429, G024781, G024842, G025013, G025075, G025272, G025368, G025431, G025469, G025549, G025568, G025688, G026322, G026369, G026450, G026460, G026496, G026526, G026624, G026758, G026764, G026768, G026825, G027084, G027314, G027385, G027458, G027521, G027633, G027640, G027709, G027766, G027957, G027958, G027960, G027989, G028100, G028114, G028151, G028194, G028721
GO:0031327	BP	e	negative regulation of cellular biosynthetic process	216/2037	763/11561	4.5749553465053275e-14	6	216	3.258226010839263e-11	G000560, G000990, G001115, G001200, G001215, G001233, G001335, G001354, G001362, G001369, G001394, G001411, G001505, G001565, G001757, G001797, G002270, G002328, G002339, G002340, G002384, G002459, G002591, G003311, G003423, G003478, G003574, G003700, G003737, G003755, G004132, G004259, G004282, G004322, G004564, G004879, G005103, G005189, G005329, G005473, G005634, G005846, G005920, G005979, G006004, G006182, G006260, G006271, G006274, G006356, G006581, G006607, G007050, G007178, G007201, G007236, G007819, G007992, G008341, G008415, G008621, G008845, G008980, G009285, G009332, G009682, G009983, G010063, G010468, G010493, G010527, G010662, G010673, G010698, G010749, G010796, G010974, G011120, G011296, G011310, G011332, G011505, G011614, G011720, G011842, G011847, G011867, G011919, G012008, G012019, G012589, G012594, G012617, G012696, G013001, G013041, G013230, G013368, G013445, G013598, G014040, G014343, G014615, G014683, G014688, G014710, G014727, G014953, G015334, G015369, G015510, G015600, G015602, G016168, G016258, G016386, G016414, G016583, G016643, G016675, G016676, G016682, G016750, G016819, G016829, G016852, G016930, G016935, G017464, G017480, G017606, G017607, G017621, G017709, G017812, G017895, G017972, G018227, G018363, G018399, G018421, G018528, G018592, G018657, G018659, G018931, G019039, G019040, G019051, G019194, G019432, G019434, G019551, G019622, G019688, G019718, G019739, G019960, G020090, G020247, G020406, G020501, G020982, G021062, G021069, G021197, G021313, G021520, G021722, G021940, G022119, G022136, G022168, G022233, G022268, G022282, G022496, G022752, G022845, G023001, G023038, G023164, G023196, G023703, G024781, G024930, G024933, G024938, G025075, G025076, G025273, G025469, G025564, G025637, G025642, G025688, G025721, G026322, G026474, G026496, G026536, G026638, G026692, G026703, G026734, G026764, G026858, G027521, G027709, G027872, G027958, G028100, G028194, G028274, G028323, G028324
GO:0051252	BP	e	regulation of RNA metabolic process	304/2037	1171/11561	5.1013539403975596e-14	6	304	3.419407538284129e-11	G000560, G000606, G000990, G001068, G001200, G001215, G001233, G001247, G001335, G001354, G001362, G001369, G001394, G001565, G001757, G001797, G002008, G002328, G002339, G002340, G002384, G002438, G002459, G002591, G003311, G003423, G003478, G003546, G003548, G003549, G003574, G003646, G003730, G003737, G003764, G003826, G003908, G003931, G004110, G004132, G004176, G004259, G004282, G004343, G004403, G004435, G004583, G004599, G004879, G005103, G005215, G005217, G005282, G005283, G005329, G005473, G005670, G005835, G005860, G005920, G005979, G006004, G006034, G006198, G006256, G006271, G006274, G006356, G006411, G006607, G007050, G007178, G007384, G007410, G007819, G008025, G008039, G008249, G008341, G008415, G008423, G008454, G008600, G008870, G008980, G009285, G009331, G009332, G009397, G009464, G009869, G009946, G009960, G009983, G009991, G010049, G010468, G010493, G010527, G010749, G010794, G010796, G010982, G011052, G011120, G011296, G011310, G011332, G011505, G011546, G011691, G011720, G011799, G011842, G011847, G011867, G011919, G012008, G012019, G012072, G012116, G012589, G012594, G012696, G012886, G013001, G013041, G013230, G013445, G013447, G014064, G014343, G014412, G014442, G014675, G014688, G014710, G014727, G014797, G014884, G015334, G015369, G015443, G015510, G015579, G015600, G015602, G015744, G016145, G016168, G016258, G016282, G016378, G016382, G016386, G016414, G016421, G016583, G016643, G016688, G016819, G016829, G016930, G016935, G017027, G017110, G017464, G017480, G017606, G017607, G017621, G017709, G017812, G017893, G017972, G018129, G018363, G018392, G018399, G018421, G018592, G018657, G018659, G018931, G019040, G019114, G019194, G019432, G019434, G019507, G019519, G019530, G019551, G019554, G019622, G019676, G019688, G019718, G019739, G020090, G020247, G020375, G020406, G020501, G020687, G020917, G020982, G021062, G021069, G021197, G021404, G021422, G021490, G021520, G021590, G021722, G021940, G021947, G021958, G021970, G022119, G022136, G022175, G022233, G022268, G022280, G022282, G022496, G022550, G022592, G022693, G022752, G022797, G022845, G022992, G022994, G023001, G023008, G023038, G023164, G023196, G023258, G023290, G023343, G023703, G023736, G023760, G023782, G024143, G024505, G024597, G024930, G024933, G024938, G025013, G025076, G025129, G025469, G025549, G025564, G025568, G025605, G025688, G025691, G025721, G025923, G025955, G026145, G026157, G026228, G026268, G026322, G026353, G026423, G026450, G026474, G026536, G026638, G026703, G026734, G026754, G026764, G026858, G026977, G027188, G027263, G027314, G027428, G027521, G027573, G027633, G027709, G027765, G027766, G027872, G027913, G027916, G028100, G028114, G028151, G028274, G028323, G028324, G028876
GO:1903047	BP	e	mitotic cell cycle process	110/2037	316/11561	1.0696712820841705e-13	3	110	6.771613477416179e-11	G000576, G000577, G000956, G001120, G001130, G001247, G001369, G001479, G001565, G001809, G001855, G001856, G001860, G002553, G003018, G003313, G003518, G003608, G003611, G003730, G003764, G004403, G004797, G004851, G004908, G005215, G006365, G006414, G006415, G006843, G007002, G007617, G008006, G008454, G009412, G009414, G009535, G009786, G009983, G010578, G010698, G010956, G011120, G011365, G011691, G011867, G011897, G012007, G012059, G012138, G012787, G012859, G013001, G013016, G013038, G013347, G013465, G013933, G014002, G014059, G014664, G016443, G016601, G016602, G016727, G016789, G017062, G017709, G017835, G017941, G018513, G019676, G019756, G020153, G020158, G020423, G020505, G020557, G020666, G020711, G021062, G021298, G021313, G021358, G021637, G022123, G022175, G022459, G022557, G022652, G023638, G023703, G023905, G024111, G024116, G024663, G025228, G025943, G026423, G026450, G026883, G026977, G027198, G027445, G027872, G027958, G028199, G028393, G028559, G028761
GO:2001141	BP	e	regulation of RNA biosynthetic process	270/2037	1018/11561	1.2137175524269477e-13	7	270	7.279111321002668e-11	G000560, G000606, G000990, G001200, G001215, G001247, G001335, G001362, G001369, G001394, G001565, G001757, G001797, G002008, G002328, G002339, G002340, G002384, G002438, G002459, G002591, G003423, G003478, G003546, G003548, G003549, G003574, G003646, G003730, G003737, G003764, G003826, G003908, G003931, G004110, G004132, G004176, G004259, G004282, G004403, G004435, G004583, G004599, G004879, G005103, G005217, G005282, G005473, G005670, G005835, G005920, G005979, G006004, G006034, G006198, G006256, G006271, G006274, G006356, G006411, G006607, G007050, G007178, G007384, G007410, G007819, G008039, G008249, G008423, G008454, G008600, G008870, G008980, G009285, G009331, G009332, G009397, G009946, G009960, G009983, G009991, G010049, G010468, G010493, G010527, G010749, G010796, G010982, G011052, G011120, G011296, G011310, G011332, G011505, G011546, G011691, G011720, G011799, G011842, G011847, G011867, G011919, G012008, G012019, G012072, G012116, G012589, G012696, G012886, G013001, G013041, G013230, G013445, G013447, G014064, G014412, G014442, G014675, G014688, G014710, G014727, G014797, G014884, G015334, G015369, G015510, G015579, G015600, G015602, G016145, G016168, G016258, G016282, G016382, G016386, G016414, G016421, G016583, G016643, G016688, G016819, G016829, G016930, G016935, G017027, G017110, G017480, G017606, G017607, G017621, G017709, G017812, G017893, G017972, G018129, G018363, G018392, G018399, G018421, G018592, G018657, G018931, G019114, G019194, G019432, G019434, G019507, G019519, G019530, G019551, G019554, G019676, G019688, G019718, G019739, G020090, G020247, G020406, G020501, G020917, G020982, G021062, G021069, G021197, G021404, G021422, G021490, G021520, G021590, G021722, G021940, G021947, G021958, G021970, G022119, G022136, G022175, G022233, G022268, G022280, G022282, G022496, G022550, G022592, G022693, G022752, G022797, G022992, G022994, G023001, G023038, G023164, G023196, G023290, G023343, G023703, G023736, G023760, G023782, G024143, G024505, G024597, G024930, G024933, G024938, G025013, G025076, G025129, G025469, G025549, G025564, G025568, G025605, G025688, G025691, G025721, G025923, G025955, G026145, G026157, G026228, G026268, G026353, G026423, G026450, G026474, G026536, G026638, G026703, G026734, G026754, G026764, G026858, G026977, G027188, G027263, G027314, G027521, G027573, G027633, G027765, G027766, G027872, G027913, G027916, G028151, G028274, G028323, G028324, G028876
GO:0006355	BP	e	regulation of DNA-templated transcription	268/2037	1012/11561	1.516691237488711e-13	8	268	8.64134832559193e-11	G000560, G000606, G000990, G001200, G001215, G001247, G001335, G001362, G001369, G001394, G001565, G001757, G001797, G002008, G002328, G002339, G002340, G002384, G002438, G002459, G002591, G003423, G003478, G003546, G003548, G003549, G003574, G003646, G003730, G003737, G003764, G003826, G003908, G003931, G004110, G004132, G004176, G004259, G004282, G004403, G004435, G004583, G004599, G004879, G005103, G005217, G005282, G005473, G005670, G005835, G005920, G005979, G006004, G006034, G006198, G006256, G006271, G006274, G006356, G006411, G006607, G007050, G007178, G007384, G007410, G007819, G008039, G008249, G008423, G008454, G008600, G008870, G008980, G009285, G009331, G009332, G009397, G009946, G009960, G009983, G009991, G010049, G010468, G010493, G010527, G010749, G010796, G010982, G011052, G011120, G011296, G011310, G011332, G011505, G011546, G011691, G011720, G011799, G011842, G011847, G011867, G011919, G012008, G012019, G012072, G012116, G012589, G012696, G012886, G013001, G013041, G013230, G013445, G013447, G014064, G014412, G014442, G014675, G014688, G014710, G014727, G014797, G014884, G015334, G015369, G015510, G015579, G015600, G015602, G016145, G016168, G016258, G016282, G016382, G016386, G016414, G016421, G016583, G016643, G016688, G016819, G016829, G016930, G016935, G017027, G017110, G017480, G017606, G017607, G017621, G017709, G017812, G017893, G018129, G018363, G018392, G018399, G018421, G018592, G018657, G018931, G019114, G019194, G019432, G019434, G019507, G019519, G019530, G019551, G019554, G019676, G019688, G019718, G019739, G020090, G020247, G020406, G020501, G020917, G020982, G021062, G021069, G021197, G021404, G021422, G021490, G021520, G021590, G021722, G021940, G021947, G021958, G021970, G022119, G022136, G022175, G022233, G022268, G022280, G022282, G022496, G022550, G022592, G022693, G022752, G022797, G022992, G022994, G023001, G023038, G023164, G023196, G023290, G023343, G023703, G023736, G023760, G023782, G024143, G024505, G024597, G024930, G024933, G024938, G025013, G025076, G025129, G025469, G025549, G025564, G025568, G025605, G025688, G025691, G025721, G025923, G025955, G026145, G026157, G026228, G026268, G026353, G026423, G026450, G026474, G026536, G026638, G026703, G026734, G026754, G026764, G026858, G026977, G027188, G027263, G027314, G027521, G027573, G027633, G027766, G027872, G027913, G027916, G028151, G028274, G028323, G028324, G028876
GO:0045934	BP	e	negative regulation of nucleobase-containing compound metabolic process	156/2037	507/11561	1.6507430326523731e-13	6	156	8.957246122416092e-11	G000560, G001200, G001215, G001261, G001362, G001369, G001394, G001565, G001797, G002328, G002339, G002340, G002384, G002459, G002591, G003423, G003478, G003574, G003737, G004132, G004176, G004259, G004879, G005473, G005920, G005979, G006004, G006271, G006274, G006356, G006607, G007050, G007178, G007617, G007619, G007819, G007992, G008415, G008980, G009285, G009332, G009983, G010468, G010493, G010527, G010673, G010749, G010796, G010974, G011120, G011296, G011310, G011332, G011505, G011720, G011847, G011867, G011919, G012008, G012019, G012059, G012072, G012589, G012594, G012696, G013001, G013041, G013230, G013445, G014064, G014343, G014688, G014710, G014727, G015334, G015369, G015600, G015602, G016168, G016258, G016378, G016414, G016579, G016583, G016643, G016675, G016676, G016682, G016819, G016829, G016930, G016935, G017480, G017606, G017607, G017621, G017709, G017812, G017972, G018363, G018399, G018421, G018592, G018931, G019040, G019051, G019194, G019432, G019434, G019551, G019688, G019718, G019739, G020090, G020247, G020375, G020406, G020501, G020687, G020982, G021062, G021197, G021520, G021722, G022119, G022136, G022233, G022282, G022496, G022752, G022845, G023001, G023038, G023164, G023196, G023703, G024930, G024933, G024938, G025076, G025352, G025564, G025688, G025721, G026474, G026536, G026638, G026703, G026764, G026858, G027521, G027872, G028100, G028274, G028323, G028324
GO:0016071	BP	e	mRNA metabolic process	121/2037	364/11561	2.327257000761499e-13	7	121	1.2054133419853308e-10	G000843, G001233, G001354, G001678, G001871, G003311, G004056, G004282, G004311, G004343, G004848, G005189, G005215, G005329, G005485, G005846, G005860, G005941, G005981, G006260, G006274, G006725, G007050, G007133, G007410, G007553, G008023, G008146, G008415, G008870, G009020, G009027, G009401, G009464, G009535, G009869, G010063, G010673, G010794, G010974, G010989, G011523, G011629, G012016, G012116, G012411, G012617, G013032, G013445, G013598, G014326, G014364, G014683, G014697, G015510, G015744, G016220, G016258, G016675, G016676, G016680, G016682, G016750, G016838, G016856, G017098, G017464, G017907, G017983, G018227, G018369, G018392, G018420, G018462, G018891, G019194, G019620, G019622, G019751, G020520, G021462, G021520, G022268, G022347, G022459, G022533, G022660, G022811, G022929, G023164, G023253, G023258, G024429, G024781, G025075, G025272, G025368, G025469, G025688, G026322, G026450, G026496, G026526, G026624, G026758, G026768, G026825, G027084, G027385, G027521, G027633, G027640, G027709, G027766, G027957, G027960, G027989, G028100, G028114, G028194, G028721
GO:1901990	BP	e	regulation of mitotic cell cycle phase transition	70/2037	169/11561	4.287211231252892e-13	7	70	2.1240335643533353e-10	G001130, G001247, G001369, G001565, G001678, G002001, G002502, G002553, G003518, G003815, G004455, G004851, G004908, G005979, G007002, G007282, G007617, G008293, G009535, G009786, G009983, G010049, G010493, G010578, G011365, G011867, G012008, G012019, G012059, G012063, G012787, G013038, G013443, G013933, G014095, G016168, G016443, G016601, G016602, G016789, G016856, G017835, G018234, G018513, G019676, G020153, G020175, G020247, G020711, G021062, G021298, G021358, G021465, G021637, G022459, G022652, G023196, G023345, G023348, G023638, G023703, G023905, G024116, G025228, G026231, G026734, G026977, G027872, G028274, G028393
GO:0051726	BP	e	regulation of cell cycle	152/2037	497/11561	6.113876524690508e-13	4	152	2.7533403149492685e-10	G000606, G001045, G001130, G001247, G001335, G001369, G001394, G001479, G001565, G001650, G001678, G001809, G001856, G002001, G002502, G002553, G003423, G003518, G003764, G003815, G003826, G004110, G004176, G004435, G004455, G004599, G004851, G004908, G005215, G005282, G005514, G005979, G006004, G006034, G006365, G006768, G007002, G007282, G007617, G008039, G008293, G008369, G008870, G008980, G009535, G009786, G009983, G010049, G010493, G010506, G010578, G010965, G011120, G011296, G011365, G011691, G011842, G011867, G011919, G012008, G012019, G012059, G012063, G012176, G012787, G012859, G013016, G013038, G013230, G013443, G013933, G014002, G014058, G014064, G014095, G015334, G015369, G015507, G016168, G016205, G016382, G016386, G016443, G016601, G016602, G016789, G016856, G017621, G017709, G017835, G017941, G018129, G018143, G018144, G018234, G018430, G018513, G018592, G018657, G019051, G019530, G019551, G019676, G019739, G020090, G020153, G020158, G020167, G020175, G020247, G020711, G021062, G021298, G021358, G021465, G021520, G021578, G021637, G021940, G022233, G022282, G022376, G022459, G022652, G022727, G023196, G023345, G023348, G023638, G023703, G023760, G023837, G023905, G024111, G024116, G024354, G024703, G025228, G025565, G026157, G026231, G026423, G026734, G026858, G026977, G027188, G027872, G027906, G028034, G028274, G028365, G028393
GO:0006357	BP	e	regulation of transcription by RNA polymerase II	183/2037	634/11561	6.220870674845113e-13	9	183	2.7533403149492685e-10	G000560, G000606, G000990, G001200, G001215, G001247, G001335, G001369, G001394, G001565, G001757, G001797, G002008, G002328, G002339, G002340, G002384, G002591, G003478, G003548, G003646, G003730, G003737, G003908, G004110, G004176, G004259, G004282, G004403, G004583, G004599, G004879, G005103, G005282, G005473, G005920, G005979, G006034, G006198, G006256, G006271, G006274, G006607, G007178, G007410, G007819, G008039, G008423, G008454, G008600, G008870, G008980, G009285, G009332, G009397, G009946, G009960, G009983, G010049, G010468, G010493, G010527, G010749, G010982, G011052, G011296, G011310, G011505, G011546, G011720, G011799, G011842, G011847, G011919, G012008, G012019, G012116, G012589, G012696, G013001, G013041, G013230, G013445, G013447, G014064, G014675, G014710, G014797, G015369, G015600, G015602, G016145, G016168, G016258, G016282, G016386, G016414, G016421, G016583, G016643, G016819, G016829, G016930, G016935, G017110, G017480, G017606, G017621, G017709, G017812, G017893, G018129, G018392, G018399, G018592, G018657, G018931, G019114, G019507, G019530, G019551, G019718, G019739, G020090, G020406, G020501, G020982, G021062, G021069, G021197, G021404, G021490, G021520, G021722, G021940, G021947, G021958, G021970, G022119, G022175, G022268, G022282, G022496, G022550, G022592, G022693, G022752, G022797, G023001, G023038, G023164, G023196, G023290, G023343, G023703, G024143, G024597, G024930, G024933, G024938, G025013, G025076, G025129, G025564, G025568, G025605, G025688, G025691, G025721, G025955, G026145, G026157, G026228, G026450, G026536, G026703, G027188, G027521, G027573, G027633, G027872, G027913, G028274
GO:0010564	BP	e	regulation of cell cycle process	115/2037	343/11561	6.282303482990872e-13	5	115	2.7533403149492685e-10	G000606, G001045, G001130, G001247, G001335, G001369, G001479, G001565, G001678, G001856, G002001, G002502, G002553, G003518, G003764, G003815, G004176, G004455, G004851, G004908, G005514, G005979, G006004, G006034, G006365, G006768, G007002, G007282, G007617, G008293, G008369, G008980, G009535, G009786, G009983, G010049, G010493, G010506, G010578, G011120, G011365, G011691, G011842, G011867, G012008, G012019, G012059, G012063, G012787, G013016, G013038, G013443, G013933, G014002, G014058, G014064, G014095, G015507, G016168, G016205, G016382, G016386, G016443, G016601, G016602, G016789, G016856, G017709, G017835, G018143, G018234, G018513, G018592, G018657, G019051, G019676, G020153, G020158, G020175, G020247, G020711, G021062, G021298, G021358, G021465, G021520, G021578, G021637, G021940, G022233, G022282, G022376, G022459, G022652, G022727, G023196, G023345, G023348, G023638, G023703, G023905, G024111, G024116, G024354, G025228, G026157, G026231, G026423, G026734, G026977, G027872, G027906, G028034, G028274, G028393
GO:1901987	BP	e	regulation of cell cycle phase transition	86/2037	231/11561	7.429010054235723e-13	6	86	3.135317391408002e-10	G001130, G001247, G001335, G001369, G001565, G001678, G002001, G002502, G002553, G003518, G003815, G004176, G004455, G004851, G004908, G005979, G006768, G007002, G007282, G007617, G008293, G008980, G009535, G009786, G009983, G010049, G010493, G010506, G010578, G011120, G011365, G011867, G012008, G012019, G012059, G012063, G012787, G013038, G013443, G013933, G014064, G014095, G016168, G016205, G016386, G016443, G016601, G016602, G016789, G016856, G017709, G017835, G018143, G018234, G018513, G018657, G019676, G020153, G020175, G020247, G020711, G021062, G021298, G021358, G021465, G021520, G021637, G022376, G022459, G022652, G022727, G023196, G023345, G023348, G023638, G023703, G023905, G024116, G025228, G026231, G026423, G026734, G026977, G027872, G028274, G028393
GO:0051253	BP	e	negative regulation of RNA metabolic process	137/2037	441/11561	1.97448243932974e-12	7	137	8.023751117926993e-10	G000560, G001200, G001215, G001362, G001369, G001394, G001797, G002328, G002339, G002340, G002384, G002459, G002591, G003423, G003478, G003574, G003737, G004132, G004259, G004879, G005473, G005920, G005979, G006004, G006271, G006274, G006356, G006607, G007050, G007178, G007819, G008415, G008980, G009285, G009332, G009983, G010468, G010493, G010527, G010749, G010796, G011120, G011310, G011332, G011505, G011720, G011847, G011867, G011919, G012008, G012019, G012589, G012594, G012696, G013001, G013041, G013230, G013445, G014343, G014688, G014710, G014727, G015334, G015369, G015600, G015602, G016168, G016258, G016378, G016414, G016583, G016643, G016819, G016829, G016930, G016935, G017480, G017606, G017607, G017621, G017709, G017812, G017972, G018363, G018399, G018421, G018592, G018931, G019040, G019194, G019432, G019434, G019551, G019688, G019718, G019739, G020090, G020247, G020375, G020406, G020501, G020687, G020982, G021062, G021197, G021520, G021722, G022119, G022136, G022233, G022282, G022496, G022752, G022845, G023001, G023038, G023164, G023196, G023703, G024930, G024933, G024938, G025076, G025564, G025688, G025721, G026536, G026638, G026703, G026764, G026858, G027521, G027872, G028100, G028274, G028323, G028324
GO:0009890	BP	e	negative regulation of biosynthetic process	218/2037	799/11561	2.0420252954794455e-12	5	218	8.023751117926993e-10	G000560, G000990, G001115, G001200, G001215, G001233, G001335, G001354, G001362, G001369, G001394, G001411, G001505, G001565, G001757, G001797, G002270, G002328, G002339, G002340, G002384, G002459, G002591, G003311, G003423, G003478, G003574, G003700, G003737, G003755, G004132, G004259, G004282, G004322, G004564, G004879, G005103, G005189, G005329, G005473, G005476, G005634, G005846, G005920, G005979, G006004, G006182, G006260, G006271, G006274, G006356, G006581, G006607, G007050, G007178, G007201, G007236, G007819, G007992, G008341, G008415, G008621, G008845, G008980, G009285, G009332, G009682, G009983, G010063, G010468, G010493, G010527, G010662, G010673, G010698, G010749, G010796, G010974, G011120, G011296, G011310, G011332, G011505, G011614, G011720, G011842, G011847, G011867, G011919, G012008, G012019, G012176, G012589, G012594, G012617, G012696, G013001, G013041, G013230, G013368, G013445, G013598, G014040, G014343, G014615, G014683, G014688, G014710, G014727, G014953, G015334, G015369, G015510, G015600, G015602, G016168, G016258, G016386, G016414, G016583, G016643, G016675, G016676, G016682, G016750, G016819, G016829, G016852, G016930, G016935, G017464, G017480, G017606, G017607, G017621, G017709, G017812, G017895, G017972, G018227, G018363, G018399, G018421, G018528, G018592, G018657, G018659, G018931, G019039, G019040, G019051, G019194, G019432, G019434, G019551, G019622, G019688, G019718, G019739, G019960, G020090, G020247, G020406, G020501, G020982, G021062, G021069, G021197, G021313, G021520, G021722, G021940, G022119, G022136, G022168, G022233, G022268, G022282, G022496, G022752, G022845, G023001, G023038, G023164, G023196, G023703, G024781, G024930, G024933, G024938, G025075, G025076, G025273, G025469, G025564, G025637, G025642, G025688, G025721, G026322, G026474, G026496, G026536, G026638, G026692, G026703, G026734, G026764, G026858, G027521, G027709, G027872, G027958, G028100, G028194, G028274, G028323, G028324
GO:0010605	BP	e	negative regulation of macromolecule metabolic process	256/2037	989/11561	1.0241279061418477e-11	5	256	3.764495964673018e-09	G000490, G000560, G000990, G001115, G001200, G001215, G001233, G001261, G001289, G001335, G001354, G001362, G001369, G001394, G001411, G001430, G001505, G001565, G001650, G001757, G001797, G002270, G002328, G002339, G002340, G002384, G002459, G002553, G002591, G003018, G003311, G003423, G003478, G003574, G003700, G003737, G003755, G003764, G003826, G004132, G004176, G004259, G004282, G004322, G004343, G004564, G004599, G004851, G004879, G005103, G005189, G005329, G005473, G005634, G005843, G005846, G005920, G005979, G006004, G006100, G006182, G006260, G006271, G006274, G006356, G006581, G006607, G007050, G007178, G007201, G007236, G007617, G007619, G007819, G007992, G008415, G008621, G008845, G008980, G009285, G009332, G009682, G009983, G010063, G010274, G010468, G010493, G010506, G010527, G010662, G010673, G010698, G010749, G010796, G010974, G011120, G011296, G011310, G011332, G011505, G011614, G011720, G011842, G011847, G011867, G011919, G012008, G012019, G012059, G012072, G012589, G012594, G012617, G012696, G013001, G013041, G013230, G013368, G013445, G013598, G014040, G014064, G014343, G014615, G014683, G014688, G014710, G014727, G014953, G015334, G015369, G015510, G015600, G015602, G016168, G016237, G016258, G016378, G016386, G016414, G016499, G016579, G016583, G016643, G016675, G016676, G016682, G016750, G016789, G016819, G016829, G016930, G016935, G017464, G017480, G017606, G017607, G017621, G017709, G017812, G017815, G017835, G017895, G017972, G018227, G018363, G018399, G018421, G018528, G018592, G018657, G018659, G018931, G019039, G019040, G019051, G019194, G019382, G019432, G019434, G019530, G019551, G019622, G019676, G019688, G019718, G019739, G019960, G019989, G020090, G020160, G020247, G020375, G020406, G020501, G020687, G020982, G021062, G021069, G021197, G021313, G021520, G021722, G021940, G022119, G022136, G022168, G022233, G022251, G022268, G022282, G022496, G022752, G022845, G022944, G023001, G023038, G023164, G023196, G023703, G024214, G024781, G024930, G024933, G024938, G025075, G025076, G025273, G025352, G025443, G025469, G025564, G025637, G025642, G025688, G025721, G026322, G026474, G026496, G026536, G026638, G026692, G026703, G026734, G026764, G026858, G027521, G027709, G027872, G027906, G027958, G028100, G028194, G028274, G028323, G028324
GO:0031324	BP	e	negative regulation of cellular metabolic process	238/2037	913/11561	2.987270254768137e-11	5	238	1.063748267283841e-08	G000490, G000560, G000990, G001115, G001200, G001215, G001233, G001335, G001354, G001362, G001369, G001394, G001411, G001505, G001544, G001565, G001650, G001757, G001797, G002270, G002328, G002339, G002340, G002384, G002459, G002591, G003018, G003311, G003423, G003478, G003574, G003700, G003737, G003755, G003764, G004132, G004259, G004282, G004322, G004343, G004564, G004599, G004879, G005103, G005189, G005329, G005473, G005634, G005843, G005846, G005920, G005979, G006004, G006100, G006116, G006182, G006260, G006271, G006274, G006356, G006581, G006607, G007050, G007178, G007201, G007236, G007819, G007992, G008341, G008415, G008621, G008845, G008980, G009285, G009332, G009682, G009983, G010063, G010468, G010493, G010506, G010527, G010662, G010673, G010698, G010749, G010796, G010974, G011120, G011296, G011310, G011332, G011505, G011614, G011720, G011842, G011847, G011867, G011919, G012008, G012019, G012176, G012589, G012594, G012617, G012696, G013001, G013041, G013230, G013368, G013445, G013598, G013788, G014040, G014343, G014615, G014683, G014688, G014710, G014727, G014953, G015334, G015369, G015510, G015600, G015602, G015854, G015864, G016168, G016237, G016258, G016386, G016414, G016583, G016643, G016675, G016676, G016682, G016750, G016819, G016829, G016852, G016930, G016935, G017464, G017480, G017606, G017607, G017621, G017709, G017812, G017895, G017972, G018227, G018363, G018399, G018421, G018430, G018528, G018592, G018657, G018659, G018931, G019039, G019040, G019051, G019194, G019432, G019434, G019530, G019551, G019622, G019676, G019688, G019718, G019739, G019960, G020090, G020160, G020247, G020406, G020501, G020505, G020982, G021062, G021069, G021197, G021313, G021520, G021722, G021940, G022119, G022136, G022168, G022233, G022251, G022268, G022282, G022496, G022752, G022845, G023001, G023038, G023164, G023196, G023703, G024781, G024930, G024933, G024938, G025075, G025076, G025273, G025469, G025564, G025637, G025642, G025688, G025721, G026322, G026474, G026496, G026536, G026638, G026692, G026703, G026734, G026764, G026858, G027521, G027709, G027872, G027958, G028100, G028194, G028274, G028323, G028324
GO:0010468	BP	e	regulation of gene expression	387/2037	1646/11561	5.657771173843852e-11	7	387	1.8961853684103146e-08	G000560, G000606, G000990, G001068, G001115, G001200, G001215, G001233, G001247, G001335, G001354, G001362, G001369, G001394, G001411, G001505, G001565, G001757, G001797, G002008, G002089, G002270, G002328, G002339, G002340, G002384, G002438, G002459, G002591, G003311, G003423, G003478, G003546, G003548, G003549, G003574, G003646, G003700, G003730, G003737, G003755, G003764, G003782, G003826, G003908, G003931, G004110, G004132, G004176, G004220, G004259, G004282, G004322, G004343, G004403, G004435, G004564, G004583, G004599, G004879, G005103, G005156, G005189, G005215, G005217, G005282, G005283, G005329, G005473, G005634, G005670, G005835, G005846, G005860, G005883, G005920, G005979, G006004, G006034, G006182, G006198, G006256, G006260, G006271, G006274, G006356, G006406, G006411, G006581, G006607, G007050, G007178, G007201, G007236, G007274, G007384, G007410, G007553, G007609, G007805, G007819, G007992, G008025, G008039, G008249, G008341, G008415, G008423, G008454, G008600, G008845, G008870, G008980, G009285, G009331, G009332, G009397, G009464, G009682, G009869, G009946, G009960, G009983, G009991, G010049, G010063, G010464, G010468, G010493, G010527, G010662, G010673, G010698, G010749, G010794, G010796, G010974, G010982, G011052, G011120, G011296, G011310, G011332, G011505, G011546, G011614, G011691, G011720, G011799, G011842, G011847, G011867, G011897, G011919, G012008, G012019, G012072, G012116, G012176, G012449, G012589, G012594, G012617, G012696, G012739, G012886, G013001, G013041, G013230, G013368, G013445, G013447, G013598, G014040, G014064, G014095, G014343, G014412, G014442, G014615, G014675, G014683, G014688, G014710, G014727, G014797, G014884, G014953, G015334, G015369, G015443, G015510, G015579, G015600, G015602, G015744, G016145, G016168, G016258, G016282, G016378, G016382, G016386, G016414, G016421, G016499, G016583, G016643, G016675, G016676, G016682, G016688, G016750, G016819, G016829, G016930, G016935, G017027, G017110, G017464, G017480, G017606, G017607, G017621, G017709, G017812, G017893, G017895, G017941, G017972, G018129, G018227, G018326, G018363, G018392, G018399, G018421, G018422, G018508, G018528, G018592, G018657, G018659, G018931, G019039, G019040, G019051, G019114, G019194, G019432, G019434, G019507, G019519, G019530, G019551, G019554, G019622, G019676, G019688, G019718, G019739, G019960, G020090, G020247, G020375, G020406, G020501, G020687, G020759, G020917, G020982, G021062, G021069, G021197, G021313, G021404, G021422, G021486, G021490, G021520, G021590, G021722, G021940, G021947, G021958, G021970, G022119, G022136, G022168, G022175, G022233, G022268, G022280, G022282, G022496, G022550, G022557, G022592, G022693, G022752, G022797, G022811, G022845, G022992, G022994, G023001, G023008, G023038, G023164, G023196, G023258, G023290, G023343, G023694, G023703, G023736, G023760, G023782, G023819, G024143, G024505, G024597, G024703, G024781, G024930, G024933, G024938, G025013, G025075, G025076, G025129, G025273, G025469, G025549, G025564, G025568, G025605, G025637, G025642, G025688, G025691, G025721, G025923, G025943, G025955, G026012, G026145, G026157, G026228, G026268, G026322, G026353, G026423, G026450, G026474, G026496, G026536, G026638, G026692, G026703, G026734, G026754, G026764, G026858, G026977, G027188, G027263, G027314, G027428, G027521, G027573, G027633, G027709, G027766, G027872, G027909, G027913, G027916, G027958, G028100, G028114, G028151, G028194, G028274, G028323, G028324, G028876
GO:0006397	BP	e	mRNA processing	88/2037	255/11561	5.96477671817241e-11	8	88	1.9419608772449888e-08	G000843, G001354, G001678, G001871, G004056, G004282, G004311, G004343, G004848, G005189, G005215, G005485, G005846, G005860, G005941, G005981, G006274, G006725, G007050, G007133, G007410, G007553, G008023, G008146, G009020, G009027, G009401, G009464, G009535, G009869, G010794, G011523, G011629, G012016, G012116, G012411, G013032, G013445, G013598, G014326, G014364, G014697, G015744, G016220, G016258, G016680, G016838, G016856, G017098, G017907, G017983, G018369, G018392, G018420, G018462, G018891, G019194, G019620, G019751, G020520, G021462, G022347, G022459, G022533, G022811, G022929, G023258, G024429, G024781, G025272, G025368, G025469, G025688, G026322, G026526, G026624, G026758, G026768, G026825, G027084, G027385, G027640, G027766, G027957, G027960, G027989, G028100, G028114
GO:0051983	BP	e	regulation of chromosome segregation	35/2037	66/11561	6.679629471385277e-11	6	35	2.114288272956534e-08	G001369, G001856, G002502, G002553, G003518, G004851, G005514, G005979, G007282, G008293, G009983, G010049, G010493, G011365, G011867, G012008, G012059, G012063, G013016, G013933, G016168, G016789, G017835, G020247, G021298, G021637, G022459, G022652, G023345, G023638, G024116, G025228, G027872, G027906, G028393
GO:0000122	BP	e	negative regulation of transcription by RNA polymerase II	83/2037	239/11561	1.4750339614975167e-10	10	83	4.5427059435849197e-08	G000560, G001215, G001369, G001394, G001797, G002328, G002339, G002340, G002384, G002591, G003478, G003737, G004259, G005473, G005920, G005979, G006271, G006274, G006607, G007178, G007819, G008980, G009285, G009332, G009983, G010468, G010749, G011310, G011505, G011720, G011847, G011919, G012008, G012019, G012589, G012696, G013001, G013041, G013230, G014710, G015600, G016258, G016414, G016583, G016643, G016829, G016935, G017480, G017606, G017621, G017812, G018399, G018592, G018931, G019551, G019718, G019739, G020090, G020406, G020501, G020982, G021062, G021197, G021520, G022119, G022496, G022752, G023001, G023038, G023164, G023196, G023703, G024930, G024933, G024938, G025076, G025564, G025721, G026536, G026703, G027521, G027872, G028274
GO:1902099	BP	e	regulation of metaphase/anaphase transition of cell cycle	30/2037	53/11561	1.814070629395694e-10	8	30	5.3003422620420344e-08	G001369, G002502, G002553, G003518, G004851, G005979, G008293, G009983, G010049, G010493, G011365, G011867, G012008, G012059, G012063, G013933, G016168, G016789, G017835, G020247, G021298, G021637, G022459, G022652, G023345, G023638, G024116, G025228, G027872, G028393
GO:0030071	BP	e	regulation of mitotic metaphase/anaphase transition	30/2037	53/11561	1.814070629395694e-10	9	30	5.3003422620420344e-08	G001369, G002502, G002553, G003518, G004851, G005979, G008293, G009983, G010049, G010493, G011365, G011867, G012008, G012059, G012063, G013933, G016168, G016789, G017835, G020247, G021298, G021637, G022459, G022652, G023345, G023638, G024116, G025228, G027872, G028393
GO:0051301	BP	e	cell division	104/2037	326/11561	1.9865110633740815e-10	2	104	5.6590733917869146e-08	G000956, G001369, G001809, G001855, G001856, G001860, G002107, G002431, G002502, G002553, G002616, G003018, G003381, G003518, G003692, G003729, G003815, G004797, G004851, G004908, G005092, G005193, G006365, G006441, G006797, G007002, G007282, G007537, G009412, G009448, G009634, G009665, G009734, G010145, G010146, G010897, G010965, G011365, G011765, G011867, G012007, G012059, G012138, G013016, G013038, G013347, G013443, G013465, G013933, G014002, G014377, G015334, G016282, G016347, G016601, G016727, G016789, G017062, G017607, G017780, G017835, G018513, G019622, G020090, G020153, G020370, G020505, G020760, G020977, G021062, G021298, G021422, G021485, G021578, G022123, G022175, G022296, G022357, G022363, G022727, G022913, G023001, G023638, G023694, G023905, G024071, G024072, G024651, G024663, G024757, G025228, G025565, G025637, G025642, G026231, G027198, G027386, G027445, G027872, G027909, G028049, G028393, G028559, G028761
GO:0043933	BP	e	protein-containing complex organization	236/2037	927/11561	4.5290431004455146e-10	4	236	1.2587425885262595e-07	G001115, G001200, G001335, G001369, G001394, G001462, G001479, G001560, G001757, G002107, G002270, G002324, G002439, G002591, G003109, G003423, G003548, G003549, G003608, G003611, G003700, G003730, G003814, G003826, G003973, G004093, G004113, G004114, G004176, G004221, G004259, G004282, G004403, G004462, G004504, G004564, G004567, G004797, G005473, G005846, G005979, G006004, G006182, G006256, G006271, G006274, G006433, G006439, G006569, G006571, G006730, G006768, G006811, G006980, G007269, G007277, G007819, G008039, G008379, G008870, G008878, G008970, G008980, G009338, G009397, G009470, G009682, G009695, G009991, G010049, G010125, G010131, G010460, G010493, G010548, G010662, G010698, G010891, G011120, G011181, G011294, G011296, G011310, G011614, G011691, G011842, G011847, G011867, G011919, G012008, G012138, G012186, G012568, G012589, G012594, G013038, G013190, G013211, G013230, G013465, G013545, G013862, G013933, G014064, G014412, G014415, G014442, G014664, G014688, G014710, G014727, G014884, G015461, G015814, G016168, G016262, G016383, G016386, G016458, G016499, G016643, G016675, G016676, G016680, G016682, G016688, G016819, G016935, G017027, G017062, G017480, G017607, G017621, G017780, G017907, G017972, G018129, G018234, G018302, G018352, G018358, G018392, G018421, G018462, G018475, G018523, G018559, G018659, G018830, G018931, G019044, G019225, G019432, G019434, G019454, G019457, G019463, G019519, G019554, G019718, G019739, G019960, G019961, G020233, G020247, G020402, G020443, G020501, G020520, G020765, G020830, G020982, G021197, G021465, G021490, G021520, G021912, G021940, G022149, G022233, G022251, G022254, G022280, G022282, G022557, G022584, G022652, G022797, G022844, G023001, G023008, G023038, G023079, G023343, G023345, G023348, G023534, G023694, G024355, G024505, G024507, G024597, G024814, G024938, G025384, G025637, G025642, G025721, G026112, G026157, G026228, G026268, G026322, G026351, G026450, G026474, G026503, G026536, G026703, G026734, G026754, G026858, G027009, G027394, G027633, G027728, G027731, G027766, G027872, G027909, G027913, G027919, G028029, G028099, G028274, G028393
GO:0033044	BP	e	regulation of chromosome organization	59/2037	152/11561	5.059214412491736e-10	6	59	1.3726130531034125e-07	G000606, G001130, G001261, G001369, G001856, G002502, G002553, G003518, G003730, G003826, G004403, G004851, G005979, G006034, G006182, G008293, G008980, G009983, G010049, G010493, G010662, G010673, G010974, G011120, G011296, G011365, G011842, G011867, G012008, G012059, G012063, G012598, G013016, G013265, G013933, G014683, G016168, G016675, G016676, G016682, G016789, G017621, G017835, G019051, G020247, G021062, G021298, G021637, G021940, G022282, G022459, G022652, G023345, G023638, G024116, G025228, G027872, G028034, G028393
GO:0010556	BP	e	regulation of macromolecule biosynthetic process	391/2037	1701/11561	9.752055205511549e-10	6	391	2.5842946294605605e-07	G000560, G000606, G000990, G001068, G001115, G001200, G001215, G001233, G001247, G001335, G001354, G001362, G001369, G001394, G001411, G001505, G001565, G001757, G001797, G002008, G002089, G002270, G002328, G002339, G002340, G002384, G002438, G002459, G002591, G003311, G003423, G003478, G003546, G003548, G003549, G003574, G003646, G003700, G003730, G003737, G003755, G003764, G003782, G003826, G003908, G003931, G004110, G004132, G004176, G004220, G004259, G004282, G004322, G004343, G004403, G004435, G004564, G004583, G004599, G004879, G005103, G005156, G005189, G005215, G005217, G005282, G005283, G005329, G005473, G005634, G005670, G005835, G005846, G005860, G005883, G005920, G005979, G006004, G006034, G006182, G006198, G006256, G006260, G006271, G006274, G006356, G006406, G006411, G006581, G006607, G007050, G007178, G007201, G007236, G007274, G007384, G007410, G007553, G007609, G007805, G007819, G007992, G008025, G008039, G008249, G008341, G008415, G008423, G008454, G008600, G008621, G008845, G008870, G008980, G009285, G009331, G009332, G009397, G009464, G009682, G009869, G009946, G009960, G009983, G009991, G010049, G010063, G010464, G010468, G010493, G010527, G010662, G010673, G010698, G010749, G010794, G010796, G010974, G010982, G011052, G011120, G011296, G011310, G011332, G011505, G011546, G011614, G011691, G011720, G011799, G011842, G011847, G011867, G011897, G011919, G012008, G012019, G012072, G012116, G012176, G012449, G012589, G012594, G012617, G012696, G012739, G012886, G013001, G013041, G013230, G013265, G013368, G013445, G013447, G013598, G014040, G014064, G014095, G014343, G014412, G014442, G014615, G014675, G014683, G014688, G014710, G014727, G014797, G014884, G014953, G015334, G015369, G015443, G015510, G015579, G015600, G015602, G015744, G016145, G016168, G016258, G016282, G016378, G016382, G016386, G016414, G016421, G016499, G016583, G016643, G016675, G016676, G016682, G016688, G016750, G016819, G016829, G016930, G016935, G017027, G017110, G017464, G017480, G017606, G017607, G017621, G017709, G017812, G017893, G017895, G017941, G017972, G018129, G018227, G018326, G018363, G018392, G018399, G018421, G018422, G018508, G018528, G018592, G018657, G018659, G018931, G019039, G019040, G019051, G019114, G019194, G019432, G019434, G019507, G019519, G019530, G019551, G019554, G019622, G019676, G019688, G019718, G019739, G019960, G020090, G020247, G020375, G020406, G020501, G020687, G020759, G020917, G020982, G021062, G021069, G021197, G021313, G021404, G021422, G021486, G021490, G021520, G021590, G021722, G021841, G021940, G021947, G021958, G021970, G022119, G022136, G022168, G022175, G022233, G022268, G022280, G022282, G022496, G022550, G022557, G022592, G022693, G022752, G022797, G022811, G022845, G022992, G022994, G023001, G023008, G023038, G023164, G023196, G023258, G023290, G023343, G023694, G023703, G023736, G023760, G023782, G023819, G024143, G024505, G024597, G024703, G024781, G024930, G024933, G024938, G025013, G025075, G025076, G025129, G025273, G025469, G025549, G025564, G025568, G025605, G025637, G025642, G025688, G025691, G025721, G025923, G025943, G025955, G026012, G026145, G026157, G026228, G026268, G026322, G026353, G026423, G026450, G026474, G026496, G026536, G026638, G026692, G026703, G026734, G026754, G026764, G026858, G026977, G027188, G027263, G027314, G027428, G027521, G027573, G027633, G027709, G027765, G027766, G027872, G027909, G027913, G027916, G027958, G028100, G028114, G028151, G028194, G028274, G028323, G028324, G028876
GO:0033045	BP	e	regulation of sister chromatid segregation	30/2037	56/11561	1.1147572848036465e-09	7	30	2.88696801371308e-07	G001369, G002502, G002553, G003518, G004851, G005979, G008293, G009983, G010049, G010493, G011365, G011867, G012008, G012059, G012063, G013933, G016168, G016789, G017835, G020247, G021298, G021637, G022459, G022652, G023345, G023638, G024116, G025228, G027872, G028393
GO:0006260	BP	e	DNA replication	45/2037	105/11561	1.2722859400706812e-09	7	45	3.2217107304678693e-07	G000576, G000577, G001472, G001520, G001565, G003521, G003700, G004282, G005764, G006339, G006441, G006730, G008685, G009338, G010662, G012787, G013265, G013444, G014095, G014752, G016443, G016688, G017109, G017314, G018295, G018352, G019225, G020153, G021062, G021358, G021465, G021841, G022376, G022801, G023348, G024170, G024355, G024814, G024842, G026003, G026474, G027728, G027909, G027913, G028034
GO:0031326	BP	e	regulation of cellular biosynthetic process	394/2037	1725/11561	1.885224758714691e-09	5	394	4.670029592511719e-07	G000560, G000606, G000990, G001068, G001115, G001200, G001215, G001233, G001247, G001335, G001354, G001362, G001369, G001394, G001411, G001505, G001565, G001757, G001797, G002008, G002089, G002270, G002328, G002339, G002340, G002384, G002438, G002459, G002591, G003311, G003423, G003478, G003546, G003548, G003549, G003574, G003646, G003700, G003730, G003737, G003755, G003764, G003782, G003826, G003908, G003931, G004110, G004132, G004176, G004220, G004259, G004282, G004322, G004343, G004403, G004435, G004455, G004564, G004583, G004599, G004879, G005103, G005156, G005189, G005215, G005217, G005282, G005283, G005329, G005473, G005634, G005670, G005835, G005846, G005860, G005883, G005920, G005979, G006004, G006034, G006182, G006198, G006256, G006260, G006271, G006274, G006356, G006406, G006411, G006581, G006607, G007050, G007178, G007201, G007236, G007274, G007384, G007410, G007553, G007609, G007805, G007819, G007992, G008025, G008039, G008249, G008341, G008415, G008423, G008454, G008600, G008621, G008845, G008870, G008980, G009285, G009331, G009332, G009397, G009464, G009682, G009869, G009946, G009960, G009983, G009991, G010049, G010063, G010464, G010468, G010493, G010527, G010662, G010673, G010698, G010749, G010794, G010796, G010974, G010982, G011052, G011120, G011296, G011310, G011332, G011505, G011546, G011614, G011691, G011720, G011799, G011842, G011847, G011867, G011897, G011919, G012008, G012019, G012072, G012116, G012176, G012449, G012589, G012594, G012617, G012696, G012739, G012886, G013001, G013041, G013230, G013265, G013368, G013445, G013447, G013598, G014040, G014064, G014095, G014343, G014412, G014442, G014615, G014675, G014683, G014688, G014710, G014727, G014797, G014884, G014953, G015334, G015369, G015443, G015510, G015579, G015600, G015602, G015744, G016145, G016168, G016258, G016282, G016378, G016382, G016386, G016414, G016421, G016499, G016583, G016643, G016675, G016676, G016682, G016688, G016750, G016752, G016819, G016829, G016852, G016930, G016935, G017027, G017110, G017464, G017480, G017606, G017607, G017621, G017709, G017812, G017893, G017895, G017941, G017972, G018129, G018227, G018326, G018363, G018392, G018399, G018421, G018422, G018508, G018528, G018592, G018657, G018659, G018931, G019039, G019040, G019051, G019114, G019194, G019432, G019434, G019507, G019519, G019530, G019551, G019554, G019622, G019676, G019688, G019718, G019739, G019960, G020090, G020247, G020375, G020406, G020501, G020687, G020759, G020917, G020982, G021062, G021069, G021197, G021313, G021404, G021422, G021486, G021490, G021520, G021590, G021722, G021841, G021940, G021947, G021958, G021970, G022119, G022136, G022168, G022175, G022233, G022268, G022280, G022282, G022496, G022550, G022557, G022592, G022693, G022752, G022797, G022811, G022845, G022992, G022994, G023001, G023008, G023038, G023164, G023196, G023258, G023290, G023343, G023694, G023703, G023736, G023760, G023782, G023819, G024143, G024505, G024597, G024703, G024781, G024930, G024933, G024938, G025013, G025075, G025076, G025129, G025273, G025469, G025549, G025564, G025568, G025605, G025637, G025642, G025688, G025691, G025721, G025923, G025943, G025955, G026012, G026145, G026157, G026228, G026268, G026322, G026353, G026423, G026450, G026474, G026496, G026536, G026638, G026692, G026703, G026734, G026754, G026764, G026858, G026977, G027188, G027263, G027314, G027428, G027521, G027573, G027633, G027709, G027765, G027766, G027872, G027909, G027913, G027916, G027958, G028100, G028114, G028151, G028194, G028274, G028323, G028324, G028876
GO:0060255	BP	e	regulation of macromolecule metabolic process	482/2037	2180/11561	2.363876531413269e-09	4	482	5.731143207543447e-07	G000490, G000560, G000606, G000755, G000832, G000990, G001068, G001115, G001130, G001200, G001215, G001233, G001247, G001261, G001266, G001289, G001335, G001354, G001362, G001369, G001394, G001411, G001430, G001479, G001505, G001565, G001650, G001757, G001797, G001809, G002001, G002008, G002045, G002089, G002270, G002328, G002339, G002340, G002384, G002438, G002459, G002553, G002591, G003018, G003311, G003423, G003478, G003546, G003548, G003549, G003574, G003586, G003646, G003700, G003730, G003737, G003755, G003764, G003782, G003815, G003822, G003826, G003908, G003931, G004110, G004132, G004176, G004220, G004259, G004282, G004322, G004343, G004403, G004435, G004455, G004504, G004564, G004583, G004599, G004851, G004879, G004908, G005103, G005156, G005189, G005215, G005217, G005282, G005283, G005329, G005473, G005634, G005670, G005835, G005843, G005846, G005860, G005883, G005920, G005979, G006004, G006034, G006100, G006182, G006198, G006256, G006260, G006271, G006274, G006356, G006406, G006411, G006483, G006581, G006607, G006768, G006834, G006969, G007002, G007050, G007178, G007201, G007236, G007274, G007384, G007410, G007553, G007609, G007617, G007619, G007805, G007819, G007992, G007993, G008025, G008039, G008249, G008341, G008415, G008423, G008454, G008600, G008621, G008698, G008845, G008870, G008980, G009285, G009331, G009332, G009397, G009448, G009464, G009682, G009869, G009946, G009960, G009983, G009991, G010049, G010063, G010131, G010274, G010464, G010468, G010493, G010506, G010527, G010548, G010662, G010673, G010698, G010749, G010794, G010796, G010974, G010982, G011052, G011120, G011287, G011296, G011310, G011332, G011447, G011505, G011546, G011614, G011691, G011720, G011799, G011842, G011847, G011867, G011897, G011919, G012008, G012019, G012032, G012059, G012072, G012116, G012176, G012449, G012589, G012594, G012617, G012696, G012739, G012859, G012886, G013001, G013038, G013041, G013230, G013265, G013287, G013368, G013445, G013447, G013598, G014002, G014040, G014064, G014095, G014343, G014412, G014442, G014615, G014660, G014675, G014683, G014688, G014710, G014727, G014797, G014855, G014884, G014953, G015334, G015369, G015443, G015510, G015579, G015600, G015602, G015603, G015714, G015744, G015815, G016145, G016168, G016237, G016258, G016282, G016378, G016382, G016386, G016414, G016421, G016499, G016579, G016583, G016643, G016675, G016676, G016682, G016688, G016750, G016789, G016819, G016829, G016930, G016935, G016969, G017027, G017062, G017110, G017126, G017191, G017234, G017422, G017464, G017480, G017571, G017606, G017607, G017621, G017709, G017812, G017815, G017835, G017893, G017895, G017941, G017972, G018129, G018227, G018326, G018363, G018392, G018397, G018399, G018421, G018422, G018508, G018514, G018528, G018592, G018657, G018659, G018931, G019039, G019040, G019051, G019114, G019194, G019382, G019432, G019434, G019507, G019519, G019530, G019551, G019554, G019622, G019676, G019688, G019718, G019739, G019839, G019960, G019989, G020075, G020090, G020123, G020160, G020247, G020375, G020406, G020501, G020505, G020687, G020759, G020917, G020982, G021062, G021069, G021197, G021313, G021358, G021404, G021422, G021486, G021490, G021520, G021590, G021637, G021722, G021741, G021841, G021940, G021947, G021958, G021970, G022119, G022136, G022168, G022175, G022233, G022251, G022268, G022280, G022282, G022496, G022550, G022557, G022592, G022693, G022752, G022797, G022811, G022845, G022944, G022992, G022994, G023001, G023008, G023038, G023164, G023196, G023258, G023290, G023343, G023345, G023694, G023703, G023736, G023760, G023782, G023819, G024143, G024214, G024445, G024505, G024597, G024703, G024781, G024930, G024933, G024938, G024964, G025013, G025075, G025076, G025129, G025273, G025352, G025443, G025469, G025549, G025564, G025568, G025605, G025637, G025642, G025688, G025691, G025721, G025923, G025943, G025955, G026012, G026145, G026157, G026228, G026268, G026322, G026353, G026423, G026450, G026474, G026496, G026536, G026638, G026692, G026703, G026734, G026754, G026764, G026858, G026949, G026977, G027188, G027263, G027314, G027428, G027521, G027573, G027633, G027644, G027709, G027765, G027766, G027805, G027872, G027884, G027906, G027909, G027913, G027916, G027958, G027998, G028100, G028114, G028151, G028194, G028274, G028323, G028324, G028393, G028462, G028876
GO:0006396	BP	e	RNA processing	127/2037	440/11561	3.101992348708793e-09	7	127	7.364000586153477e-07	G000843, G001354, G001678, G001757, G001871, G002485, G003311, G004056, G004282, G004311, G004343, G004848, G005189, G005215, G005329, G005485, G005763, G005846, G005860, G005941, G005981, G006274, G006406, G006725, G007007, G007050, G007095, G007133, G007410, G007553, G007590, G007609, G008023, G008146, G009020, G009027, G009401, G009464, G009535, G009682, G009869, G010794, G010989, G011148, G011523, G011629, G012016, G012116, G012411, G012668, G013032, G013445, G013598, G014326, G014364, G014664, G014697, G014807, G015744, G016220, G016258, G016271, G016500, G016675, G016676, G016680, G016682, G016838, G016856, G017098, G017206, G017272, G017464, G017527, G017907, G017983, G018280, G018369, G018392, G018420, G018462, G018891, G019194, G019382, G019620, G019751, G020223, G020464, G020520, G021462, G021661, G022119, G022254, G022347, G022459, G022533, G022553, G022580, G022660, G022811, G022929, G023258, G024429, G024781, G025272, G025368, G025469, G025549, G025688, G026322, G026526, G026624, G026758, G026768, G026825, G027084, G027385, G027458, G027640, G027709, G027766, G027957, G027960, G027989, G028100, G028114, G028151
GO:0009892	BP	e	negative regulation of metabolic process	269/2037	1109/11561	4.461769033976437e-09	4	269	1.0326356104685611e-06	G000490, G000560, G000990, G001115, G001200, G001215, G001233, G001261, G001289, G001335, G001354, G001362, G001369, G001394, G001411, G001430, G001505, G001544, G001565, G001650, G001757, G001797, G002270, G002328, G002339, G002340, G002384, G002459, G002553, G002591, G003018, G003311, G003423, G003478, G003574, G003700, G003737, G003755, G003764, G003826, G004132, G004176, G004259, G004282, G004322, G004343, G004564, G004599, G004851, G004879, G005103, G005189, G005329, G005473, G005476, G005634, G005843, G005846, G005920, G005979, G006004, G006100, G006116, G006182, G006260, G006271, G006274, G006356, G006581, G006607, G007050, G007178, G007201, G007236, G007617, G007619, G007819, G007992, G008341, G008415, G008621, G008845, G008980, G009285, G009332, G009682, G009983, G010063, G010274, G010468, G010493, G010506, G010527, G010662, G010673, G010698, G010749, G010796, G010974, G011120, G011296, G011310, G011332, G011505, G011614, G011720, G011842, G011847, G011867, G011919, G012008, G012019, G012032, G012059, G012072, G012176, G012589, G012594, G012617, G012696, G013001, G013041, G013230, G013368, G013445, G013598, G013788, G014040, G014064, G014343, G014615, G014683, G014688, G014710, G014727, G014953, G015334, G015369, G015510, G015600, G015602, G015854, G015864, G016168, G016237, G016258, G016378, G016386, G016414, G016499, G016579, G016583, G016643, G016675, G016676, G016682, G016750, G016752, G016789, G016819, G016829, G016852, G016930, G016935, G017464, G017480, G017606, G017607, G017621, G017709, G017812, G017815, G017835, G017895, G017972, G018227, G018363, G018399, G018421, G018430, G018528, G018592, G018657, G018659, G018931, G019039, G019040, G019051, G019194, G019382, G019432, G019434, G019530, G019551, G019622, G019676, G019688, G019718, G019739, G019960, G019989, G020090, G020160, G020247, G020375, G020406, G020501, G020505, G020687, G020982, G021062, G021069, G021197, G021313, G021520, G021722, G021940, G022119, G022136, G022168, G022233, G022251, G022268, G022282, G022496, G022752, G022845, G022944, G023001, G023038, G023164, G023196, G023703, G024214, G024781, G024930, G024933, G024938, G025075, G025076, G025273, G025352, G025443, G025469, G025564, G025637, G025642, G025688, G025721, G026322, G026474, G026496, G026536, G026638, G026692, G026703, G026734, G026764, G026858, G027521, G027709, G027872, G027906, G027958, G028100, G028194, G028274, G028323, G028324
GO:0000226	BP	e	microtubule cytoskeleton organization	75/2037	223/11561	6.721644255524441e-09	6	75	1.4729449286865577e-06	G000956, G001120, G001295, G001860, G002553, G003608, G003611, G003764, G003973, G004194, G004797, G004852, G004964, G005003, G005084, G005215, G005634, G006365, G006414, G006415, G006834, G008006, G008471, G008878, G009414, G009983, G010956, G011691, G012007, G012668, G013347, G013443, G013465, G013846, G013933, G014059, G014415, G014799, G015818, G015945, G016374, G016707, G016727, G016803, G017062, G017835, G019688, G020285, G020423, G020666, G020701, G021298, G021313, G021637, G021921, G021940, G022123, G022186, G022652, G022856, G023638, G023905, G024111, G024354, G024493, G025565, G026293, G026748, G026919, G027198, G027445, G027916, G028199, G028337, G028432
GO:0033554	BP	e	cellular response to stress	222/2037	889/11561	8.959301493572412e-09	3	222	1.926249821118069e-06	G000002, G000009, G000012, G000217, G000576, G000577, G000755, G001130, G001261, G001472, G001479, G001565, G001735, G002001, G002324, G002339, G002394, G002614, G003018, G003550, G003647, G003700, G003730, G003782, G003815, G003826, G003908, G003930, G004176, G004403, G004435, G004455, G004504, G005092, G005103, G005134, G005387, G005473, G005679, G005910, G005981, G006004, G006198, G006411, G006553, G006569, G006571, G006581, G006730, G006768, G006811, G006834, G007050, G007159, G007617, G007619, G007992, G008241, G008293, G008698, G009414, G009535, G009786, G009983, G010049, G010131, G010267, G010274, G010578, G010662, G010700, G010796, G010799, G011052, G011120, G011296, G011447, G011595, G011691, G011720, G012066, G012072, G012176, G012307, G012739, G013001, G013038, G013041, G013194, G013230, G013263, G013265, G013287, G013355, G013444, G013447, G013788, G014040, G014064, G014095, G014213, G014377, G014615, G014629, G014660, G014683, G014732, G014953, G015602, G015731, G015815, G016205, G016258, G016282, G016436, G016437, G016443, G016499, G016579, G016819, G016935, G017191, G017314, G017422, G017457, G017607, G017621, G017709, G017972, G018143, G018234, G018295, G018352, G018363, G018397, G018421, G018453, G018513, G018528, G018645, G018657, G018853, G018989, G019039, G019051, G019194, G019432, G019434, G019475, G019676, G019688, G019718, G019737, G019739, G019751, G020123, G020153, G020160, G020175, G020402, G020702, G020711, G020831, G021062, G021069, G021358, G021422, G021465, G021487, G021520, G021628, G021722, G021841, G021940, G021958, G022233, G022240, G022254, G022282, G022296, G022300, G022315, G022376, G022633, G022693, G022727, G022867, G023001, G023038, G023658, G023703, G024116, G024464, G024470, G024814, G024842, G025352, G025384, G025682, G025691, G025923, G026003, G026157, G026268, G026423, G026536, G026703, G026775, G026825, G026949, G026950, G026977, G027350, G027428, G027575, G027728, G027738, G027872, G027913, G028034, G028376, G028468
GO:0006282	BP	e	regulation of DNA repair	43/2037	104/11561	1.257978795900144e-08	7	43	2.6545682183855813e-06	G001261, G001565, G003826, G004176, G004282, G004504, G005473, G005670, G005835, G005979, G006271, G006274, G007992, G007993, G008039, G008870, G010049, G010493, G011120, G011287, G011296, G011691, G012072, G013001, G013038, G013230, G013265, G014064, G016168, G016579, G017571, G017607, G017621, G019051, G019718, G019739, G020123, G020247, G021358, G022797, G023345, G026450, G027633
GO:0007017	BP	e	microtubule-based process	124/2037	437/11561	1.3769703785228124e-08	2	124	2.829584869465544e-06	G000956, G001120, G001295, G001355, G001462, G001814, G001860, G002553, G003313, G003608, G003611, G003764, G003973, G004194, G004797, G004852, G004908, G004964, G005003, G005084, G005215, G005634, G006277, G006365, G006414, G006415, G006679, G006834, G007277, G008006, G008215, G008296, G008471, G008878, G009201, G009414, G009470, G009916, G009983, G010891, G010956, G011129, G011239, G011298, G011472, G011691, G012007, G012139, G012620, G012668, G013347, G013443, G013465, G013846, G013933, G014058, G014059, G014415, G014799, G015164, G015209, G015507, G015818, G015944, G015945, G016374, G016407, G016707, G016727, G016803, G016821, G017062, G017835, G018005, G018559, G019051, G019688, G020095, G020158, G020285, G020423, G020666, G020701, G021062, G021298, G021313, G021485, G021487, G021637, G021672, G021921, G021940, G021958, G022123, G022186, G022652, G022856, G023001, G023341, G023638, G023905, G024111, G024354, G024493, G025565, G026112, G026293, G026577, G026703, G026748, G026883, G026908, G026919, G027188, G027198, G027221, G027394, G027445, G027722, G027916, G028199, G028337, G028432, G028560
GO:0007346	BP	e	regulation of mitotic cell cycle	78/2037	239/11561	1.3905814189563008e-08	5	78	2.829584869465544e-06	G001130, G001247, G001369, G001565, G001678, G002001, G002502, G002553, G003518, G003815, G004455, G004851, G004908, G005979, G006004, G007002, G007282, G007617, G008293, G009535, G009786, G009983, G010049, G010493, G010506, G010578, G010965, G011120, G011365, G011867, G012008, G012019, G012059, G012063, G012787, G013038, G013443, G013933, G014095, G016168, G016382, G016443, G016601, G016602, G016789, G016856, G017835, G017941, G018234, G018513, G019676, G020153, G020175, G020247, G020711, G021062, G021298, G021358, G021465, G021637, G022459, G022652, G023196, G023345, G023348, G023638, G023703, G023905, G024116, G025228, G025565, G026231, G026423, G026734, G026977, G027872, G028274, G028393
GO:0006259	BP	e	DNA metabolic process	181/2037	698/11561	1.4465878477682658e-08	6	181	2.8919067588279632e-06	G000576, G000577, G000755, G000993, G001130, G001261, G001472, G001520, G001565, G001735, G002107, G002324, G002339, G003521, G003647, G003700, G003782, G003815, G003826, G004176, G004282, G004435, G004455, G004504, G005092, G005134, G005329, G005387, G005473, G005679, G005764, G005825, G005910, G005981, G006004, G006339, G006441, G006730, G006768, G006811, G006834, G007050, G007270, G007617, G007619, G007819, G007992, G008241, G008293, G008685, G008698, G009338, G009414, G009617, G009786, G010049, G010578, G010662, G011052, G011120, G011197, G011296, G011595, G011691, G011867, G012059, G012072, G012598, G012787, G013001, G013038, G013230, G013263, G013265, G013287, G013444, G014064, G014095, G014213, G014377, G014445, G014629, G014660, G014683, G014732, G014752, G015461, G015815, G016205, G016436, G016437, G016443, G016579, G016657, G016688, G016819, G016935, G017109, G017191, G017314, G017422, G017464, G017571, G017607, G017621, G017709, G018143, G018144, G018234, G018290, G018295, G018302, G018352, G018363, G018421, G018513, G018657, G018853, G019051, G019225, G019718, G019739, G019751, G019960, G020123, G020153, G020175, G020402, G020515, G020540, G020563, G020702, G020711, G021040, G021062, G021069, G021358, G021465, G021487, G021841, G021940, G022282, G022296, G022376, G022801, G023348, G023658, G023900, G024107, G024116, G024170, G024355, G024464, G024470, G024814, G024842, G025352, G025384, G025637, G025642, G026003, G026157, G026423, G026474, G026536, G026734, G026775, G026825, G026977, G027350, G027428, G027728, G027765, G027909, G027913, G028034, G028094, G028365, G028376, G028637, G028875
GO:0071840	BP	e	cellular component organization or biogenesis	563/2037	2637/11561	1.8948282321504546e-08	2	563	3.6709212801541557e-06	G000560, G000832, G000956, G001037, G001115, G001120, G001130, G001200, G001261, G001289, G001295, G001335, G001355, G001363, G001369, G001394, G001462, G001468, G001479, G001505, G001514, G001560, G001565, G001681, G001757, G001813, G001814, G001855, G001856, G001860, G001998, G002001, G002104, G002107, G002126, G002270, G002309, G002324, G002431, G002439, G002553, G002591, G003109, G003191, G003313, G003333, G003423, G003548, G003549, G003608, G003611, G003647, G003692, G003700, G003730, G003764, G003814, G003826, G003930, G003973, G004093, G004113, G004114, G004176, G004194, G004212, G004220, G004221, G004259, G004282, G004309, G004336, G004381, G004403, G004462, G004504, G004536, G004564, G004567, G004757, G004797, G004852, G004964, G005003, G005041, G005084, G005092, G005103, G005215, G005473, G005485, G005487, G005540, G005634, G005733, G005825, G005843, G005846, G005910, G005920, G005979, G006000, G006004, G006182, G006198, G006199, G006256, G006271, G006274, G006277, G006312, G006365, G006414, G006415, G006432, G006433, G006439, G006506, G006569, G006571, G006730, G006768, G006811, G006834, G006843, G006906, G006969, G006980, G007218, G007269, G007277, G007282, G007384, G007800, G007806, G007819, G008006, G008025, G008039, G008241, G008249, G008369, G008379, G008423, G008471, G008551, G008870, G008878, G008970, G008980, G009201, G009285, G009338, G009397, G009414, G009470, G009486, G009634, G009665, G009682, G009695, G009734, G009852, G009886, G009893, G009946, G009983, G009991, G010049, G010125, G010131, G010145, G010146, G010265, G010274, G010302, G010460, G010493, G010535, G010548, G010616, G010662, G010698, G010700, G010891, G010956, G010966, G011097, G011120, G011129, G011181, G011227, G011281, G011294, G011296, G011310, G011472, G011513, G011520, G011546, G011614, G011638, G011691, G011720, G011765, G011783, G011842, G011847, G011867, G011897, G011919, G012007, G012008, G012066, G012138, G012176, G012186, G012307, G012499, G012568, G012589, G012594, G012598, G012668, G012823, G012962, G012969, G012970, G013001, G013016, G013038, G013095, G013190, G013211, G013230, G013347, G013443, G013444, G013465, G013480, G013545, G013598, G013846, G013862, G013933, G014003, G014040, G014058, G014059, G014061, G014064, G014412, G014415, G014442, G014445, G014562, G014594, G014615, G014664, G014668, G014675, G014688, G014692, G014710, G014727, G014799, G014884, G014953, G015164, G015209, G015257, G015358, G015461, G015507, G015564, G015579, G015602, G015814, G015818, G015871, G015944, G015945, G016168, G016262, G016358, G016374, G016383, G016386, G016407, G016436, G016437, G016458, G016499, G016583, G016643, G016657, G016675, G016676, G016680, G016682, G016688, G016707, G016727, G016746, G016752, G016789, G016803, G016819, G016821, G016935, G016977, G017027, G017062, G017268, G017272, G017343, G017444, G017480, G017607, G017621, G017780, G017827, G017835, G017907, G017972, G018129, G018234, G018256, G018280, G018295, G018302, G018345, G018352, G018358, G018392, G018421, G018422, G018430, G018462, G018475, G018514, G018523, G018559, G018592, G018644, G018645, G018657, G018659, G018701, G018719, G018830, G018931, G018989, G019040, G019044, G019051, G019225, G019321, G019398, G019432, G019434, G019454, G019457, G019463, G019519, G019554, G019676, G019688, G019718, G019739, G019960, G019961, G020095, G020158, G020175, G020233, G020247, G020285, G020370, G020402, G020406, G020423, G020442, G020443, G020501, G020505, G020520, G020557, G020666, G020701, G020741, G020765, G020830, G020865, G020963, G020982, G021034, G021062, G021069, G021197, G021298, G021313, G021435, G021465, G021485, G021487, G021490, G021512, G021520, G021611, G021637, G021672, G021693, G021722, G021785, G021841, G021912, G021921, G021926, G021940, G022007, G022019, G022035, G022123, G022149, G022186, G022233, G022251, G022254, G022268, G022280, G022282, G022286, G022296, G022344, G022356, G022360, G022363, G022557, G022584, G022585, G022652, G022727, G022797, G022812, G022844, G022856, G022913, G022992, G022994, G023001, G023008, G023024, G023038, G023079, G023341, G023343, G023345, G023348, G023455, G023458, G023520, G023534, G023638, G023658, G023694, G023698, G023782, G023837, G023870, G023905, G024071, G024072, G024111, G024116, G024124, G024170, G024269, G024354, G024355, G024493, G024505, G024507, G024514, G024597, G024814, G024840, G024938, G025213, G025384, G025565, G025605, G025620, G025637, G025642, G025682, G025721, G025817, G025955, G026112, G026145, G026157, G026228, G026268, G026293, G026322, G026351, G026423, G026450, G026464, G026474, G026503, G026536, G026577, G026692, G026703, G026734, G026748, G026754, G026858, G026883, G026908, G026919, G026949, G027009, G027188, G027198, G027284, G027386, G027394, G027413, G027445, G027575, G027633, G027722, G027728, G027731, G027738, G027765, G027766, G027872, G027883, G027909, G027913, G027916, G027919, G028029, G028034, G028049, G028094, G028099, G028100, G028199, G028274, G028337, G028393, G028432, G028450, G028466, G028536, G028560, G028637, G028862
GO:0016043	BP	e	cellular component organization	559/2037	2618/11561	2.0779919861617116e-08	3	559	3.946453113718784e-06	G000560, G000832, G000956, G001037, G001115, G001120, G001130, G001200, G001261, G001289, G001295, G001335, G001355, G001363, G001369, G001394, G001462, G001468, G001479, G001505, G001514, G001560, G001565, G001681, G001757, G001813, G001814, G001855, G001856, G001860, G001998, G002001, G002104, G002107, G002126, G002270, G002309, G002324, G002431, G002439, G002553, G002591, G003109, G003191, G003313, G003333, G003423, G003548, G003549, G003608, G003611, G003647, G003692, G003700, G003730, G003764, G003814, G003826, G003930, G003973, G004093, G004113, G004114, G004176, G004194, G004212, G004220, G004221, G004259, G004282, G004309, G004336, G004381, G004403, G004462, G004504, G004536, G004564, G004567, G004757, G004797, G004852, G004964, G005003, G005041, G005084, G005092, G005103, G005215, G005473, G005485, G005487, G005540, G005634, G005733, G005825, G005843, G005846, G005910, G005920, G005979, G006000, G006004, G006182, G006198, G006199, G006256, G006271, G006274, G006277, G006312, G006365, G006414, G006415, G006432, G006433, G006439, G006506, G006569, G006571, G006730, G006768, G006811, G006834, G006843, G006906, G006969, G006980, G007269, G007277, G007282, G007384, G007800, G007806, G007819, G008006, G008025, G008039, G008241, G008249, G008369, G008379, G008423, G008471, G008551, G008870, G008878, G008970, G008980, G009201, G009338, G009397, G009414, G009470, G009486, G009634, G009665, G009682, G009695, G009734, G009852, G009886, G009893, G009946, G009983, G009991, G010049, G010125, G010131, G010145, G010146, G010265, G010274, G010302, G010460, G010493, G010535, G010548, G010616, G010662, G010698, G010700, G010891, G010956, G010966, G011120, G011129, G011181, G011227, G011281, G011294, G011296, G011310, G011472, G011513, G011520, G011546, G011614, G011638, G011691, G011720, G011765, G011783, G011842, G011847, G011867, G011897, G011919, G012007, G012008, G012066, G012138, G012176, G012186, G012307, G012499, G012568, G012589, G012594, G012598, G012668, G012823, G012962, G012969, G012970, G013001, G013016, G013038, G013095, G013190, G013211, G013230, G013347, G013443, G013444, G013465, G013480, G013545, G013598, G013846, G013862, G013933, G014003, G014040, G014058, G014059, G014061, G014064, G014412, G014415, G014442, G014445, G014562, G014594, G014615, G014664, G014668, G014675, G014688, G014692, G014710, G014727, G014799, G014884, G014953, G015164, G015209, G015257, G015358, G015461, G015507, G015564, G015579, G015602, G015814, G015818, G015871, G015944, G015945, G016168, G016262, G016358, G016374, G016383, G016386, G016407, G016436, G016437, G016458, G016499, G016583, G016643, G016657, G016675, G016676, G016680, G016682, G016688, G016707, G016727, G016746, G016752, G016789, G016803, G016819, G016821, G016935, G016977, G017027, G017062, G017268, G017272, G017343, G017444, G017480, G017607, G017621, G017780, G017827, G017835, G017907, G017972, G018129, G018234, G018256, G018280, G018295, G018302, G018345, G018352, G018358, G018392, G018421, G018422, G018430, G018462, G018475, G018514, G018523, G018559, G018592, G018644, G018645, G018657, G018659, G018701, G018719, G018830, G018931, G018989, G019040, G019044, G019051, G019225, G019321, G019398, G019432, G019434, G019454, G019457, G019463, G019519, G019554, G019676, G019688, G019718, G019739, G019960, G019961, G020095, G020158, G020175, G020233, G020247, G020285, G020370, G020402, G020406, G020423, G020442, G020443, G020501, G020505, G020520, G020557, G020666, G020701, G020741, G020765, G020830, G020865, G020963, G020982, G021034, G021062, G021069, G021197, G021298, G021313, G021435, G021465, G021485, G021487, G021490, G021512, G021520, G021611, G021637, G021672, G021693, G021722, G021785, G021841, G021912, G021921, G021926, G021940, G022007, G022019, G022035, G022123, G022149, G022186, G022233, G022251, G022254, G022268, G022280, G022282, G022286, G022296, G022344, G022356, G022360, G022363, G022557, G022584, G022585, G022652, G022727, G022797, G022812, G022844, G022856, G022913, G022992, G022994, G023001, G023008, G023024, G023038, G023079, G023341, G023343, G023345, G023348, G023455, G023458, G023520, G023534, G023638, G023658, G023694, G023698, G023782, G023837, G023870, G023905, G024071, G024072, G024111, G024116, G024170, G024269, G024354, G024355, G024493, G024505, G024507, G024514, G024597, G024814, G024840, G024938, G025213, G025384, G025565, G025605, G025620, G025637, G025642, G025682, G025721, G025817, G025955, G026112, G026145, G026157, G026228, G026268, G026293, G026322, G026351, G026423, G026450, G026464, G026474, G026503, G026536, G026577, G026692, G026703, G026734, G026748, G026754, G026858, G026883, G026908, G026919, G026949, G027009, G027188, G027198, G027284, G027386, G027394, G027413, G027445, G027575, G027633, G027722, G027728, G027731, G027738, G027765, G027766, G027872, G027883, G027909, G027913, G027916, G027919, G028029, G028034, G028049, G028094, G028099, G028100, G028199, G028274, G028337, G028393, G028432, G028450, G028466, G028536, G028560, G028637, G028862
GO:0051254	BP	e	positive regulation of RNA metabolic process	168/2037	641/11561	2.397989933629657e-08	7	168	4.479523818640974e-06	G000606, G000990, G001068, G001200, G001215, G001354, G001362, G001757, G002008, G002328, G002340, G002591, G003311, G003548, G003574, G003730, G003764, G003826, G003908, G004176, G004282, G004343, G004403, G004435, G004599, G005103, G005329, G005670, G005835, G005979, G006034, G006198, G006256, G006271, G006274, G006411, G007384, G007410, G007819, G008025, G008039, G008249, G008454, G008870, G009285, G009397, G009946, G009960, G009991, G010049, G010493, G010527, G010794, G010982, G011296, G011505, G011546, G011720, G011799, G011847, G011919, G012008, G012019, G012116, G012589, G012696, G013041, G013230, G013445, G013447, G014064, G014343, G014710, G014727, G014797, G015369, G015443, G015579, G015600, G015602, G016145, G016168, G016258, G016282, G016421, G016583, G016819, G016930, G016935, G017027, G017110, G017464, G017480, G017606, G017621, G017709, G018392, G019040, G019114, G019507, G019519, G019530, G019554, G019622, G019739, G020247, G020406, G020501, G020917, G020982, G021062, G021069, G021422, G021490, G021520, G021722, G021940, G021947, G021958, G021970, G022268, G022280, G022282, G022496, G022550, G022592, G022693, G022752, G022797, G022992, G022994, G023001, G023008, G023038, G023196, G023290, G023343, G023782, G024143, G024505, G024597, G024930, G024938, G025013, G025129, G025568, G025605, G025691, G025923, G025955, G026145, G026157, G026450, G026474, G026734, G026754, G026977, G027188, G027314, G027428, G027521, G027633, G027709, G027765, G027766, G027913, G027916, G028876
GO:0044782	BP	e	cilium organization	69/2037	205/11561	2.5514639417094767e-08	6	69	4.689343808996692e-06	G001120, G001355, G002309, G003333, G004093, G004381, G004852, G005084, G005634, G005920, G006198, G006199, G006312, G008006, G008369, G008423, G009201, G009486, G009852, G011129, G011281, G011472, G012823, G013443, G013846, G014058, G014415, G014594, G014675, G014692, G015164, G015209, G015507, G015818, G015871, G015945, G016707, G018559, G018644, G018645, G018701, G019321, G020285, G020666, G020963, G021313, G021435, G021485, G021512, G022007, G022186, G022356, G022363, G022585, G022727, G022856, G022992, G022994, G023341, G024269, G025605, G025955, G026577, G026703, G026908, G027188, G027722, G027916, G028536
GO:0006302	BP	e	double-strand break repair	52/2037	139/11561	2.8526882649995273e-08	8	52	5.159743298360256e-06	G001130, G001261, G001735, G002339, G003782, G003815, G004176, G005134, G005473, G005679, G006811, G008241, G008293, G008698, G009786, G010578, G011120, G011595, G013038, G013263, G013265, G014064, G015815, G016436, G016437, G016935, G017314, G017607, G017621, G018234, G018295, G018363, G018421, G018657, G019739, G020123, G020702, G020711, G021358, G021487, G022376, G023658, G024116, G024464, G024470, G024842, G025352, G026157, G026423, G026775, G028034, G028376
GO:0080090	BP	e	regulation of primary metabolic process	443/2037	2016/11561	3.576462424817624e-08	4	443	6.367779582937004e-06	G000490, G000560, G000606, G000755, G000832, G000990, G001068, G001130, G001200, G001215, G001233, G001247, G001261, G001266, G001289, G001335, G001354, G001362, G001369, G001394, G001411, G001430, G001479, G001505, G001565, G001650, G001757, G001797, G001809, G002001, G002008, G002045, G002089, G002328, G002339, G002340, G002384, G002438, G002459, G002553, G002591, G003018, G003311, G003423, G003478, G003546, G003548, G003549, G003574, G003586, G003646, G003730, G003737, G003755, G003764, G003782, G003815, G003822, G003826, G003908, G003931, G004110, G004132, G004176, G004259, G004282, G004343, G004403, G004435, G004455, G004504, G004583, G004599, G004851, G004879, G004908, G005103, G005215, G005217, G005282, G005283, G005329, G005473, G005670, G005835, G005843, G005860, G005920, G005979, G006004, G006034, G006100, G006198, G006256, G006271, G006274, G006356, G006411, G006483, G006581, G006607, G006768, G006834, G006969, G007002, G007050, G007178, G007201, G007236, G007384, G007410, G007553, G007617, G007619, G007819, G007992, G007993, G008025, G008039, G008249, G008341, G008415, G008423, G008454, G008600, G008621, G008698, G008845, G008870, G008980, G009073, G009285, G009331, G009332, G009397, G009448, G009464, G009682, G009869, G009946, G009960, G009983, G009991, G010049, G010131, G010274, G010468, G010493, G010506, G010527, G010548, G010673, G010749, G010794, G010796, G010974, G010982, G011052, G011120, G011287, G011296, G011310, G011332, G011447, G011505, G011546, G011691, G011720, G011799, G011842, G011847, G011867, G011919, G012008, G012019, G012032, G012059, G012072, G012116, G012449, G012589, G012594, G012696, G012859, G012886, G013001, G013038, G013041, G013230, G013265, G013287, G013368, G013445, G013447, G014002, G014040, G014064, G014095, G014343, G014412, G014442, G014660, G014675, G014683, G014688, G014710, G014727, G014797, G014855, G014884, G015334, G015369, G015443, G015510, G015579, G015600, G015602, G015603, G015714, G015744, G015815, G015944, G016145, G016168, G016237, G016258, G016282, G016378, G016382, G016386, G016414, G016421, G016499, G016579, G016583, G016643, G016675, G016676, G016682, G016688, G016750, G016752, G016789, G016819, G016829, G016852, G016930, G016935, G016969, G017027, G017062, G017110, G017126, G017191, G017234, G017422, G017464, G017480, G017571, G017606, G017607, G017621, G017709, G017812, G017815, G017835, G017893, G017941, G017972, G018071, G018129, G018326, G018363, G018392, G018397, G018399, G018421, G018422, G018508, G018514, G018528, G018592, G018657, G018659, G018931, G019040, G019051, G019114, G019194, G019382, G019432, G019434, G019507, G019519, G019530, G019551, G019554, G019622, G019676, G019688, G019718, G019739, G019839, G019989, G020075, G020090, G020123, G020160, G020247, G020375, G020406, G020501, G020505, G020687, G020917, G020982, G021062, G021069, G021166, G021197, G021313, G021358, G021404, G021422, G021486, G021490, G021520, G021590, G021637, G021722, G021741, G021841, G021940, G021947, G021958, G021970, G022119, G022136, G022175, G022233, G022251, G022268, G022280, G022282, G022496, G022550, G022592, G022693, G022752, G022797, G022845, G022944, G022992, G022994, G023001, G023008, G023038, G023164, G023196, G023258, G023290, G023343, G023345, G023703, G023736, G023760, G023782, G024143, G024214, G024445, G024505, G024597, G024930, G024933, G024938, G024964, G025013, G025076, G025129, G025352, G025443, G025469, G025549, G025564, G025568, G025605, G025688, G025691, G025721, G025732, G025923, G025955, G026012, G026145, G026157, G026228, G026268, G026322, G026353, G026423, G026450, G026474, G026536, G026638, G026692, G026703, G026734, G026754, G026764, G026858, G026949, G026977, G027188, G027263, G027314, G027428, G027521, G027573, G027633, G027644, G027709, G027738, G027765, G027766, G027805, G027872, G027884, G027906, G027913, G027916, G027958, G027998, G028100, G028114, G028151, G028194, G028274, G028323, G028324, G028393, G028397, G028462, G028876
GO:0045935	BP	e	positive regulation of nucleobase-containing compound metabolic process	189/2037	745/11561	3.950823527444063e-08	6	189	6.926097553111554e-06	G000606, G000990, G001068, G001130, G001200, G001215, G001261, G001354, G001362, G001757, G002008, G002328, G002340, G002591, G003311, G003548, G003574, G003730, G003764, G003782, G003815, G003826, G003908, G004176, G004282, G004343, G004403, G004435, G004504, G004599, G005103, G005329, G005473, G005670, G005835, G005979, G006034, G006198, G006256, G006271, G006274, G006411, G007384, G007410, G007819, G008025, G008039, G008249, G008454, G008870, G009285, G009397, G009946, G009960, G009991, G010049, G010131, G010493, G010527, G010794, G010982, G011120, G011287, G011296, G011505, G011546, G011720, G011799, G011847, G011919, G012008, G012019, G012116, G012589, G012696, G013001, G013038, G013041, G013230, G013265, G013445, G013447, G014064, G014095, G014343, G014710, G014727, G014797, G015369, G015443, G015579, G015600, G015602, G016145, G016168, G016258, G016282, G016421, G016583, G016688, G016819, G016930, G016935, G017027, G017110, G017464, G017480, G017606, G017607, G017621, G017709, G018392, G019040, G019051, G019114, G019507, G019519, G019530, G019554, G019622, G019718, G019739, G020123, G020247, G020406, G020501, G020917, G020982, G021062, G021069, G021422, G021490, G021520, G021722, G021841, G021940, G021947, G021958, G021970, G022268, G022280, G022282, G022496, G022550, G022592, G022693, G022752, G022797, G022992, G022994, G023001, G023008, G023038, G023196, G023290, G023343, G023345, G023703, G023782, G024143, G024505, G024597, G024930, G024938, G025013, G025129, G025568, G025605, G025691, G025923, G025955, G026145, G026157, G026450, G026474, G026734, G026754, G026977, G027188, G027314, G027428, G027521, G027633, G027709, G027765, G027766, G027913, G027916, G028876
GO:0045893	BP	e	positive regulation of DNA-templated transcription	150/2037	563/11561	4.3313906471055976e-08	9	150	7.366596481159446e-06	G000606, G000990, G001200, G001215, G001362, G001757, G002008, G002328, G002340, G002591, G003548, G003574, G003730, G003764, G003826, G003908, G004176, G004282, G004403, G004435, G004599, G005103, G005670, G005835, G005979, G006034, G006198, G006256, G006271, G006274, G006411, G007384, G007410, G007819, G008039, G008249, G008454, G008870, G009285, G009397, G009946, G009960, G009991, G010049, G010493, G010527, G010982, G011296, G011505, G011546, G011720, G011799, G011847, G011919, G012008, G012019, G012116, G012589, G012696, G013041, G013230, G013445, G013447, G014064, G014710, G014727, G014797, G015369, G015579, G015600, G015602, G016145, G016168, G016258, G016282, G016421, G016583, G016819, G016930, G016935, G017027, G017110, G017480, G017606, G017621, G017709, G018392, G019114, G019507, G019519, G019530, G019554, G019739, G020247, G020406, G020501, G020917, G020982, G021062, G021069, G021422, G021490, G021520, G021722, G021940, G021947, G021958, G021970, G022268, G022280, G022282, G022496, G022550, G022592, G022693, G022752, G022797, G022992, G022994, G023001, G023038, G023196, G023290, G023343, G023782, G024143, G024505, G024597, G024930, G024938, G025013, G025568, G025605, G025691, G025923, G025955, G026145, G026157, G026450, G026474, G026734, G026754, G026977, G027188, G027314, G027633, G027766, G027913, G027916, G028876
GO:0009889	BP	e	regulation of biosynthetic process	400/2037	1798/11561	4.6020159769168655e-08	4	400	7.711760596612895e-06	G000560, G000606, G000990, G001068, G001115, G001200, G001215, G001233, G001247, G001335, G001354, G001362, G001369, G001394, G001411, G001505, G001565, G001757, G001797, G002008, G002089, G002270, G002328, G002339, G002340, G002384, G002438, G002459, G002591, G003311, G003423, G003478, G003546, G003548, G003549, G003574, G003646, G003700, G003730, G003737, G003755, G003764, G003782, G003826, G003908, G003931, G004110, G004132, G004176, G004220, G004259, G004273, G004282, G004322, G004343, G004403, G004435, G004455, G004564, G004583, G004599, G004879, G005103, G005156, G005189, G005215, G005217, G005282, G005283, G005329, G005473, G005476, G005634, G005670, G005835, G005846, G005860, G005883, G005920, G005979, G006004, G006034, G006182, G006198, G006256, G006260, G006271, G006274, G006356, G006406, G006411, G006581, G006607, G007050, G007178, G007201, G007236, G007274, G007384, G007410, G007553, G007609, G007805, G007819, G007992, G008025, G008039, G008249, G008341, G008415, G008423, G008454, G008600, G008621, G008845, G008870, G008980, G009285, G009331, G009332, G009397, G009464, G009682, G009869, G009946, G009960, G009983, G009991, G010049, G010063, G010464, G010468, G010493, G010527, G010662, G010673, G010698, G010749, G010794, G010796, G010974, G010982, G011052, G011120, G011296, G011310, G011332, G011505, G011546, G011614, G011691, G011720, G011799, G011842, G011847, G011867, G011897, G011919, G012008, G012019, G012072, G012116, G012176, G012449, G012589, G012594, G012617, G012696, G012739, G012886, G013001, G013041, G013230, G013265, G013368, G013445, G013447, G013598, G014040, G014064, G014095, G014343, G014412, G014442, G014615, G014675, G014683, G014688, G014710, G014727, G014797, G014884, G014953, G015334, G015369, G015443, G015510, G015579, G015600, G015602, G015744, G016145, G016168, G016258, G016282, G016378, G016382, G016386, G016414, G016421, G016499, G016583, G016643, G016675, G016676, G016682, G016688, G016750, G016752, G016819, G016829, G016852, G016930, G016935, G017027, G017110, G017464, G017480, G017606, G017607, G017621, G017709, G017812, G017893, G017895, G017941, G017972, G018005, G018071, G018129, G018227, G018326, G018363, G018392, G018399, G018421, G018422, G018508, G018528, G018592, G018657, G018659, G018931, G019039, G019040, G019051, G019114, G019194, G019432, G019434, G019507, G019519, G019530, G019551, G019554, G019622, G019676, G019688, G019718, G019739, G019960, G020090, G020247, G020375, G020406, G020501, G020687, G020759, G020917, G020973, G020982, G021062, G021069, G021197, G021313, G021404, G021422, G021486, G021490, G021520, G021590, G021722, G021841, G021940, G021947, G021958, G021970, G022119, G022136, G022168, G022175, G022233, G022268, G022280, G022282, G022496, G022550, G022557, G022592, G022693, G022752, G022797, G022811, G022845, G022992, G022994, G023001, G023008, G023038, G023164, G023196, G023258, G023290, G023343, G023694, G023703, G023736, G023760, G023782, G023819, G024143, G024505, G024597, G024703, G024781, G024930, G024933, G024938, G025013, G025075, G025076, G025129, G025273, G025469, G025549, G025564, G025568, G025605, G025637, G025642, G025688, G025691, G025721, G025923, G025943, G025955, G026012, G026145, G026157, G026228, G026268, G026322, G026353, G026423, G026450, G026474, G026496, G026536, G026638, G026692, G026703, G026734, G026754, G026764, G026858, G026977, G027188, G027263, G027314, G027428, G027521, G027573, G027633, G027709, G027738, G027765, G027766, G027872, G027909, G027913, G027916, G027958, G028100, G028114, G028151, G028194, G028274, G028323, G028324, G028876
GO:1902680	BP	e	positive regulation of RNA biosynthetic process	151/2037	567/11561	4.6936528757346664e-08	8	151	7.751329640434279e-06	G000606, G000990, G001200, G001215, G001362, G001757, G002008, G002328, G002340, G002591, G003548, G003574, G003730, G003764, G003826, G003908, G004176, G004282, G004403, G004435, G004599, G005103, G005670, G005835, G005979, G006034, G006198, G006256, G006271, G006274, G006411, G007384, G007410, G007819, G008039, G008249, G008454, G008870, G009285, G009397, G009946, G009960, G009991, G010049, G010493, G010527, G010982, G011296, G011505, G011546, G011720, G011799, G011847, G011919, G012008, G012019, G012116, G012589, G012696, G013041, G013230, G013445, G013447, G014064, G014710, G014727, G014797, G015369, G015579, G015600, G015602, G016145, G016168, G016258, G016282, G016421, G016583, G016819, G016930, G016935, G017027, G017110, G017480, G017606, G017621, G017709, G018392, G019114, G019507, G019519, G019530, G019554, G019739, G020247, G020406, G020501, G020917, G020982, G021062, G021069, G021422, G021490, G021520, G021722, G021940, G021947, G021958, G021970, G022268, G022280, G022282, G022496, G022550, G022592, G022693, G022752, G022797, G022992, G022994, G023001, G023038, G023196, G023290, G023343, G023782, G024143, G024505, G024597, G024930, G024938, G025013, G025568, G025605, G025691, G025923, G025955, G026145, G026157, G026450, G026474, G026734, G026754, G026977, G027188, G027314, G027633, G027765, G027766, G027913, G027916, G028876
GO:0010948	BP	e	negative regulation of cell cycle process	55/2037	155/11561	9.498379026365138e-08	6	55	1.5244229437384614e-05	G001130, G001335, G001565, G002553, G003518, G003764, G004176, G004851, G006768, G007617, G008369, G008980, G009535, G009786, G009983, G010578, G011120, G011867, G012059, G012787, G013038, G013933, G014002, G014058, G014064, G016205, G016386, G016443, G016601, G016602, G016789, G017709, G017835, G018143, G018513, G018592, G018657, G019051, G019676, G020153, G020711, G021062, G021298, G021358, G021940, G022282, G022376, G022459, G023703, G024116, G026423, G026977, G027872, G028034, G028274
GO:0051276	BP	e	chromosome organization	65/2037	194/11561	9.697966089289438e-08	5	65	1.534837827603516e-05	G001130, G001261, G001681, G001855, G001856, G002553, G003608, G003611, G003647, G003730, G003826, G003973, G004282, G004403, G005092, G006004, G006182, G006365, G006811, G008241, G009983, G010265, G010698, G010956, G010966, G011867, G012008, G012138, G012598, G012962, G013001, G013016, G013444, G013933, G014445, G016436, G016437, G016657, G016789, G017062, G017835, G018234, G018295, G019051, G019718, G020175, G020443, G021841, G021940, G022296, G022652, G023638, G023658, G024170, G024355, G025817, G026157, G026423, G026883, G027765, G027909, G028034, G028094, G028100, G028637
GO:0065004	BP	e	protein-DNA complex assembly	26/2037	53/11561	1.5097522316404723e-07	6	26	2.3566611889785183e-05	G001200, G003423, G003549, G003700, G003973, G004564, G004567, G006768, G006811, G008870, G008980, G016688, G017027, G017907, G018234, G018352, G020443, G021490, G021520, G021940, G022251, G022282, G026450, G027633, G027913, G027919
GO:0000278	BP	e	mitotic cell cycle	29/2037	63/11561	1.6979469876511235e-07	3	29	2.6146089086871015e-05	G000576, G000577, G001369, G003018, G004194, G005003, G006365, G009526, G009983, G010506, G010662, G011867, G012059, G012138, G016145, G016382, G017062, G018129, G018420, G021422, G021487, G021637, G021672, G022459, G024493, G024663, G025384, G026858, G026919
GO:0051052	BP	e	regulation of DNA metabolic process	75/2037	239/11561	1.7481466851163996e-07	6	75	2.6560175302535166e-05	G001130, G001247, G001261, G001565, G003423, G003730, G003782, G003815, G003826, G004176, G004282, G004403, G004504, G005329, G005473, G005670, G005835, G005979, G006004, G006271, G006274, G007617, G007619, G007992, G007993, G008039, G008870, G010049, G010493, G010673, G010974, G011120, G011287, G011296, G011691, G011842, G012059, G012072, G013001, G013038, G013230, G013265, G014064, G014095, G014683, G016168, G016579, G016675, G016676, G016682, G016688, G017571, G017607, G017621, G018392, G019051, G019718, G019739, G020123, G020247, G021062, G021358, G021841, G021940, G022282, G022797, G023345, G023703, G023760, G025352, G026157, G026450, G026474, G027633, G027765
GO:1905818	BP	e	regulation of chromosome separation	23/2037	44/11561	1.7908735620833169e-07	7	23	2.685132136834131e-05	G001369, G001856, G002502, G002553, G003518, G004851, G008293, G009983, G011365, G011867, G012008, G013933, G016789, G017835, G021298, G021637, G022459, G022652, G023638, G024116, G025228, G027872, G027906
GO:2000036	BP	e	regulation of stem cell population maintenance	19/2037	33/11561	2.8585666022828544e-07	4	19	4.123210940887738e-05	G002384, G003730, G004403, G005835, G005979, G007819, G009397, G009991, G010049, G010493, G015510, G016168, G016829, G017480, G018931, G023001, G023038, G023164, G023343
GO:0045786	BP	e	negative regulation of cell cycle	62/2037	187/11561	2.9000809944582883e-07	5	62	4.1308028664815243e-05	G001130, G001335, G001565, G001650, G002553, G003423, G003518, G003764, G004176, G004851, G006768, G007617, G008369, G008870, G008980, G009535, G009786, G009983, G010578, G011120, G011867, G012059, G012176, G012787, G013038, G013933, G014002, G014058, G014064, G015369, G016205, G016386, G016443, G016601, G016602, G016789, G017709, G017835, G018143, G018513, G018592, G018657, G019051, G019676, G020090, G020153, G020711, G021062, G021298, G021358, G021940, G022233, G022282, G022376, G022459, G023703, G024116, G026423, G026977, G027872, G028034, G028274
GO:0006270	BP	e	DNA replication initiation	14/2037	20/11561	3.56518019405381e-07	7	14	5.0154602853386624e-05	G006768, G008241, G011197, G012059, G012598, G012787, G016437, G017109, G018290, G021040, G023900, G024842, G027765, G028094
GO:0031123	BP	e	RNA 3'-end processing	25/2037	52/11561	4.27894813933952e-07	8	25	5.946172444850467e-05	G001678, G003311, G004056, G005329, G005941, G007133, G009401, G012116, G016220, G016675, G016676, G016682, G016856, G017464, G017527, G022347, G022533, G022811, G022929, G025549, G026322, G027640, G027709, G027989, G028151
GO:0006399	BP	e	tRNA metabolic process	32/2037	76/11561	4.97949882126004e-07	8	32	6.836311935934718e-05	G003311, G005329, G005763, G005941, G007007, G007133, G007553, G010989, G011148, G013032, G013450, G014449, G014807, G016220, G016675, G016676, G016682, G020223, G022119, G022254, G022347, G022468, G022553, G022660, G022811, G022929, G025431, G026764, G027314, G027458, G027709, G027989
GO:0019222	BP	e	regulation of metabolic process	516/2037	2445/11561	5.809761630050418e-07	3	516	7.881218306479109e-05	G000490, G000560, G000606, G000755, G000832, G000990, G001037, G001068, G001115, G001130, G001200, G001215, G001233, G001247, G001261, G001266, G001289, G001335, G001354, G001362, G001369, G001394, G001411, G001430, G001479, G001505, G001544, G001565, G001650, G001757, G001797, G001809, G002001, G002008, G002045, G002089, G002270, G002328, G002339, G002340, G002384, G002438, G002459, G002553, G002591, G003018, G003311, G003423, G003478, G003546, G003548, G003549, G003574, G003586, G003646, G003700, G003730, G003737, G003755, G003764, G003782, G003815, G003822, G003826, G003908, G003930, G003931, G004110, G004132, G004176, G004220, G004259, G004273, G004282, G004322, G004343, G004403, G004435, G004455, G004504, G004536, G004564, G004583, G004599, G004851, G004879, G004908, G005103, G005156, G005189, G005215, G005217, G005282, G005283, G005329, G005473, G005476, G005634, G005670, G005733, G005835, G005843, G005846, G005860, G005883, G005920, G005979, G006004, G006034, G006100, G006116, G006182, G006198, G006256, G006260, G006271, G006274, G006356, G006406, G006411, G006483, G006581, G006607, G006768, G006834, G006969, G007002, G007050, G007159, G007178, G007201, G007236, G007274, G007384, G007410, G007553, G007609, G007617, G007619, G007805, G007819, G007992, G007993, G008025, G008039, G008249, G008341, G008415, G008423, G008454, G008600, G008621, G008698, G008845, G008870, G008980, G009073, G009285, G009331, G009332, G009397, G009448, G009464, G009682, G009869, G009946, G009960, G009983, G009991, G010049, G010063, G010131, G010274, G010464, G010468, G010493, G010506, G010527, G010548, G010662, G010673, G010698, G010749, G010794, G010796, G010974, G010982, G011052, G011120, G011287, G011296, G011310, G011332, G011447, G011505, G011546, G011614, G011691, G011720, G011799, G011842, G011847, G011867, G011897, G011919, G012008, G012019, G012032, G012059, G012066, G012072, G012116, G012176, G012449, G012589, G012594, G012617, G012696, G012739, G012859, G012886, G013001, G013038, G013041, G013230, G013265, G013287, G013355, G013368, G013445, G013447, G013598, G013788, G014002, G014040, G014064, G014095, G014343, G014412, G014442, G014615, G014660, G014675, G014683, G014688, G014710, G014727, G014797, G014855, G014884, G014953, G015334, G015369, G015443, G015510, G015579, G015600, G015602, G015603, G015714, G015744, G015815, G015854, G015864, G015944, G016020, G016145, G016168, G016237, G016258, G016282, G016378, G016382, G016386, G016414, G016421, G016499, G016579, G016583, G016643, G016675, G016676, G016682, G016688, G016750, G016752, G016789, G016819, G016829, G016852, G016930, G016935, G016969, G017027, G017062, G017110, G017126, G017191, G017234, G017380, G017422, G017464, G017480, G017571, G017606, G017607, G017621, G017709, G017812, G017815, G017835, G017893, G017895, G017941, G017972, G018005, G018071, G018129, G018227, G018326, G018363, G018392, G018397, G018399, G018421, G018422, G018430, G018508, G018514, G018528, G018592, G018657, G018659, G018931, G019039, G019040, G019051, G019114, G019194, G019382, G019432, G019434, G019507, G019519, G019530, G019551, G019554, G019622, G019676, G019688, G019718, G019739, G019839, G019960, G019970, G019989, G020075, G020090, G020123, G020160, G020247, G020375, G020406, G020501, G020505, G020687, G020759, G020865, G020917, G020973, G020982, G021062, G021069, G021166, G021197, G021313, G021358, G021404, G021422, G021486, G021490, G021520, G021590, G021637, G021722, G021741, G021841, G021940, G021947, G021958, G021970, G022051, G022119, G022136, G022168, G022175, G022227, G022233, G022251, G022268, G022280, G022282, G022496, G022550, G022557, G022592, G022693, G022752, G022797, G022811, G022812, G022845, G022944, G022990, G022992, G022994, G023001, G023008, G023038, G023164, G023196, G023258, G023290, G023343, G023345, G023694, G023703, G023736, G023760, G023782, G023819, G024143, G024214, G024445, G024505, G024597, G024703, G024781, G024930, G024933, G024938, G024964, G025013, G025075, G025076, G025129, G025273, G025352, G025443, G025469, G025549, G025564, G025568, G025605, G025637, G025642, G025688, G025691, G025721, G025732, G025923, G025943, G025955, G026012, G026145, G026157, G026228, G026268, G026322, G026353, G026423, G026450, G026474, G026496, G026536, G026638, G026692, G026703, G026734, G026754, G026764, G026858, G026949, G026977, G027188, G027263, G027314, G027428, G027521, G027573, G027633, G027644, G027709, G027738, G027765, G027766, G027805, G027872, G027884, G027906, G027909, G027913, G027916, G027958, G027998, G028100, G028114, G028151, G028194, G028274, G028323, G028324, G028393, G028397, G028462, G028876
GO:0060271	BP	e	cilium assembly	62/2037	192/11561	7.214137949273256e-07	7	62	9.671188462584559e-05	G001120, G001355, G002309, G003333, G004852, G005084, G005634, G005920, G006198, G006199, G006312, G008006, G008369, G008423, G009201, G009486, G009852, G011129, G011281, G011472, G012823, G013443, G013846, G014594, G014675, G014692, G015164, G015209, G015507, G015818, G015871, G015945, G018559, G018644, G018645, G018701, G019321, G020285, G020666, G020963, G021313, G021435, G021485, G021512, G022007, G022186, G022356, G022363, G022585, G022727, G022856, G022992, G022994, G023341, G024269, G025605, G025955, G026577, G026908, G027188, G027916, G028536
GO:0031023	BP	e	microtubule organizing center organization	24/2037	50/11561	7.549448759664499e-07	4	24	9.888042369698502e-05	G001295, G001355, G003764, G004797, G008878, G009983, G011472, G013465, G014058, G015944, G016407, G016821, G021062, G021487, G021672, G022186, G023905, G024354, G026883, G026908, G027188, G027722, G028199, G028560
GO:0007059	BP	e	chromosome segregation	27/2037	60/11561	7.902097808646968e-07	3	27	0.00010232318696537751	G001856, G003608, G003611, G003729, G003764, G005825, G006365, G009983, G010698, G010956, G011867, G012138, G013016, G013933, G014059, G015334, G017062, G017835, G020977, G021637, G022357, G022652, G023638, G023658, G024840, G026883, G027909
GO:0044238	BP	e	primary metabolic process	725/2037	3580/11561	8.916323301898599e-07	2	725	0.00011289056002792727	G000002, G000009, G000461, G000560, G000576, G000577, G000606, G000755, G000843, G000942, G000944, G000990, G000993, G001037, G001121, G001130, G001200, G001233, G001261, G001266, G001354, G001362, G001369, G001371, G001407, G001468, G001472, G001520, G001565, G001678, G001735, G001757, G001813, G001822, G001871, G001958, G001998, G002001, G002008, G002045, G002052, G002054, G002107, G002126, G002242, G002324, G002339, G002457, G002458, G002485, G002493, G002502, G002552, G002553, G002591, G002610, G003311, G003417, G003478, G003521, G003546, G003549, G003574, G003647, G003700, G003729, G003755, G003782, G003811, G003815, G003822, G003826, G003930, G003933, G003973, G004032, G004056, G004066, G004133, G004176, G004177, G004190, G004220, G004257, G004282, G004283, G004309, G004311, G004343, G004435, G004455, G004504, G004713, G004848, G004852, G004908, G005021, G005041, G005092, G005103, G005134, G005146, G005156, G005189, G005215, G005283, G005329, G005387, G005471, G005473, G005476, G005485, G005488, G005679, G005692, G005733, G005763, G005764, G005825, G005846, G005860, G005910, G005941, G005981, G006000, G006004, G006034, G006047, G006086, G006100, G006205, G006260, G006271, G006274, G006290, G006339, G006406, G006411, G006441, G006446, G006472, G006483, G006503, G006588, G006606, G006607, G006725, G006730, G006742, G006768, G006811, G006834, G006849, G006965, G006969, G007002, G007007, G007050, G007095, G007133, G007178, G007270, G007384, G007410, G007548, G007553, G007590, G007609, G007617, G007619, G007700, G007758, G007806, G007819, G007882, G007992, G008023, G008038, G008043, G008045, G008145, G008146, G008215, G008241, G008293, G008341, G008376, G008415, G008518, G008600, G008621, G008685, G008698, G008753, G008758, G008870, G008903, G008971, G008972, G009020, G009027, G009073, G009325, G009338, G009401, G009414, G009448, G009464, G009535, G009617, G009682, G009695, G009786, G009869, G009886, G009961, G009983, G010049, G010063, G010103, G010267, G010274, G010506, G010544, G010578, G010662, G010673, G010700, G010794, G010799, G010954, G010965, G010974, G010989, G010995, G011052, G011097, G011105, G011120, G011148, G011197, G011227, G011296, G011313, G011365, G011381, G011447, G011486, G011523, G011538, G011595, G011629, G011668, G011691, G011783, G011867, G012016, G012019, G012059, G012072, G012107, G012116, G012186, G012293, G012307, G012411, G012449, G012598, G012617, G012668, G012787, G012824, G012859, G012896, G012925, G012926, G012969, G012970, G013001, G013032, G013038, G013041, G013191, G013230, G013263, G013265, G013287, G013355, G013443, G013444, G013445, G013450, G013598, G013831, G013862, G013946, G014002, G014040, G014064, G014095, G014213, G014326, G014346, G014364, G014377, G014445, G014448, G014449, G014569, G014615, G014629, G014660, G014664, G014676, G014682, G014683, G014685, G014697, G014732, G014752, G014797, G014807, G014836, G014929, G014953, G015301, G015334, G015369, G015443, G015461, G015510, G015579, G015603, G015659, G015714, G015744, G015815, G015818, G015821, G015945, G015996, G016020, G016109, G016126, G016205, G016220, G016236, G016258, G016271, G016347, G016359, G016382, G016397, G016414, G016436, G016437, G016443, G016500, G016516, G016579, G016583, G016655, G016657, G016675, G016676, G016680, G016682, G016688, G016710, G016723, G016750, G016752, G016803, G016819, G016838, G016856, G016935, G016944, G016957, G016969, G017027, G017032, G017098, G017109, G017110, G017126, G017191, G017206, G017234, G017272, G017314, G017407, G017422, G017438, G017454, G017457, G017464, G017527, G017543, G017545, G017571, G017607, G017621, G017709, G017815, G017907, G017941, G017967, G017972, G017983, G018012, G018142, G018143, G018144, G018169, G018227, G018234, G018280, G018290, G018295, G018302, G018350, G018352, G018363, G018369, G018392, G018395, G018397, G018420, G018421, G018422, G018430, G018462, G018472, G018491, G018513, G018528, G018569, G018592, G018657, G018660, G018726, G018853, G018891, G018892, G018932, G018956, G018989, G019018, G019039, G019043, G019044, G019051, G019194, G019225, G019277, G019382, G019551, G019620, G019622, G019676, G019718, G019739, G019751, G019756, G019788, G019882, G019960, G019961, G019991, G020002, G020089, G020090, G020123, G020149, G020153, G020160, G020175, G020223, G020360, G020370, G020402, G020406, G020439, G020443, G020464, G020484, G020485, G020501, G020515, G020520, G020540, G020559, G020563, G020634, G020701, G020702, G020711, G020741, G020759, G020769, G020828, G020831, G020865, G020973, G021040, G021042, G021062, G021069, G021081, G021166, G021293, G021313, G021321, G021327, G021358, G021422, G021462, G021465, G021487, G021490, G021520, G021531, G021661, G021666, G021672, G021785, G021841, G021885, G021887, G021940, G022040, G022119, G022136, G022240, G022254, G022257, G022268, G022282, G022296, G022300, G022301, G022315, G022347, G022372, G022376, G022412, G022458, G022459, G022468, G022495, G022533, G022553, G022565, G022573, G022580, G022592, G022660, G022670, G022727, G022747, G022768, G022801, G022810, G022811, G022929, G022995, G023064, G023149, G023164, G023196, G023253, G023258, G023273, G023348, G023450, G023460, G023520, G023561, G023609, G023658, G023698, G023706, G023864, G023900, G023918, G024074, G024107, G024116, G024170, G024355, G024403, G024429, G024445, G024464, G024470, G024625, G024703, G024771, G024781, G024814, G024840, G024842, G024963, G024984, G025013, G025075, G025147, G025214, G025228, G025239, G025272, G025343, G025352, G025368, G025384, G025431, G025449, G025469, G025547, G025549, G025565, G025568, G025620, G025637, G025642, G025682, G025688, G025721, G025732, G025923, G026003, G026012, G026094, G026145, G026157, G026268, G026301, G026322, G026323, G026369, G026423, G026450, G026460, G026474, G026496, G026503, G026526, G026536, G026624, G026692, G026703, G026734, G026758, G026764, G026768, G026775, G026825, G026858, G026904, G026916, G026949, G026977, G027068, G027084, G027098, G027208, G027222, G027246, G027263, G027284, G027314, G027350, G027385, G027394, G027428, G027445, G027458, G027521, G027633, G027638, G027640, G027644, G027709, G027728, G027736, G027738, G027748, G027753, G027765, G027766, G027805, G027842, G027861, G027884, G027906, G027909, G027913, G027957, G027958, G027960, G027989, G027998, G028034, G028094, G028099, G028100, G028114, G028151, G028194, G028365, G028376, G028393, G028397, G028416, G028444, G028466, G028468, G028517, G028559, G028573, G028626, G028637, G028721, G028875
GO:0010965	BP	e	regulation of mitotic sister chromatid separation	21/2037	41/11561	9.56088651874659e-07	8	21	0.00011972121085837075	G001369, G002502, G002553, G003518, G004851, G008293, G009983, G011365, G011867, G012008, G013933, G016789, G017835, G021298, G021637, G022459, G022652, G023638, G024116, G025228, G027872
GO:0000075	BP	e	cell cycle checkpoint signaling	43/2037	118/11561	1.086381734713012e-06	8	43	0.0001345578246418997	G001130, G001335, G001565, G002553, G003518, G004176, G004851, G006768, G007617, G009535, G009786, G009983, G010578, G011120, G011867, G012059, G012787, G013038, G013933, G014064, G016205, G016386, G016443, G016601, G016602, G016789, G017709, G017835, G018143, G018513, G018657, G019676, G020153, G020711, G021062, G021298, G021358, G022376, G022459, G024116, G026423, G026977, G027872
GO:0043170	BP	e	macromolecule metabolic process	611/2037	2971/11561	1.5174158149497514e-06	3	611	0.00018201003380370964	G000002, G000009, G000560, G000576, G000577, G000606, G000682, G000755, G000843, G000990, G000993, G001037, G001121, G001130, G001200, G001233, G001261, G001354, G001362, G001369, G001371, G001468, G001472, G001520, G001565, G001678, G001735, G001757, G001813, G001822, G001871, G001958, G001998, G002001, G002008, G002045, G002054, G002089, G002107, G002126, G002324, G002339, G002485, G002493, G002502, G002553, G002591, G002610, G003311, G003350, G003478, G003521, G003546, G003549, G003574, G003647, G003700, G003729, G003782, G003811, G003815, G003822, G003826, G003930, G003933, G003973, G004032, G004056, G004176, G004177, G004190, G004220, G004257, G004282, G004283, G004309, G004311, G004343, G004435, G004455, G004504, G004848, G004852, G004908, G005021, G005041, G005092, G005103, G005134, G005146, G005156, G005189, G005215, G005283, G005329, G005387, G005473, G005485, G005488, G005634, G005679, G005692, G005733, G005763, G005764, G005825, G005846, G005860, G005910, G005941, G005981, G006000, G006004, G006034, G006047, G006100, G006260, G006271, G006274, G006290, G006339, G006406, G006411, G006441, G006483, G006588, G006606, G006607, G006725, G006730, G006742, G006768, G006811, G006834, G006969, G007002, G007007, G007050, G007095, G007133, G007178, G007270, G007384, G007410, G007548, G007553, G007590, G007609, G007617, G007619, G007806, G007819, G007992, G008023, G008045, G008146, G008241, G008293, G008341, G008415, G008600, G008621, G008685, G008698, G008753, G008758, G008870, G008878, G009020, G009027, G009338, G009401, G009414, G009448, G009464, G009535, G009617, G009682, G009695, G009786, G009869, G009886, G009961, G009983, G010049, G010063, G010103, G010267, G010274, G010506, G010544, G010548, G010578, G010662, G010673, G010700, G010794, G010799, G010954, G010965, G010974, G010989, G010995, G011052, G011097, G011120, G011148, G011197, G011227, G011296, G011313, G011365, G011447, G011486, G011523, G011595, G011629, G011668, G011691, G011726, G011783, G011867, G012016, G012019, G012059, G012072, G012107, G012116, G012293, G012307, G012411, G012449, G012598, G012617, G012668, G012787, G012796, G012824, G012859, G012896, G012925, G012926, G013001, G013032, G013038, G013041, G013191, G013230, G013263, G013265, G013287, G013355, G013443, G013444, G013445, G013450, G013598, G013771, G013946, G014002, G014040, G014064, G014095, G014213, G014326, G014346, G014364, G014377, G014445, G014449, G014615, G014629, G014660, G014664, G014682, G014683, G014685, G014697, G014732, G014752, G014797, G014807, G014836, G014953, G015301, G015334, G015461, G015510, G015579, G015603, G015714, G015744, G015815, G015945, G015996, G016020, G016205, G016220, G016258, G016271, G016347, G016382, G016397, G016414, G016436, G016437, G016443, G016500, G016579, G016583, G016657, G016675, G016676, G016680, G016682, G016688, G016710, G016750, G016803, G016819, G016838, G016856, G016935, G016957, G016969, G017027, G017032, G017098, G017109, G017110, G017126, G017191, G017206, G017234, G017272, G017314, G017422, G017438, G017454, G017457, G017464, G017527, G017545, G017571, G017607, G017621, G017709, G017815, G017907, G017941, G017983, G018012, G018143, G018144, G018227, G018234, G018280, G018290, G018295, G018301, G018302, G018352, G018363, G018369, G018392, G018397, G018420, G018421, G018422, G018430, G018462, G018472, G018508, G018513, G018528, G018569, G018592, G018657, G018660, G018719, G018726, G018853, G018891, G018892, G018956, G018989, G019018, G019039, G019051, G019194, G019225, G019277, G019382, G019551, G019620, G019622, G019676, G019718, G019739, G019751, G019756, G019960, G019961, G019991, G020090, G020123, G020153, G020160, G020175, G020223, G020360, G020370, G020402, G020406, G020439, G020443, G020464, G020484, G020485, G020501, G020515, G020520, G020540, G020563, G020701, G020702, G020711, G020769, G020865, G021040, G021042, G021062, G021069, G021081, G021293, G021313, G021321, G021358, G021422, G021462, G021465, G021487, G021490, G021520, G021531, G021661, G021672, G021841, G021885, G021940, G022119, G022136, G022254, G022268, G022282, G022296, G022300, G022301, G022315, G022347, G022372, G022376, G022412, G022459, G022468, G022533, G022553, G022573, G022580, G022592, G022660, G022670, G022727, G022801, G022810, G022811, G022929, G023164, G023196, G023253, G023258, G023273, G023348, G023450, G023460, G023520, G023561, G023658, G023698, G023864, G023900, G023959, G024107, G024116, G024170, G024355, G024403, G024429, G024445, G024464, G024470, G024625, G024703, G024781, G024814, G024840, G024842, G024984, G025013, G025075, G025147, G025214, G025228, G025272, G025352, G025368, G025384, G025431, G025469, G025547, G025549, G025565, G025568, G025620, G025637, G025642, G025682, G025688, G025691, G025721, G025923, G026003, G026012, G026145, G026157, G026227, G026268, G026322, G026323, G026369, G026423, G026450, G026460, G026474, G026496, G026503, G026526, G026536, G026624, G026703, G026734, G026758, G026764, G026768, G026775, G026825, G026858, G026916, G026949, G026977, G027084, G027098, G027222, G027263, G027284, G027314, G027350, G027379, G027385, G027394, G027428, G027445, G027458, G027521, G027633, G027638, G027640, G027709, G027728, G027736, G027738, G027753, G027765, G027766, G027805, G027842, G027884, G027906, G027909, G027913, G027957, G027958, G027960, G027989, G027998, G028034, G028094, G028099, G028100, G028114, G028151, G028194, G028365, G028376, G028393, G028468, G028559, G028573, G028637, G028721, G028875
GO:0000724	BP	e	double-strand break repair via homologous recombination	29/2037	69/11561	1.7708551456852379e-06	9	29	0.0002101968165112842	G001130, G001261, G001735, G002339, G003815, G005679, G006811, G008241, G008293, G008698, G009786, G010578, G013263, G015815, G016437, G017314, G017621, G018234, G018295, G019739, G020123, G020711, G021358, G021487, G024464, G024470, G025352, G026775, G028034
GO:0031323	BP	e	regulation of cellular metabolic process	454/2037	2139/11561	2.0144695616034754e-06	4	454	0.0002326893270413042	G000490, G000560, G000606, G000755, G000990, G001037, G001068, G001115, G001130, G001200, G001215, G001233, G001247, G001266, G001335, G001354, G001362, G001369, G001394, G001411, G001479, G001505, G001544, G001565, G001650, G001757, G001797, G001809, G002008, G002089, G002270, G002328, G002339, G002340, G002384, G002438, G002459, G002591, G003018, G003311, G003423, G003478, G003546, G003548, G003549, G003574, G003646, G003700, G003730, G003737, G003755, G003764, G003782, G003822, G003826, G003908, G003930, G003931, G004110, G004132, G004176, G004220, G004259, G004282, G004322, G004343, G004403, G004435, G004455, G004536, G004564, G004583, G004599, G004879, G004908, G005103, G005156, G005189, G005215, G005217, G005282, G005283, G005329, G005473, G005634, G005670, G005733, G005835, G005843, G005846, G005860, G005883, G005920, G005979, G006004, G006034, G006100, G006116, G006182, G006198, G006256, G006260, G006271, G006274, G006356, G006406, G006411, G006581, G006607, G006768, G006969, G007002, G007050, G007159, G007178, G007201, G007236, G007274, G007384, G007410, G007553, G007609, G007805, G007819, G007992, G008025, G008039, G008249, G008341, G008415, G008423, G008454, G008600, G008621, G008845, G008870, G008980, G009073, G009285, G009331, G009332, G009397, G009464, G009682, G009869, G009946, G009960, G009983, G009991, G010049, G010063, G010274, G010464, G010468, G010493, G010506, G010527, G010548, G010662, G010673, G010698, G010749, G010794, G010796, G010974, G010982, G011052, G011120, G011296, G011310, G011332, G011505, G011546, G011614, G011691, G011720, G011799, G011842, G011847, G011867, G011897, G011919, G012008, G012019, G012059, G012066, G012072, G012116, G012176, G012449, G012589, G012594, G012617, G012696, G012739, G012886, G013001, G013041, G013230, G013265, G013355, G013368, G013445, G013447, G013598, G013788, G014002, G014040, G014064, G014095, G014343, G014412, G014442, G014615, G014660, G014675, G014683, G014688, G014710, G014727, G014797, G014884, G014953, G015334, G015369, G015443, G015510, G015579, G015600, G015602, G015603, G015744, G015854, G015864, G015944, G016020, G016145, G016168, G016237, G016258, G016282, G016378, G016382, G016386, G016414, G016421, G016499, G016583, G016643, G016675, G016676, G016682, G016688, G016750, G016752, G016819, G016829, G016852, G016930, G016935, G017027, G017062, G017110, G017126, G017380, G017464, G017480, G017606, G017607, G017621, G017709, G017812, G017815, G017893, G017895, G017941, G017972, G018129, G018227, G018326, G018363, G018392, G018397, G018399, G018421, G018422, G018430, G018508, G018528, G018592, G018657, G018659, G018931, G019039, G019040, G019051, G019114, G019194, G019432, G019434, G019507, G019519, G019530, G019551, G019554, G019622, G019676, G019688, G019718, G019739, G019960, G019970, G020075, G020090, G020160, G020247, G020375, G020406, G020501, G020505, G020687, G020759, G020865, G020917, G020982, G021062, G021069, G021197, G021313, G021404, G021422, G021486, G021490, G021520, G021590, G021637, G021722, G021841, G021940, G021947, G021958, G021970, G022051, G022119, G022136, G022168, G022175, G022227, G022233, G022251, G022268, G022280, G022282, G022496, G022550, G022557, G022592, G022693, G022752, G022797, G022811, G022812, G022845, G022990, G022992, G022994, G023001, G023008, G023038, G023164, G023196, G023258, G023290, G023343, G023694, G023703, G023736, G023760, G023782, G023819, G024143, G024505, G024597, G024703, G024781, G024930, G024933, G024938, G025013, G025075, G025076, G025129, G025273, G025469, G025549, G025564, G025568, G025605, G025637, G025642, G025688, G025691, G025721, G025732, G025923, G025943, G025955, G026012, G026145, G026157, G026228, G026268, G026322, G026353, G026423, G026450, G026474, G026496, G026536, G026638, G026692, G026703, G026734, G026754, G026764, G026858, G026949, G026977, G027188, G027263, G027314, G027428, G027521, G027573, G027633, G027644, G027709, G027765, G027766, G027805, G027872, G027909, G027913, G027916, G027958, G028100, G028114, G028151, G028194, G028274, G028323, G028324, G028462, G028876
GO:1902749	BP	e	regulation of cell cycle G2/M phase transition	26/2037	59/11561	2.0579561968842723e-06	7	26	0.0002326893270413042	G001130, G001565, G003815, G004908, G007002, G007282, G007617, G008980, G009535, G009983, G010578, G011867, G012059, G012787, G013038, G014095, G016443, G016601, G016602, G018234, G018513, G019676, G020153, G020711, G021062, G021465
GO:0031124	BP	e	mRNA 3'-end processing	14/2037	22/11561	2.0624503757061627e-06	9	14	0.0002326893270413042	G001678, G004056, G005941, G007133, G009401, G016220, G016856, G022347, G022533, G022811, G022929, G026322, G027640, G027989
GO:0010629	BP	e	negative regulation of gene expression	111/2037	417/11561	2.959721835907591e-06	8	111	0.00032120028876349527	G000990, G001115, G001233, G001335, G001354, G001362, G001411, G001505, G001757, G002270, G003311, G003700, G003755, G004259, G004282, G004322, G004564, G005103, G005189, G005329, G005634, G005846, G006004, G006182, G006260, G006581, G007201, G007236, G007992, G008415, G008845, G008980, G009682, G010063, G010662, G010673, G010698, G010974, G011296, G011614, G011842, G011847, G012589, G012594, G012617, G013368, G013445, G013598, G014040, G014343, G014615, G014683, G014953, G015510, G015600, G015602, G016386, G016675, G016676, G016682, G016750, G017464, G017621, G017709, G017895, G017972, G018227, G018528, G018657, G018659, G019039, G019040, G019051, G019194, G019622, G019688, G019718, G019739, G019960, G021069, G021313, G021520, G021722, G021940, G022119, G022168, G022233, G022268, G022282, G022845, G023164, G023196, G024781, G024930, G025075, G025273, G025469, G025637, G025642, G025721, G026322, G026496, G026692, G026734, G027521, G027709, G027872, G027958, G028100, G028194, G028274
GO:0006352	BP	e	DNA-templated transcription initiation	13/2037	20/11561	3.430097935331108e-06	8	13	0.0003687355280480941	G000002, G000009, G001200, G003973, G008870, G013946, G017027, G017545, G020175, G021520, G022282, G026450, G027633
GO:1901988	BP	e	negative regulation of cell cycle phase transition	46/2037	135/11561	3.5547606976654523e-06	7	46	0.00037856540327007313	G001130, G001335, G001565, G002553, G003518, G004176, G004851, G006768, G007617, G008980, G009535, G009786, G009983, G010578, G011120, G011867, G012059, G012787, G013038, G013933, G014064, G016205, G016386, G016443, G016601, G016602, G016789, G017709, G017835, G018143, G018513, G018657, G019676, G020153, G020711, G021062, G021298, G021358, G022376, G022459, G023703, G024116, G026423, G026977, G027872, G028274
GO:0000725	BP	e	recombinational repair	29/2037	70/11561	3.7439756230633236e-06	8	29	0.0003950240946741349	G001130, G001261, G001735, G002339, G003815, G005679, G006811, G008241, G008293, G008698, G009786, G010578, G013263, G015815, G016437, G017314, G017621, G018234, G018295, G019739, G020123, G020711, G021358, G021487, G024464, G024470, G025352, G026775, G028034
GO:0010389	BP	e	regulation of G2/M transition of mitotic cell cycle	24/2037	54/11561	4.213772512419516e-06	8	24	0.0004287137301698249	G001130, G001565, G003815, G004908, G007002, G007282, G007617, G009535, G009983, G010578, G011867, G012059, G012787, G013038, G016443, G016601, G016602, G018234, G018513, G019676, G020153, G020711, G021062, G021465
GO:0070925	BP	e	organelle assembly	104/2037	387/11561	4.671436454898962e-06	5	104	0.00046693875792608487	G001037, G001120, G001355, G001505, G001860, G002309, G002553, G003333, G003764, G003930, G003973, G004212, G004852, G005084, G005634, G005733, G005920, G006198, G006199, G006312, G006365, G008006, G008025, G008369, G008423, G009201, G009414, G009486, G009852, G010956, G011129, G011227, G011281, G011472, G011867, G012066, G012138, G012668, G012823, G013443, G013480, G013598, G013846, G013933, G014058, G014594, G014675, G014692, G014799, G015164, G015209, G015507, G015818, G015871, G015945, G016752, G016821, G017062, G017827, G018280, G018422, G018559, G018644, G018645, G018701, G019040, G019321, G020285, G020666, G020963, G021062, G021313, G021435, G021485, G021512, G021672, G022007, G022186, G022268, G022356, G022363, G022585, G022652, G022727, G022856, G022992, G022994, G023341, G023905, G024111, G024269, G025565, G025605, G025955, G026577, G026908, G027188, G027445, G027722, G027883, G027916, G028199, G028536, G028560
GO:0006261	BP	e	DNA-templated DNA replication	19/2037	38/11561	5.014985606830302e-06	8	19	0.0004969196607811417	G000576, G000577, G001472, G003700, G005764, G006441, G008685, G010662, G013265, G014095, G016688, G018295, G020153, G021465, G021841, G022376, G022801, G026003, G027728
GO:0045814	BP	e	negative regulation of gene expression, epigenetic	29/2037	72/11561	5.778691338890874e-06	9	29	0.0005628050239885599	G001115, G001335, G002270, G003700, G004259, G004564, G005846, G006182, G008980, G010662, G011296, G011614, G012589, G016386, G016675, G016676, G016682, G017972, G019718, G019739, G019960, G021940, G022233, G022282, G025637, G025642, G025721, G026322, G026734
GO:0034728	BP	e	nucleosome organization	20/2037	42/11561	7.350690478113655e-06	8	20	0.0006865665409680746	G001200, G003549, G003700, G004564, G004567, G005979, G008980, G011691, G016688, G017907, G018352, G018392, G020247, G020443, G021940, G022251, G022282, G023345, G024507, G027913
GO:0044843	BP	e	cell cycle G1/S phase transition	16/2037	30/11561	9.726607789560666e-06	4	16	0.0008938281916293854	G000576, G000577, G001247, G003730, G004403, G007002, G008454, G012859, G017709, G017941, G019756, G021062, G023703, G026450, G027958, G028559
GO:0000082	BP	e	G1/S transition of mitotic cell cycle	16/2037	30/11561	9.726607789560666e-06	5	16	0.0008938281916293854	G000576, G000577, G001247, G003730, G004403, G007002, G008454, G012859, G017709, G017941, G019756, G021062, G023703, G026450, G027958, G028559
GO:1901991	BP	e	negative regulation of mitotic cell cycle phase transition	32/2037	85/11561	1.0175332494069004e-05	8	32	0.0009275833101593305	G001130, G001565, G002553, G003518, G004851, G007617, G009535, G009786, G009983, G010578, G011867, G012059, G012787, G013038, G013933, G016443, G016601, G016602, G016789, G017835, G018513, G019676, G020153, G020711, G021062, G021298, G021358, G022459, G023703, G024116, G027872, G028274
GO:2000779	BP	e	regulation of double-strand break repair	27/2037	67/11561	1.2498714520148514e-05	8	27	0.0011303400948975582	G001565, G004176, G004504, G005473, G005979, G006271, G006274, G007992, G007993, G010049, G010493, G011120, G011287, G011691, G012072, G013230, G013265, G014064, G016168, G016579, G019718, G019739, G020123, G020247, G021358, G022797, G023345
GO:0000398	BP	e	mRNA splicing, via spliceosome	43/2037	129/11561	1.2979219873483063e-05	11	43	0.001146497755491004	G001871, G004282, G004343, G005846, G005981, G006274, G007410, G008023, G009027, G009535, G009869, G010794, G011523, G012016, G012411, G013598, G014326, G014364, G014697, G016258, G016680, G017098, G017907, G017983, G018420, G018462, G019620, G020520, G021462, G022459, G023258, G024781, G025368, G025469, G026322, G026526, G026624, G026758, G026825, G027084, G027385, G027957, G027960
GO:0000375	BP	e	RNA splicing, via transesterification reactions	43/2037	129/11561	1.2979219873483063e-05	9	43	0.001146497755491004	G001871, G004282, G004343, G005846, G005981, G006274, G007410, G008023, G009027, G009535, G009869, G010794, G011523, G012016, G012411, G013598, G014326, G014364, G014697, G016258, G016680, G017098, G017907, G017983, G018420, G018462, G019620, G020520, G021462, G022459, G023258, G024781, G025368, G025469, G026322, G026526, G026624, G026758, G026825, G027084, G027385, G027957, G027960
GO:0000377	BP	e	RNA splicing, via transesterification reactions with bulged adenosine as nucleophile	43/2037	129/11561	1.2979219873483063e-05	10	43	0.001146497755491004	G001871, G004282, G004343, G005846, G005981, G006274, G007410, G008023, G009027, G009535, G009869, G010794, G011523, G012016, G012411, G013598, G014326, G014364, G014697, G016258, G016680, G017098, G017907, G017983, G018420, G018462, G019620, G020520, G021462, G022459, G023258, G024781, G025368, G025469, G026322, G026526, G026624, G026758, G026825, G027084, G027385, G027957, G027960
GO:0009987	BP	e	cellular process	1236/2037	6516/11561	1.4702722426423752e-05	1	1236	0.0012887501696084512	G000002, G000009, G000012, G000217, G000461, G000560, G000576, G000577, G000606, G000682, G000755, G000832, G000956, G000990, G000993, G000995, G001037, G001045, G001085, G001115, G001120, G001130, G001200, G001247, G001261, G001266, G001289, G001295, G001335, G001354, G001355, G001362, G001363, G001369, G001371, G001394, G001407, G001430, G001462, G001468, G001472, G001479, G001505, G001514, G001520, G001544, G001551, G001553, G001560, G001565, G001650, G001681, G001735, G001757, G001801, G001809, G001813, G001814, G001822, G001831, G001855, G001856, G001860, G001998, G002001, G002052, G002089, G002100, G002104, G002107, G002126, G002131, G002163, G002242, G002270, G002309, G002324, G002328, G002339, G002340, G002394, G002431, G002439, G002489, G002493, G002502, G002552, G002553, G002591, G002610, G002614, G002616, G002748, G003018, G003109, G003191, G003313, G003333, G003350, G003381, G003417, G003423, G003478, G003518, G003521, G003546, G003548, G003549, G003550, G003560, G003574, G003608, G003611, G003647, G003692, G003700, G003729, G003730, G003755, G003764, G003782, G003814, G003815, G003822, G003826, G003908, G003930, G003931, G003932, G003952, G003967, G003973, G004009, G004066, G004093, G004113, G004114, G004132, G004133, G004176, G004189, G004194, G004199, G004212, G004220, G004221, G004244, G004257, G004259, G004282, G004283, G004309, G004322, G004336, G004381, G004403, G004435, G004455, G004462, G004495, G004504, G004536, G004564, G004567, G004582, G004599, G004713, G004757, G004797, G004848, G004851, G004852, G004859, G004908, G004927, G004964, G005003, G005021, G005041, G005084, G005092, G005103, G005134, G005146, G005156, G005193, G005215, G005217, G005287, G005329, G005387, G005471, G005473, G005476, G005485, G005487, G005514, G005540, G005542, G005574, G005634, G005670, G005679, G005683, G005692, G005733, G005740, G005825, G005839, G005843, G005846, G005860, G005910, G005920, G005941, G005979, G005981, G005995, G006000, G006004, G006047, G006083, G006086, G006100, G006116, G006182, G006190, G006198, G006199, G006205, G006256, G006264, G006271, G006274, G006277, G006290, G006312, G006334, G006339, G006365, G006411, G006414, G006415, G006432, G006433, G006439, G006441, G006472, G006503, G006506, G006553, G006554, G006569, G006571, G006581, G006588, G006606, G006607, G006617, G006679, G006730, G006742, G006768, G006797, G006811, G006834, G006843, G006847, G006849, G006906, G006938, G006945, G006965, G006969, G006980, G007002, G007050, G007133, G007154, G007159, G007178, G007201, G007218, G007233, G007266, G007267, G007269, G007277, G007282, G007384, G007537, G007548, G007553, G007609, G007617, G007619, G007629, G007698, G007758, G007800, G007805, G007806, G007818, G007819, G007882, G007927, G007992, G008006, G008025, G008038, G008039, G008043, G008045, G008145, G008215, G008241, G008249, G008293, G008296, G008320, G008341, G008365, G008369, G008376, G008379, G008403, G008415, G008423, G008454, G008471, G008483, G008518, G008551, G008600, G008621, G008698, G008753, G008754, G008758, G008870, G008878, G008903, G008970, G008971, G008972, G008980, G009073, G009201, G009285, G009325, G009332, G009338, G009352, G009355, G009397, G009401, G009412, G009414, G009448, G009464, G009470, G009486, G009526, G009535, G009617, G009634, G009665, G009682, G009695, G009734, G009786, G009852, G009869, G009886, G009893, G009894, G009895, G009916, G009946, G009961, G009983, G009991, G010049, G010103, G010125, G010131, G010145, G010146, G010200, G010252, G010265, G010267, G010274, G010302, G010460, G010464, G010493, G010506, G010527, G010535, G010548, G010578, G010616, G010662, G010673, G010681, G010698, G010700, G010765, G010796, G010799, G010891, G010897, G010914, G010954, G010956, G010964, G010965, G010966, G010974, G010982, G011052, G011097, G011105, G011120, G011129, G011181, G011227, G011239, G011272, G011281, G011294, G011296, G011298, G011310, G011365, G011381, G011408, G011447, G011472, G011476, G011505, G011513, G011520, G011538, G011540, G011546, G011548, G011595, G011614, G011629, G011638, G011691, G011720, G011726, G011765, G011783, G011799, G011842, G011847, G011867, G011897, G011919, G012007, G012008, G012032, G012059, G012066, G012072, G012107, G012116, G012138, G012139, G012176, G012186, G012307, G012411, G012449, G012499, G012500, G012568, G012589, G012594, G012598, G012620, G012633, G012635, G012668, G012739, G012787, G012796, G012823, G012824, G012851, G012859, G012925, G012926, G012962, G012969, G012970, G013001, G013002, G013016, G013038, G013041, G013082, G013095, G013159, G013190, G013191, G013194, G013211, G013230, G013263, G013265, G013287, G013347, G013351, G013355, G013368, G013443, G013444, G013445, G013447, G013463, G013465, G013480, G013545, G013598, G013771, G013788, G013819, G013824, G013831, G013845, G013846, G013862, G013933, G013946, G013994, G014002, G014003, G014040, G014058, G014059, G014061, G014064, G014095, G014213, G014301, G014302, G014377, G014412, G014415, G014442, G014445, G014448, G014523, G014562, G014569, G014594, G014615, G014629, G014660, G014664, G014668, G014675, G014682, G014683, G014688, G014692, G014710, G014727, G014732, G014752, G014799, G014836, G014842, G014855, G014884, G014929, G014953, G014963, G015164, G015209, G015257, G015301, G015334, G015358, G015369, G015443, G015461, G015507, G015564, G015579, G015600, G015602, G015603, G015659, G015714, G015731, G015744, G015814, G015815, G015818, G015854, G015864, G015871, G015928, G015944, G015945, G015996, G016017, G016020, G016109, G016126, G016145, G016168, G016205, G016220, G016236, G016237, G016241, G016258, G016262, G016282, G016347, G016358, G016359, G016374, G016382, G016383, G016386, G016387, G016397, G016407, G016414, G016417, G016421, G016436, G016437, G016443, G016458, G016499, G016516, G016579, G016583, G016601, G016602, G016624, G016643, G016655, G016657, G016675, G016676, G016680, G016682, G016688, G016707, G016723, G016727, G016746, G016750, G016752, G016764, G016789, G016803, G016819, G016821, G016908, G016930, G016935, G016944, G016957, G016977, G017027, G017062, G017109, G017110, G017111, G017126, G017164, G017191, G017234, G017268, G017272, G017314, G017343, G017380, G017420, G017422, G017438, G017444, G017450, G017454, G017457, G017480, G017495, G017529, G017543, G017545, G017553, G017571, G017572, G017606, G017607, G017621, G017634, G017709, G017780, G017812, G017815, G017827, G017835, G017893, G017895, G017907, G017941, G017967, G017972, G017983, G018005, G018012, G018066, G018071, G018082, G018100, G018129, G018139, G018142, G018143, G018234, G018256, G018258, G018272, G018280, G018290, G018295, G018302, G018345, G018350, G018352, G018358, G018363, G018387, G018392, G018395, G018397, G018398, G018420, G018421, G018422, G018430, G018453, G018457, G018462, G018472, G018475, G018491, G018508, G018513, G018514, G018523, G018528, G018559, G018592, G018644, G018645, G018656, G018657, G018659, G018660, G018701, G018719, G018726, G018830, G018853, G018856, G018892, G018931, G018932, G018989, G019018, G019039, G019040, G019044, G019051, G019075, G019129, G019131, G019148, G019151, G019194, G019218, G019225, G019275, G019277, G019321, G019348, G019382, G019398, G019432, G019434, G019454, G019457, G019463, G019475, G019506, G019519, G019530, G019548, G019551, G019554, G019622, G019676, G019688, G019718, G019737, G019739, G019749, G019751, G019756, G019788, G019812, G019882, G019960, G019961, G019970, G019989, G020002, G020075, G020089, G020090, G020095, G020123, G020149, G020153, G020158, G020159, G020160, G020167, G020169, G020175, G020232, G020233, G020247, G020285, G020370, G020375, G020402, G020406, G020423, G020439, G020442, G020443, G020469, G020497, G020501, G020505, G020520, G020557, G020559, G020634, G020666, G020701, G020702, G020708, G020711, G020741, G020759, G020760, G020765, G020828, G020830, G020831, G020865, G020921, G020963, G020973, G020977, G020982, G021034, G021040, G021062, G021069, G021149, G021166, G021197, G021293, G021298, G021313, G021321, G021327, G021358, G021422, G021435, G021465, G021485, G021487, G021490, G021512, G021520, G021531, G021541, G021578, G021591, G021611, G021628, G021637, G021662, G021666, G021672, G021693, G021702, G021722, G021741, G021785, G021841, G021885, G021887, G021902, G021912, G021921, G021926, G021940, G021958, G021959, G021960, G021970, G021974, G022007, G022019, G022035, G022040, G022078, G022115, G022123, G022136, G022137, G022149, G022168, G022175, G022177, G022178, G022186, G022208, G022227, G022233, G022240, G022251, G022254, G022268, G022280, G022282, G022286, G022296, G022300, G022301, G022315, G022344, G022347, G022356, G022357, G022360, G022363, G022376, G022458, G022459, G022462, G022468, G022496, G022543, G022557, G022565, G022573, G022584, G022585, G022592, G022633, G022652, G022693, G022727, G022747, G022768, G022797, G022811, G022812, G022829, G022844, G022856, G022867, G022894, G022913, G022929, G022992, G022994, G023001, G023008, G023024, G023038, G023075, G023079, G023138, G023149, G023184, G023196, G023258, G023273, G023290, G023341, G023343, G023345, G023348, G023450, G023455, G023458, G023460, G023461, G023494, G023520, G023531, G023534, G023561, G023622, G023638, G023640, G023658, G023694, G023698, G023703, G023706, G023782, G023837, G023870, G023892, G023894, G023900, G023905, G023918, G024071, G024072, G024074, G024111, G024116, G024124, G024143, G024170, G024203, G024225, G024256, G024269, G024354, G024355, G024403, G024428, G024464, G024465, G024470, G024493, G024505, G024507, G024514, G024597, G024625, G024651, G024663, G024703, G024757, G024771, G024814, G024840, G024842, G024930, G024938, G024963, G024984, G025013, G025129, G025147, G025184, G025213, G025214, G025228, G025239, G025273, G025343, G025352, G025384, G025385, G025431, G025449, G025455, G025469, G025538, G025562, G025564, G025565, G025568, G025605, G025620, G025637, G025642, G025682, G025691, G025721, G025732, G025782, G025817, G025923, G025943, G025955, G026003, G026012, G026050, G026089, G026094, G026112, G026145, G026157, G026175, G026228, G026231, G026259, G026268, G026293, G026301, G026322, G026323, G026351, G026353, G026423, G026426, G026450, G026460, G026463, G026464, G026474, G026503, G026526, G026536, G026546, G026577, G026628, G026692, G026703, G026734, G026748, G026754, G026775, G026825, G026858, G026883, G026904, G026908, G026916, G026919, G026949, G026950, G026977, G027009, G027046, G027068, G027084, G027188, G027198, G027208, G027214, G027221, G027246, G027263, G027284, G027314, G027350, G027386, G027394, G027413, G027428, G027445, G027489, G027573, G027575, G027633, G027638, G027722, G027728, G027731, G027738, G027765, G027766, G027861, G027872, G027883, G027884, G027906, G027909, G027913, G027916, G027919, G027957, G027958, G027989, G027998, G028029, G028034, G028049, G028094, G028099, G028100, G028195, G028199, G028201, G028274, G028310, G028323, G028337, G028376, G028393, G028397, G028416, G028432, G028444, G028450, G028458, G028466, G028468, G028517, G028536, G028559, G028560, G028626, G028637, G028761, G028857, G028862, G028875, G028876
GO:0007093	BP	e	mitotic cell cycle checkpoint signaling	33/2037	89/11561	1.5533992813355685e-05	9	33	0.0013512202145663209	G001130, G001565, G002553, G003518, G004851, G007617, G009535, G009786, G009983, G010578, G011120, G011867, G012059, G012787, G013038, G013933, G016443, G016601, G016602, G016789, G017835, G018513, G019676, G020153, G020711, G021062, G021298, G021358, G022459, G024116, G026423, G026977, G027872
GO:0070316	BP	e	regulation of G0 to G1 transition	9/2037	12/11561	2.1204943211194118e-05	6	9	0.0018167693826432857	G001565, G005979, G010049, G010493, G012787, G016168, G020247, G021465, G023345
GO:0090068	BP	e	positive regulation of cell cycle process	43/2037	130/11561	2.138911789225349e-05	6	43	0.0018188731222554368	G001045, G001247, G001369, G001479, G001678, G001856, G002001, G002502, G003815, G004908, G007002, G007282, G008293, G008980, G010506, G011365, G012008, G012019, G012059, G012787, G013016, G013443, G014095, G016856, G018234, G020158, G021465, G021637, G021940, G022652, G023196, G023348, G023638, G023703, G023905, G024111, G024354, G025228, G026157, G026231, G026734, G027872, G028393
GO:0040029	BP	e	epigenetic regulation of gene expression	38/2037	111/11561	2.4185558990250955e-05	8	38	0.002026429740396394	G001115, G001335, G002270, G003700, G004259, G004564, G005846, G006004, G006182, G007819, G008980, G009682, G010662, G011296, G011614, G012589, G016386, G016675, G016676, G016682, G016935, G017480, G017972, G018659, G019718, G019739, G019960, G020501, G021940, G022233, G022282, G025637, G025642, G025721, G026322, G026536, G026703, G026734
GO:0071704	BP	e	organic substance metabolic process	763/2037	3867/11561	2.7587491158669642e-05	2	763	0.002277967114152468	G000002, G000009, G000461, G000560, G000576, G000577, G000606, G000682, G000755, G000843, G000942, G000944, G000990, G000993, G000995, G001037, G001121, G001130, G001200, G001233, G001261, G001266, G001354, G001362, G001369, G001371, G001407, G001468, G001472, G001520, G001565, G001678, G001735, G001757, G001813, G001822, G001871, G001958, G001993, G001998, G002001, G002008, G002045, G002052, G002054, G002089, G002107, G002126, G002242, G002324, G002339, G002457, G002458, G002485, G002493, G002502, G002552, G002553, G002591, G002610, G003311, G003350, G003417, G003478, G003521, G003546, G003549, G003574, G003647, G003700, G003729, G003755, G003782, G003811, G003815, G003822, G003826, G003930, G003932, G003933, G003973, G004032, G004056, G004066, G004133, G004176, G004177, G004190, G004220, G004257, G004282, G004283, G004309, G004311, G004343, G004435, G004455, G004504, G004713, G004848, G004852, G004908, G005021, G005041, G005092, G005103, G005134, G005146, G005156, G005189, G005215, G005283, G005329, G005387, G005471, G005473, G005476, G005485, G005488, G005634, G005651, G005679, G005692, G005733, G005763, G005764, G005825, G005846, G005860, G005910, G005941, G005981, G006000, G006004, G006034, G006047, G006086, G006100, G006205, G006260, G006271, G006274, G006290, G006339, G006406, G006411, G006441, G006446, G006472, G006483, G006503, G006588, G006606, G006607, G006672, G006725, G006730, G006742, G006768, G006811, G006834, G006849, G006965, G006969, G007002, G007007, G007050, G007095, G007133, G007178, G007270, G007384, G007410, G007548, G007553, G007590, G007609, G007617, G007619, G007700, G007758, G007806, G007819, G007882, G007992, G008023, G008038, G008043, G008045, G008145, G008146, G008215, G008241, G008293, G008341, G008376, G008415, G008518, G008600, G008621, G008685, G008698, G008753, G008758, G008870, G008878, G008903, G008971, G008972, G009020, G009027, G009073, G009325, G009338, G009397, G009401, G009414, G009448, G009464, G009535, G009617, G009682, G009695, G009786, G009869, G009886, G009961, G009983, G010049, G010063, G010103, G010267, G010274, G010506, G010544, G010548, G010578, G010662, G010673, G010681, G010700, G010794, G010799, G010954, G010965, G010974, G010989, G010995, G011052, G011097, G011105, G011120, G011148, G011197, G011227, G011296, G011313, G011365, G011381, G011447, G011486, G011523, G011538, G011595, G011629, G011668, G011691, G011726, G011783, G011867, G012016, G012019, G012059, G012072, G012107, G012116, G012186, G012293, G012307, G012411, G012449, G012598, G012617, G012633, G012668, G012787, G012796, G012824, G012859, G012896, G012925, G012926, G012969, G012970, G013001, G013002, G013032, G013038, G013041, G013191, G013230, G013263, G013265, G013287, G013355, G013443, G013444, G013445, G013450, G013598, G013771, G013831, G013862, G013946, G014002, G014040, G014064, G014095, G014213, G014326, G014346, G014364, G014377, G014445, G014448, G014449, G014569, G014615, G014629, G014660, G014664, G014676, G014682, G014683, G014685, G014697, G014732, G014752, G014797, G014807, G014836, G014929, G014953, G015301, G015334, G015369, G015443, G015461, G015510, G015579, G015603, G015659, G015714, G015744, G015815, G015818, G015821, G015945, G015996, G016020, G016109, G016126, G016205, G016220, G016236, G016258, G016271, G016347, G016359, G016382, G016397, G016414, G016436, G016437, G016443, G016500, G016516, G016579, G016583, G016655, G016657, G016675, G016676, G016680, G016682, G016688, G016710, G016723, G016750, G016752, G016764, G016803, G016819, G016838, G016856, G016935, G016944, G016957, G016969, G017027, G017032, G017098, G017109, G017110, G017126, G017191, G017206, G017234, G017272, G017314, G017407, G017422, G017438, G017454, G017457, G017464, G017495, G017527, G017543, G017545, G017553, G017571, G017607, G017621, G017709, G017815, G017907, G017941, G017967, G017972, G017983, G018005, G018012, G018142, G018143, G018144, G018169, G018227, G018234, G018280, G018290, G018295, G018301, G018302, G018350, G018352, G018363, G018369, G018392, G018395, G018397, G018420, G018421, G018422, G018430, G018462, G018472, G018491, G018508, G018513, G018528, G018569, G018592, G018657, G018660, G018719, G018726, G018853, G018891, G018892, G018901, G018932, G018956, G018989, G019018, G019039, G019043, G019044, G019051, G019194, G019225, G019277, G019382, G019551, G019620, G019622, G019676, G019718, G019739, G019751, G019756, G019788, G019882, G019960, G019961, G019991, G020002, G020089, G020090, G020123, G020149, G020153, G020160, G020175, G020223, G020360, G020370, G020402, G020406, G020439, G020443, G020464, G020484, G020485, G020501, G020515, G020520, G020540, G020559, G020563, G020634, G020701, G020702, G020711, G020725, G020741, G020744, G020759, G020769, G020828, G020831, G020865, G020973, G021040, G021042, G021062, G021069, G021081, G021166, G021293, G021313, G021321, G021327, G021358, G021422, G021462, G021465, G021487, G021490, G021520, G021531, G021589, G021661, G021666, G021672, G021785, G021841, G021885, G021887, G021940, G022040, G022119, G022136, G022240, G022254, G022257, G022268, G022282, G022296, G022300, G022301, G022315, G022347, G022372, G022376, G022412, G022458, G022459, G022468, G022495, G022505, G022533, G022553, G022565, G022573, G022580, G022592, G022660, G022670, G022727, G022747, G022768, G022801, G022810, G022811, G022929, G022995, G023064, G023149, G023164, G023196, G023253, G023258, G023273, G023348, G023450, G023460, G023520, G023561, G023609, G023658, G023698, G023706, G023846, G023849, G023864, G023900, G023918, G023959, G024074, G024107, G024116, G024170, G024355, G024403, G024429, G024445, G024464, G024470, G024625, G024703, G024771, G024781, G024814, G024840, G024842, G024963, G024984, G025013, G025075, G025147, G025214, G025228, G025239, G025272, G025343, G025352, G025368, G025384, G025385, G025431, G025449, G025469, G025547, G025549, G025565, G025568, G025620, G025637, G025642, G025682, G025688, G025691, G025721, G025732, G025923, G026003, G026012, G026094, G026145, G026157, G026227, G026268, G026301, G026322, G026323, G026369, G026423, G026450, G026460, G026463, G026474, G026496, G026503, G026526, G026536, G026624, G026692, G026703, G026734, G026758, G026764, G026768, G026775, G026825, G026858, G026904, G026916, G026949, G026977, G027068, G027084, G027098, G027208, G027222, G027246, G027263, G027284, G027314, G027350, G027379, G027385, G027394, G027428, G027445, G027458, G027521, G027633, G027638, G027640, G027644, G027709, G027728, G027736, G027738, G027748, G027753, G027765, G027766, G027805, G027842, G027861, G027884, G027906, G027909, G027913, G027957, G027958, G027960, G027989, G027998, G028034, G028094, G028099, G028100, G028114, G028151, G028194, G028365, G028376, G028393, G028397, G028416, G028444, G028466, G028468, G028517, G028559, G028573, G028626, G028637, G028721, G028875
GO:0044772	BP	e	mitotic cell cycle phase transition	29/2037	77/11561	2.845719814413508e-05	4	29	0.0023328760636864695	G000576, G000577, G001247, G001565, G001809, G003018, G003730, G004403, G007002, G008454, G009412, G009983, G011365, G012859, G014002, G016789, G017709, G017941, G019756, G021062, G022557, G023703, G024663, G025228, G026450, G027958, G028393, G028559, G028761
GO:0141187	BP	e	nucleic acid biosynthetic process	53/2037	174/11561	3.126938300589456e-05	6	53	0.0025323917394513514	G000002, G000009, G000576, G000577, G000993, G001037, G001200, G001371, G003973, G004176, G004282, G004435, G005134, G006725, G008600, G008870, G009020, G009617, G011867, G013287, G013946, G014377, G015461, G016414, G016443, G016583, G016680, G017027, G017109, G017191, G017545, G018392, G019051, G019739, G019751, G020175, G020406, G021062, G021465, G021490, G021520, G021841, G022136, G022282, G023900, G024403, G024842, G025013, G025568, G026450, G026460, G027633, G027728
GO:0034654	BP	e	nucleobase-containing compound biosynthetic process	84/2037	312/11561	3.133543091379031e-05	5	84	0.0025323917394513514	G000002, G000009, G000576, G000577, G000993, G001037, G001200, G001371, G002052, G002457, G002458, G003417, G003755, G003973, G004133, G004176, G004282, G004435, G005134, G006339, G006588, G007758, G008215, G008376, G008600, G008870, G008903, G009325, G009617, G011105, G011381, G011867, G013287, G013946, G014377, G014682, G015461, G016359, G016414, G016443, G016583, G016680, G017027, G017109, G017191, G017545, G018392, G019051, G019739, G019751, G020089, G020160, G020175, G020406, G020828, G020831, G021062, G021166, G021465, G021490, G021520, G021841, G022136, G022282, G022458, G022768, G023348, G023706, G023900, G023918, G024403, G024842, G025013, G025214, G025239, G025568, G026094, G026301, G026450, G026460, G027246, G027314, G027633, G027728
GO:0034660	BP	e	ncRNA metabolic process	59/2037	201/11561	3.416043896206185e-05	7	59	0.002722085328480383	G001757, G002485, G003311, G005329, G005763, G005941, G006260, G007007, G007095, G007133, G007553, G007590, G007609, G010989, G011148, G012016, G012019, G012116, G013032, G013450, G014449, G014664, G014807, G016220, G016500, G016675, G016676, G016682, G017027, G017206, G017464, G017527, G018280, G019382, G019622, G020223, G021661, G022119, G022136, G022254, G022347, G022468, G022553, G022660, G022811, G022929, G024403, G024781, G025013, G025431, G025549, G026460, G026764, G027314, G027458, G027709, G027958, G027989, G028151
GO:1902459	BP	e	positive regulation of stem cell population maintenance	10/2037	15/11561	3.576672048440076e-05	5	10	0.002810770895998253	G005979, G007819, G009991, G010049, G010493, G016168, G017480, G023001, G023038, G023343
GO:0007062	BP	e	sister chromatid cohesion	10/2037	15/11561	3.576672048440076e-05	6	10	0.002810770895998253	G001130, G002553, G003973, G009983, G016789, G018234, G022296, G023658, G024170, G028034
GO:0141188	BP	e	nucleic acid catabolic process	79/2037	290/11561	4.309040061054046e-05	6	79	0.0033176696956561387	G001233, G001354, G001678, G002485, G003311, G004056, G005189, G005329, G005763, G005941, G006260, G007007, G007095, G007133, G007553, G007590, G007609, G008415, G009401, G009464, G010063, G010673, G010974, G010989, G011120, G011148, G012016, G012116, G012617, G013032, G013445, G013598, G014629, G014664, G014683, G014807, G015510, G016220, G016500, G016675, G016676, G016682, G016750, G016856, G017206, G017464, G017527, G018227, G018280, G019382, G019622, G020223, G021661, G022119, G022136, G022254, G022268, G022347, G022376, G022533, G022553, G022660, G022801, G022811, G022929, G023164, G023258, G024781, G025075, G025549, G026322, G026496, G027458, G027521, G027640, G027709, G027989, G028151, G028194
GO:0120031	BP	e	plasma membrane bounded cell projection assembly	65/2037	227/11561	4.36387823973682e-05	6	65	0.00333734178132893	G001120, G001355, G002309, G003333, G004852, G005084, G005634, G005920, G006198, G006199, G006312, G008006, G008369, G008423, G009201, G009486, G009852, G009893, G011129, G011281, G011472, G011720, G012307, G012823, G013443, G013846, G014594, G014675, G014692, G015164, G015209, G015507, G015818, G015871, G015945, G018559, G018644, G018645, G018701, G019321, G020285, G020666, G020963, G021313, G021435, G021485, G021512, G022007, G022186, G022356, G022363, G022585, G022727, G022856, G022992, G022994, G023341, G024269, G025605, G025955, G026577, G026908, G027188, G027916, G028536
GO:0045944	BP	e	positive regulation of transcription by RNA polymerase II	100/2037	389/11561	4.551910158993142e-05	10	100	0.003412867868757995	G000606, G000990, G001200, G001215, G001757, G002008, G002328, G002340, G002591, G003548, G003730, G003908, G004176, G004282, G004403, G004599, G005103, G006034, G006198, G006256, G006271, G006274, G007410, G007819, G008454, G008870, G009285, G009397, G009946, G009960, G010493, G010527, G010982, G011296, G011546, G011720, G011799, G011919, G012019, G012116, G012696, G013041, G013445, G013447, G014064, G014710, G014797, G015600, G015602, G016145, G016168, G016258, G016282, G016421, G016583, G016819, G016930, G017110, G017480, G017606, G017621, G017709, G018392, G019114, G019507, G019530, G019739, G020406, G020501, G020982, G021069, G021490, G021520, G021722, G021940, G021958, G021970, G022268, G022282, G022496, G022550, G022592, G022752, G022797, G023038, G023196, G023290, G023343, G024143, G024930, G025013, G025605, G025691, G025955, G026145, G026157, G026450, G027188, G027633, G027913
GO:0033047	BP	e	regulation of mitotic sister chromatid segregation	16/2037	33/11561	4.5761520489169835e-05	8	16	0.003412867868757995	G002553, G003518, G004851, G008293, G009983, G011867, G012008, G013933, G016789, G017835, G021298, G021637, G022459, G023638, G024116, G027872
GO:0006996	BP	e	organelle organization	287/2037	1319/11561	4.5824377702498754e-05	4	287	0.003412867868757995	G000560, G000832, G000956, G001037, G001120, G001130, G001261, G001295, G001355, G001369, G001505, G001514, G001565, G001681, G001813, G001855, G001856, G001860, G002104, G002309, G002439, G002553, G003191, G003333, G003548, G003608, G003611, G003647, G003730, G003764, G003826, G003930, G003973, G004093, G004194, G004212, G004220, G004282, G004309, G004381, G004403, G004462, G004757, G004797, G004852, G004964, G005003, G005084, G005092, G005103, G005215, G005634, G005733, G005910, G005920, G006000, G006004, G006182, G006198, G006199, G006312, G006365, G006414, G006415, G006432, G006811, G006834, G006843, G006969, G007806, G008006, G008025, G008241, G008369, G008423, G008471, G008878, G009201, G009414, G009486, G009695, G009852, G009886, G009983, G010265, G010302, G010460, G010535, G010548, G010616, G010698, G010956, G010966, G011129, G011227, G011281, G011472, G011513, G011546, G011638, G011691, G011867, G011897, G012007, G012008, G012066, G012138, G012176, G012598, G012668, G012823, G012962, G012969, G012970, G013001, G013016, G013347, G013443, G013444, G013465, G013480, G013598, G013846, G013933, G014040, G014058, G014059, G014415, G014445, G014594, G014675, G014692, G014799, G014953, G015164, G015209, G015257, G015507, G015818, G015871, G015945, G016262, G016358, G016374, G016436, G016437, G016499, G016657, G016707, G016727, G016752, G016789, G016803, G016821, G016977, G017062, G017268, G017272, G017343, G017444, G017827, G017835, G018234, G018280, G018295, G018302, G018422, G018430, G018514, G018559, G018644, G018645, G018701, G018719, G018989, G019040, G019051, G019321, G019398, G019688, G019718, G020095, G020158, G020175, G020285, G020423, G020443, G020557, G020666, G020701, G020865, G020963, G021062, G021069, G021298, G021313, G021435, G021485, G021512, G021611, G021637, G021672, G021693, G021785, G021841, G021921, G021926, G021940, G022007, G022019, G022035, G022123, G022186, G022254, G022268, G022296, G022344, G022356, G022360, G022363, G022585, G022652, G022727, G022812, G022856, G022992, G022994, G023001, G023024, G023341, G023638, G023658, G023782, G023870, G023905, G024111, G024116, G024170, G024269, G024354, G024355, G024493, G024514, G025565, G025605, G025620, G025682, G025817, G025955, G026145, G026157, G026293, G026423, G026464, G026577, G026692, G026703, G026748, G026883, G026908, G026919, G027188, G027198, G027394, G027413, G027445, G027575, G027722, G027738, G027765, G027872, G027883, G027909, G027916, G028029, G028034, G028094, G028099, G028100, G028199, G028337, G028432, G028450, G028466, G028536, G028560, G028637
GO:0044770	BP	e	cell cycle phase transition	31/2037	87/11561	5.169577018881918e-05	3	31	0.003728312033554396	G000576, G000577, G001247, G001565, G001809, G003018, G003730, G003815, G004403, G007002, G008454, G009412, G009983, G011365, G012859, G014002, G016789, G017709, G017941, G019756, G021062, G022557, G023638, G023703, G024663, G025228, G026450, G027958, G028393, G028559, G028761
GO:0006298	BP	e	mismatch repair	12/2037	21/11561	5.270944734853651e-05	8	12	0.0037775103933117833	G003647, G007617, G007619, G011691, G013001, G014629, G014732, G017314, G018295, G021358, G026536, G026977
GO:0031507	BP	e	heterochromatin formation	24/2037	61/11561	5.7345468429352775e-05	10	24	0.004008905599708435	G001115, G001335, G002270, G003700, G004259, G004564, G005846, G006182, G010662, G011296, G012589, G016386, G016675, G016676, G016682, G019718, G019960, G021940, G022233, G022282, G025637, G025642, G026322, G026734
GO:1901362	BP	e	organic cyclic compound biosynthetic process	103/2037	406/11561	6.47213845007686e-05	4	103	0.00449695229503816	G000002, G000009, G000560, G000576, G000577, G000993, G001037, G001200, G001371, G002052, G002054, G002457, G002458, G003417, G003755, G003973, G004133, G004176, G004282, G004435, G005134, G005651, G006339, G006446, G006503, G006588, G007758, G008215, G008376, G008600, G008870, G008903, G009325, G009617, G011105, G011381, G011867, G012969, G012970, G013287, G013862, G013946, G014377, G014682, G015461, G016359, G016414, G016443, G016583, G016680, G016764, G017027, G017109, G017191, G017543, G017545, G018005, G018142, G018392, G018901, G019051, G019739, G019751, G019882, G020089, G020160, G020175, G020406, G020634, G020759, G020828, G020831, G021062, G021166, G021465, G021490, G021520, G021841, G022136, G022240, G022282, G022458, G022768, G023348, G023706, G023900, G023918, G024074, G024403, G024842, G025013, G025214, G025239, G025568, G025682, G026094, G026301, G026450, G026460, G027246, G027314, G027633, G027728
GO:1901992	BP	e	positive regulation of mitotic cell cycle phase transition	21/2037	51/11561	6.698836489037328e-05	8	21	0.004626257078338203	G001247, G001369, G001678, G002001, G002502, G003815, G007002, G007282, G011365, G012019, G016856, G018234, G021465, G022652, G023196, G023348, G023905, G025228, G026231, G026734, G028393
GO:0048523	BP	e	negative regulation of cellular process	406/2037	1950/11561	6.874515193617323e-05	4	406	0.00471898196573912	G000490, G000560, G000755, G000990, G001115, G001120, G001130, G001200, G001215, G001233, G001247, G001261, G001289, G001335, G001354, G001362, G001369, G001394, G001411, G001505, G001520, G001544, G001553, G001565, G001650, G001757, G001797, G002089, G002229, G002270, G002328, G002339, G002340, G002384, G002459, G002553, G002591, G002748, G003018, G003311, G003423, G003478, G003518, G003546, G003574, G003700, G003730, G003737, G003755, G003764, G003822, G003914, G003931, G004132, G004176, G004257, G004259, G004282, G004322, G004343, G004403, G004455, G004462, G004536, G004564, G004582, G004599, G004851, G004879, G004908, G004964, G005103, G005156, G005189, G005215, G005217, G005329, G005387, G005473, G005487, G005634, G005733, G005825, G005843, G005846, G005920, G005943, G005979, G006004, G006100, G006116, G006182, G006260, G006271, G006274, G006290, G006356, G006433, G006581, G006607, G006768, G006969, G007050, G007159, G007178, G007201, G007236, G007282, G007428, G007609, G007617, G007819, G007992, G008341, G008369, G008379, G008415, G008454, G008471, G008483, G008621, G008845, G008870, G008980, G009285, G009332, G009526, G009535, G009682, G009786, G009983, G009991, G010049, G010063, G010274, G010468, G010493, G010506, G010527, G010578, G010662, G010673, G010698, G010749, G010796, G010974, G011120, G011181, G011296, G011310, G011332, G011505, G011614, G011720, G011783, G011799, G011842, G011847, G011867, G011897, G011919, G012008, G012019, G012032, G012059, G012072, G012176, G012589, G012594, G012598, G012617, G012668, G012696, G012787, G012811, G012824, G013001, G013038, G013041, G013230, G013351, G013368, G013445, G013598, G013788, G013933, G013994, G014002, G014040, G014058, G014064, G014095, G014343, G014615, G014660, G014682, G014683, G014688, G014710, G014727, G014953, G015301, G015334, G015369, G015507, G015510, G015600, G015602, G015854, G015864, G015928, G015945, G016020, G016168, G016205, G016237, G016258, G016282, G016386, G016414, G016421, G016443, G016499, G016579, G016583, G016601, G016602, G016643, G016675, G016676, G016682, G016750, G016789, G016819, G016829, G016852, G016930, G016935, G017234, G017464, G017480, G017606, G017607, G017621, G017709, G017812, G017815, G017835, G017893, G017895, G017941, G017972, G018012, G018143, G018227, G018345, G018363, G018397, G018399, G018421, G018422, G018430, G018513, G018514, G018528, G018592, G018657, G018659, G018931, G019039, G019040, G019051, G019194, G019382, G019432, G019434, G019457, G019463, G019530, G019548, G019551, G019622, G019676, G019688, G019718, G019739, G019749, G019960, G020090, G020153, G020160, G020169, G020247, G020406, G020501, G020505, G020666, G020708, G020711, G020759, G020982, G021062, G021069, G021197, G021298, G021313, G021358, G021476, G021485, G021487, G021520, G021531, G021590, G021722, G021819, G021940, G021970, G022119, G022136, G022168, G022175, G022208, G022233, G022251, G022268, G022282, G022286, G022376, G022459, G022496, G022592, G022752, G022812, G022845, G023001, G023038, G023164, G023196, G023258, G023345, G023460, G023618, G023698, G023703, G023782, G024111, G024116, G024143, G024703, G024781, G024930, G024933, G024938, G025075, G025076, G025129, G025213, G025214, G025273, G025469, G025564, G025568, G025605, G025637, G025642, G025682, G025688, G025721, G026145, G026157, G026268, G026293, G026322, G026323, G026423, G026474, G026496, G026536, G026577, G026638, G026692, G026703, G026734, G026764, G026825, G026858, G026883, G026949, G026977, G027263, G027284, G027521, G027709, G027805, G027872, G027884, G027906, G027958, G028034, G028100, G028194, G028274, G028323, G028324, G028536, G028761
GO:0051784	BP	e	negative regulation of nuclear division	16/2037	34/11561	7.237311400873181e-05	7	16	0.00487983215461242	G001335, G001565, G002553, G003518, G004851, G009983, G011867, G013933, G016386, G016789, G017835, G018143, G021298, G022459, G024116, G027872
GO:1902850	BP	e	microtubule cytoskeleton organization involved in mitosis	32/2037	91/11561	7.309150305137696e-05	7	32	0.004899280454532003	G000956, G001120, G001860, G002553, G003764, G004797, G006365, G008006, G009414, G009983, G010956, G011691, G012007, G013347, G013465, G013933, G014059, G017062, G017835, G020423, G020666, G021298, G021313, G021637, G022123, G022652, G023638, G023905, G024111, G027198, G027445, G028199
GO:0030031	BP	e	cell projection assembly	65/2037	233/11561	8.291091711509953e-05	5	65	0.00542971207199172	G001120, G001355, G002309, G003333, G004852, G005084, G005634, G005920, G006198, G006199, G006312, G008006, G008369, G008423, G009201, G009486, G009852, G009893, G011129, G011281, G011472, G011720, G012307, G012823, G013443, G013846, G014594, G014675, G014692, G015164, G015209, G015507, G015818, G015871, G015945, G018559, G018644, G018645, G018701, G019321, G020285, G020666, G020963, G021313, G021435, G021485, G021512, G022007, G022186, G022356, G022363, G022585, G022727, G022856, G022992, G022994, G023341, G024269, G025605, G025955, G026577, G026908, G027188, G027916, G028536
GO:0045787	BP	e	positive regulation of cell cycle	48/2037	159/11561	8.869118529968523e-05	5	48	0.005673004207763345	G001045, G001247, G001369, G001479, G001565, G001678, G001856, G002001, G002502, G003815, G004599, G004908, G007002, G007282, G008293, G008980, G010506, G011365, G012008, G012019, G012059, G012787, G013016, G013443, G014095, G016856, G017941, G018234, G019530, G020158, G021465, G021637, G021940, G022652, G023196, G023348, G023638, G023703, G023905, G024111, G024354, G025228, G026157, G026231, G026734, G027872, G028365, G028393
GO:2000736	BP	e	regulation of stem cell differentiation	14/2037	28/11561	8.961482009831451e-05	5	14	0.005673115972334965	G004132, G009397, G010989, G011847, G016282, G016935, G020090, G022811, G023038, G023258, G025691, G026228, G027284, G027884
GO:0098534	BP	e	centriole assembly	11/2037	19/11561	9.305474953132905e-05	7	11	0.005826147642359859	G003764, G014058, G016821, G021062, G021672, G023905, G026908, G027188, G027722, G028199, G028560
GO:0050000	BP	e	chromosome localization	17/2037	38/11561	9.565503256418975e-05	3	17	0.005923853782983383	G001369, G003608, G003611, G004908, G006182, G010966, G011867, G014059, G014664, G016436, G017062, G021298, G021313, G021637, G022652, G023638, G025817
GO:0007088	BP	e	regulation of mitotic nuclear division	22/2037	55/11561	9.922556035143622e-05	7	22	0.0061117581632681925	G001369, G001565, G002502, G002553, G003518, G004851, G008293, G009983, G011365, G011867, G012008, G013933, G016789, G017835, G021298, G021637, G022459, G022652, G023638, G024116, G025228, G027872
GO:0008380	BP	e	RNA splicing	47/2037	154/11561	0.00010224098452565482	8	47	0.006263634508977617	G001871, G004282, G004343, G004848, G005846, G005981, G006274, G007410, G008023, G009027, G009535, G009869, G010794, G011523, G012016, G012116, G012411, G013032, G013598, G014326, G014364, G014697, G016258, G016680, G017098, G017907, G017983, G018392, G018420, G018462, G019620, G020520, G021462, G022459, G023258, G024781, G025368, G025469, G026322, G026526, G026624, G026758, G026825, G027084, G027385, G027957, G027960
GO:0051101	BP	e	regulation of DNA binding	16/2037	35/11561	0.00011164463429263712	4	16	0.006803158330291978	G001200, G003973, G004322, G006004, G006274, G010274, G011799, G013041, G015602, G021069, G021520, G021722, G023038, G024143, G026450, G028323
GO:2001251	BP	e	negative regulation of chromosome organization	25/2037	66/11561	0.00011470850870373425	7	25	0.006915891305180169	G001261, G002553, G003518, G004851, G009983, G010673, G010974, G011120, G011296, G011867, G012598, G013933, G016675, G016676, G016682, G016789, G017835, G019051, G021298, G021940, G022282, G022459, G024116, G027872, G028034
GO:0051783	BP	e	regulation of nuclear division	26/2037	71/11561	0.00012012618394367108	6	26	0.0071666903981054035	G001335, G001369, G001565, G002502, G002553, G003518, G004851, G008293, G009983, G011365, G011867, G012008, G013933, G016386, G016789, G017835, G018143, G021298, G021637, G022459, G022652, G023638, G024116, G025228, G026157, G027872
GO:0008152	BP	e	metabolic process	804/2037	4134/11561	0.0001327381308918571	1	804	0.007799408143944264	G000002, G000009, G000461, G000560, G000576, G000577, G000606, G000682, G000755, G000843, G000942, G000944, G000990, G000993, G000995, G001037, G001121, G001130, G001200, G001233, G001261, G001266, G001297, G001354, G001362, G001369, G001371, G001407, G001468, G001472, G001520, G001544, G001565, G001678, G001735, G001757, G001813, G001822, G001871, G001958, G001993, G001998, G002001, G002008, G002045, G002052, G002054, G002089, G002104, G002107, G002126, G002242, G002324, G002339, G002439, G002457, G002458, G002485, G002493, G002502, G002552, G002553, G002591, G002610, G003191, G003311, G003350, G003417, G003478, G003521, G003546, G003549, G003574, G003647, G003700, G003729, G003755, G003782, G003811, G003815, G003822, G003826, G003930, G003932, G003933, G003973, G004032, G004056, G004066, G004133, G004176, G004177, G004190, G004220, G004257, G004282, G004283, G004309, G004311, G004322, G004343, G004435, G004455, G004504, G004713, G004848, G004852, G004908, G004964, G005021, G005041, G005092, G005103, G005134, G005146, G005156, G005189, G005215, G005283, G005329, G005387, G005471, G005473, G005476, G005485, G005488, G005631, G005634, G005651, G005679, G005683, G005692, G005733, G005763, G005764, G005825, G005839, G005846, G005860, G005910, G005941, G005981, G006000, G006004, G006034, G006047, G006086, G006100, G006116, G006205, G006260, G006271, G006274, G006290, G006334, G006339, G006406, G006411, G006441, G006446, G006472, G006483, G006503, G006588, G006606, G006607, G006672, G006725, G006730, G006742, G006768, G006811, G006834, G006849, G006906, G006965, G006969, G007002, G007007, G007050, G007095, G007133, G007154, G007159, G007178, G007270, G007384, G007410, G007548, G007553, G007590, G007609, G007617, G007619, G007700, G007758, G007806, G007819, G007882, G007992, G008023, G008038, G008043, G008045, G008145, G008146, G008215, G008241, G008293, G008341, G008376, G008415, G008518, G008600, G008621, G008685, G008698, G008753, G008758, G008870, G008878, G008903, G008971, G008972, G009020, G009027, G009073, G009325, G009338, G009397, G009401, G009414, G009448, G009464, G009535, G009617, G009682, G009695, G009786, G009869, G009886, G009961, G009983, G010049, G010063, G010103, G010267, G010274, G010506, G010544, G010548, G010578, G010662, G010673, G010681, G010700, G010794, G010796, G010799, G010954, G010965, G010974, G010989, G010995, G011052, G011097, G011105, G011120, G011148, G011197, G011227, G011294, G011296, G011313, G011365, G011381, G011447, G011486, G011523, G011538, G011595, G011629, G011668, G011691, G011726, G011783, G011867, G012016, G012019, G012059, G012072, G012107, G012116, G012186, G012293, G012307, G012411, G012449, G012598, G012617, G012633, G012668, G012787, G012796, G012824, G012859, G012896, G012925, G012926, G012969, G012970, G013001, G013002, G013032, G013038, G013041, G013191, G013230, G013263, G013265, G013287, G013355, G013443, G013444, G013445, G013450, G013598, G013771, G013788, G013831, G013862, G013946, G014002, G014040, G014064, G014095, G014213, G014326, G014346, G014364, G014377, G014445, G014448, G014449, G014569, G014615, G014629, G014660, G014664, G014676, G014682, G014683, G014685, G014697, G014732, G014752, G014797, G014807, G014836, G014929, G014953, G015301, G015334, G015369, G015443, G015461, G015510, G015579, G015603, G015659, G015714, G015731, G015744, G015815, G015818, G015821, G015945, G015996, G016020, G016109, G016126, G016205, G016220, G016236, G016241, G016258, G016271, G016347, G016358, G016359, G016382, G016397, G016414, G016436, G016437, G016443, G016500, G016516, G016579, G016583, G016655, G016657, G016675, G016676, G016680, G016682, G016688, G016710, G016723, G016746, G016750, G016752, G016764, G016789, G016803, G016819, G016838, G016856, G016935, G016944, G016957, G016969, G017027, G017032, G017098, G017109, G017110, G017126, G017191, G017206, G017234, G017268, G017272, G017314, G017407, G017422, G017438, G017454, G017457, G017464, G017495, G017527, G017543, G017545, G017553, G017571, G017607, G017621, G017709, G017815, G017907, G017941, G017967, G017972, G017983, G018005, G018012, G018142, G018143, G018144, G018169, G018227, G018234, G018280, G018290, G018295, G018301, G018302, G018350, G018352, G018363, G018369, G018392, G018395, G018397, G018420, G018421, G018422, G018430, G018462, G018472, G018491, G018508, G018513, G018528, G018569, G018592, G018657, G018660, G018719, G018726, G018853, G018891, G018892, G018901, G018932, G018956, G018989, G019018, G019039, G019043, G019044, G019051, G019194, G019225, G019277, G019382, G019551, G019620, G019622, G019676, G019718, G019737, G019739, G019751, G019756, G019788, G019882, G019960, G019961, G019991, G020002, G020089, G020090, G020123, G020149, G020153, G020160, G020175, G020223, G020360, G020370, G020402, G020406, G020439, G020443, G020464, G020484, G020485, G020501, G020515, G020520, G020540, G020559, G020563, G020634, G020701, G020702, G020711, G020725, G020741, G020744, G020759, G020769, G020828, G020831, G020865, G020973, G021040, G021042, G021062, G021069, G021081, G021166, G021293, G021313, G021321, G021327, G021358, G021422, G021462, G021465, G021487, G021490, G021520, G021531, G021589, G021661, G021666, G021672, G021785, G021841, G021885, G021887, G021940, G022040, G022078, G022119, G022136, G022233, G022240, G022254, G022257, G022268, G022282, G022296, G022300, G022301, G022315, G022347, G022360, G022372, G022376, G022412, G022458, G022459, G022468, G022495, G022505, G022533, G022553, G022565, G022573, G022580, G022592, G022660, G022670, G022727, G022747, G022768, G022801, G022810, G022811, G022929, G022995, G023024, G023064, G023149, G023164, G023196, G023253, G023258, G023273, G023290, G023348, G023450, G023460, G023520, G023561, G023609, G023622, G023640, G023658, G023698, G023706, G023846, G023849, G023864, G023900, G023918, G023959, G024074, G024107, G024116, G024170, G024355, G024403, G024429, G024445, G024464, G024470, G024625, G024703, G024757, G024771, G024781, G024814, G024840, G024842, G024963, G024984, G025013, G025075, G025147, G025214, G025228, G025239, G025272, G025343, G025352, G025368, G025384, G025385, G025431, G025449, G025469, G025547, G025549, G025565, G025568, G025620, G025637, G025642, G025682, G025688, G025691, G025721, G025732, G025923, G026003, G026012, G026094, G026145, G026157, G026175, G026227, G026268, G026301, G026322, G026323, G026369, G026423, G026450, G026460, G026463, G026464, G026474, G026496, G026503, G026526, G026536, G026546, G026624, G026692, G026703, G026734, G026748, G026758, G026764, G026768, G026775, G026825, G026858, G026904, G026916, G026949, G026977, G027068, G027084, G027098, G027208, G027222, G027246, G027263, G027284, G027314, G027350, G027379, G027385, G027394, G027428, G027445, G027458, G027521, G027633, G027638, G027640, G027644, G027709, G027728, G027736, G027738, G027748, G027753, G027765, G027766, G027805, G027842, G027861, G027884, G027901, G027906, G027909, G027913, G027957, G027958, G027960, G027989, G027998, G028034, G028094, G028098, G028099, G028100, G028114, G028151, G028194, G028201, G028365, G028376, G028393, G028397, G028416, G028444, G028450, G028466, G028468, G028517, G028559, G028573, G028626, G028637, G028721, G028875
GO:0072520	BP	e	seminiferous tubule development	7/2037	9/11561	0.00013483838563905397	4	7	0.007799408143944264	G016583, G018657, G020406, G021940, G023001, G025221, G027883
GO:0071035	BP	e	nuclear polyadenylation-dependent rRNA catabolic process	7/2037	9/11561	0.00013483838563905397	10	7	0.007799408143944264	G003311, G005329, G006260, G016675, G016676, G016682, G027709
GO:0016078	BP	e	tRNA decay	7/2037	9/11561	0.00013483838563905397	9	7	0.007799408143944264	G003311, G005329, G005763, G016675, G016676, G016682, G027709
GO:0045663	BP	e	positive regulation of myoblast differentiation	9/2037	14/11561	0.00013714490847562108	6	9	0.007892758747877284	G005979, G006121, G006411, G010049, G010493, G020247, G022496, G023345, G026916
GO:0044458	BP	e	motile cilium assembly	14/2037	29/11561	0.00014529346951331918	8	14	0.008196134084674615	G001355, G002309, G005084, G006198, G008006, G009201, G012823, G015871, G018559, G018644, G020285, G021485, G025605, G027188
GO:0006334	BP	e	nucleosome assembly	14/2037	29/11561	0.00014529346951331918	9	14	0.008196134084674615	G001200, G003549, G003700, G004564, G004567, G008980, G016688, G017907, G018352, G020443, G021940, G022251, G022282, G027913
GO:0009211	BP	e	pyrimidine deoxyribonucleoside triphosphate metabolic process	5/2037	5/11561	0.00016912984117493167	9	5	0.009355507476642457	G003755, G006339, G011105, G016359, G018853
GO:0006272	BP	e	leading strand elongation	5/2037	5/11561	0.00016912984117493167	9	5	0.009355507476642457	G000576, G000577, G003700, G013001, G024842
GO:0071034	BP	e	CUT catabolic process	6/2037	7/11561	0.00017681409278822444	8	6	0.009640175058956065	G003311, G005329, G006260, G016675, G016676, G016682
GO:0045830	BP	e	positive regulation of isotype switching	6/2037	7/11561	0.00017681409278822444	11	6	0.009640175058956065	G003782, G005329, G005473, G014064, G014095, G019718
GO:0071043	BP	e	CUT metabolic process	6/2037	7/11561	0.00017681409278822444	7	6	0.009640175058956065	G003311, G005329, G006260, G016675, G016676, G016682
GO:0043484	BP	e	regulation of RNA splicing	27/2037	76/11561	0.00019626683447456321	8	27	0.010450750368400223	G001068, G001362, G003548, G004343, G005215, G005835, G005860, G008039, G008341, G009464, G009869, G010794, G012116, G013445, G015744, G016258, G017893, G018659, G019194, G023008, G023258, G025129, G025688, G026322, G026450, G028100, G028114
GO:0080135	BP	e	regulation of cellular response to stress	70/2037	263/11561	0.00021606195155897303	5	70	0.011345741649836394	G001261, G001362, G001565, G001813, G003109, G003826, G003908, G004176, G004282, G004403, G004504, G005103, G005473, G005670, G005835, G005979, G006004, G006205, G006271, G006274, G006834, G007992, G007993, G008039, G008870, G009786, G010049, G010493, G010506, G011120, G011287, G011296, G011691, G011720, G012072, G013001, G013038, G013230, G013265, G014040, G014064, G014095, G014442, G015301, G015714, G016168, G016499, G016579, G017571, G017607, G017621, G018513, G019051, G019718, G019739, G020123, G020247, G020759, G021069, G021358, G021926, G022727, G022797, G022812, G023001, G023345, G023460, G023694, G026450, G027633
GO:0010557	BP	e	positive regulation of macromolecule biosynthetic process	201/2037	903/11561	0.00022299899560444822	7	201	0.011656300710608658	G000606, G000990, G001068, G001200, G001215, G001362, G001757, G002008, G002089, G002328, G002340, G002591, G003546, G003548, G003574, G003730, G003764, G003782, G003826, G003908, G004176, G004282, G004343, G004403, G004435, G004599, G005103, G005282, G005329, G005473, G005670, G005835, G005883, G005979, G006004, G006034, G006198, G006256, G006271, G006274, G006411, G007274, G007384, G007410, G007553, G007609, G007819, G007992, G008025, G008039, G008249, G008415, G008454, G008870, G009285, G009397, G009946, G009960, G009991, G010049, G010493, G010527, G010794, G010982, G011296, G011505, G011546, G011691, G011720, G011799, G011847, G011897, G011919, G012008, G012019, G012116, G012176, G012449, G012589, G012696, G012739, G013001, G013041, G013230, G013265, G013445, G013447, G014040, G014064, G014095, G014343, G014442, G014710, G014727, G014797, G015369, G015579, G015600, G015602, G016145, G016168, G016258, G016282, G016378, G016421, G016499, G016583, G016819, G016930, G016935, G017027, G017110, G017480, G017606, G017621, G017709, G017941, G018392, G018659, G019040, G019051, G019114, G019194, G019507, G019519, G019530, G019554, G019718, G019739, G020090, G020247, G020375, G020406, G020501, G020687, G020917, G020982, G021062, G021069, G021313, G021422, G021490, G021520, G021722, G021841, G021940, G021947, G021958, G021970, G022168, G022268, G022280, G022282, G022496, G022550, G022592, G022693, G022752, G022797, G022845, G022992, G022994, G023001, G023008, G023038, G023196, G023258, G023290, G023343, G023694, G023782, G024143, G024505, G024597, G024703, G024930, G024938, G025013, G025076, G025129, G025568, G025605, G025691, G025923, G025955, G026145, G026157, G026228, G026450, G026474, G026734, G026754, G026977, G027188, G027314, G027633, G027765, G027766, G027913, G027916, G028876
GO:0009394	BP	e	2'-deoxyribonucleotide metabolic process	14/2037	30/11561	0.0002285075696254465	9	14	0.011835653435827103	G003755, G005387, G005471, G006339, G011105, G016359, G018853, G019044, G021465, G021785, G022458, G023348, G026536, G028875
GO:0019692	BP	e	deoxyribose phosphate metabolic process	14/2037	30/11561	0.0002285075696254465	5	14	0.011835653435827103	G003755, G005387, G005471, G006339, G011105, G016359, G018853, G019044, G021465, G021785, G022458, G023348, G026536, G028875
GO:0006271	BP	e	DNA strand elongation involved in DNA replication	8/2037	12/11561	0.0002311451643941334	8	8	0.011864410577797973	G000576, G000577, G000993, G003700, G008241, G013001, G021841, G024842
GO:0008150	BP	e	biological_process	1563/2037	8495/11561	0.00023413802858556355	0	1563	0.011952912535115972	G000002, G000009, G000012, G000217, G000461, G000490, G000560, G000576, G000577, G000606, G000682, G000755, G000832, G000843, G000942, G000944, G000956, G000990, G000993, G000995, G001037, G001045, G001060, G001068, G001085, G001115, G001120, G001121, G001130, G001200, G001215, G001233, G001247, G001261, G001266, G001289, G001295, G001297, G001335, G001354, G001355, G001362, G001363, G001369, G001371, G001394, G001407, G001411, G001430, G001462, G001468, G001472, G001479, G001505, G001514, G001520, G001544, G001551, G001553, G001560, G001565, G001650, G001678, G001681, G001735, G001744, G001745, G001757, G001797, G001801, G001809, G001813, G001814, G001822, G001823, G001831, G001855, G001856, G001860, G001871, G001958, G001993, G001998, G002001, G002008, G002045, G002052, G002054, G002089, G002100, G002104, G002107, G002126, G002131, G002163, G002229, G002232, G002242, G002270, G002309, G002324, G002328, G002339, G002340, G002384, G002394, G002400, G002431, G002438, G002439, G002457, G002458, G002459, G002485, G002489, G002493, G002502, G002552, G002553, G002591, G002610, G002614, G002616, G002748, G003018, G003109, G003191, G003311, G003313, G003333, G003350, G003381, G003417, G003423, G003478, G003518, G003521, G003546, G003548, G003549, G003550, G003560, G003574, G003586, G003608, G003611, G003646, G003647, G003692, G003700, G003729, G003730, G003737, G003755, G003764, G003782, G003811, G003812, G003813, G003814, G003815, G003822, G003826, G003908, G003914, G003930, G003931, G003932, G003933, G003952, G003967, G003973, G004009, G004032, G004036, G004056, G004066, G004093, G004110, G004113, G004114, G004132, G004133, G004176, G004177, G004189, G004190, G004194, G004199, G004209, G004212, G004220, G004221, G004244, G004257, G004259, G004273, G004277, G004282, G004283, G004309, G004311, G004322, G004336, G004343, G004381, G004403, G004435, G004455, G004462, G004495, G004504, G004536, G004564, G004567, G004582, G004583, G004599, G004713, G004757, G004797, G004848, G004851, G004852, G004859, G004879, G004908, G004927, G004964, G005003, G005021, G005041, G005084, G005092, G005103, G005134, G005146, G005156, G005189, G005193, G005215, G005217, G005267, G005282, G005283, G005287, G005329, G005387, G005471, G005473, G005476, G005485, G005487, G005488, G005514, G005540, G005542, G005574, G005631, G005634, G005651, G005670, G005679, G005683, G005692, G005733, G005740, G005763, G005764, G005825, G005832, G005835, G005839, G005843, G005846, G005860, G005883, G005910, G005920, G005941, G005943, G005979, G005981, G005995, G006000, G006004, G006034, G006047, G006083, G006086, G006100, G006116, G006121, G006182, G006190, G006198, G006199, G006205, G006256, G006260, G006264, G006271, G006274, G006277, G006290, G006301, G006312, G006334, G006339, G006356, G006365, G006406, G006411, G006414, G006415, G006432, G006433, G006439, G006441, G006446, G006472, G006483, G006503, G006506, G006553, G006554, G006569, G006571, G006581, G006588, G006606, G006607, G006617, G006654, G006672, G006679, G006725, G006730, G006742, G006768, G006797, G006811, G006813, G006834, G006843, G006847, G006849, G006904, G006906, G006917, G006938, G006945, G006965, G006969, G006980, G007002, G007007, G007050, G007095, G007133, G007154, G007155, G007159, G007178, G007201, G007218, G007233, G007236, G007266, G007267, G007269, G007270, G007274, G007277, G007282, G007384, G007410, G007425, G007428, G007537, G007548, G007553, G007554, G007590, G007609, G007617, G007619, G007629, G007698, G007700, G007758, G007800, G007805, G007806, G007818, G007819, G007882, G007927, G007992, G007993, G008006, G008023, G008025, G008038, G008039, G008043, G008045, G008145, G008146, G008215, G008241, G008249, G008293, G008296, G008320, G008341, G008365, G008369, G008376, G008379, G008403, G008415, G008423, G008454, G008471, G008483, G008518, G008551, G008600, G008621, G008685, G008698, G008753, G008754, G008758, G008845, G008870, G008878, G008903, G008970, G008971, G008972, G008980, G009020, G009027, G009073, G009201, G009285, G009325, G009331, G009332, G009338, G009352, G009355, G009397, G009401, G009412, G009414, G009448, G009464, G009470, G009486, G009514, G009526, G009535, G009546, G009617, G009631, G009634, G009665, G009682, G009695, G009734, G009786, G009852, G009869, G009886, G009893, G009894, G009895, G009904, G009916, G009946, G009960, G009961, G009983, G009991, G009993, G010049, G010063, G010103, G010125, G010131, G010145, G010146, G010200, G010252, G010265, G010267, G010274, G010302, G010460, G010464, G010468, G010493, G010506, G010527, G010535, G010544, G010548, G010578, G010616, G010662, G010673, G010681, G010698, G010700, G010749, G010765, G010794, G010796, G010799, G010891, G010897, G010914, G010954, G010956, G010964, G010965, G010966, G010974, G010982, G010989, G010995, G011052, G011095, G011097, G011105, G011120, G011129, G011148, G011181, G011197, G011227, G011239, G011272, G011281, G011287, G011294, G011296, G011298, G011310, G011313, G011332, G011365, G011381, G011408, G011447, G011472, G011476, G011486, G011505, G011513, G011520, G011523, G011538, G011540, G011546, G011548, G011595, G011614, G011629, G011638, G011668, G011691, G011720, G011726, G011765, G011783, G011799, G011842, G011847, G011867, G011873, G011897, G011919, G012007, G012008, G012016, G012019, G012032, G012059, G012063, G012066, G012072, G012107, G012116, G012138, G012139, G012176, G012186, G012293, G012307, G012411, G012449, G012499, G012500, G012568, G012589, G012594, G012598, G012617, G012620, G012633, G012635, G012668, G012695, G012696, G012738, G012739, G012787, G012796, G012811, G012823, G012824, G012851, G012859, G012886, G012896, G012925, G012926, G012962, G012969, G012970, G013001, G013002, G013016, G013032, G013038, G013041, G013082, G013095, G013159, G013190, G013191, G013194, G013211, G013230, G013263, G013265, G013287, G013347, G013351, G013355, G013368, G013443, G013444, G013445, G013447, G013450, G013463, G013465, G013480, G013545, G013593, G013598, G013771, G013788, G013819, G013824, G013831, G013845, G013846, G013862, G013931, G013933, G013946, G013994, G014002, G014003, G014040, G014058, G014059, G014061, G014064, G014095, G014213, G014301, G014302, G014326, G014343, G014346, G014364, G014377, G014412, G014415, G014442, G014445, G014448, G014449, G014523, G014562, G014569, G014594, G014615, G014629, G014660, G014664, G014668, G014675, G014676, G014682, G014683, G014685, G014688, G014692, G014697, G014710, G014727, G014732, G014752, G014797, G014799, G014807, G014836, G014842, G014855, G014884, G014929, G014953, G014963, G015164, G015209, G015231, G015257, G015301, G015334, G015358, G015369, G015443, G015461, G015485, G015489, G015507, G015510, G015564, G015579, G015600, G015602, G015603, G015659, G015714, G015731, G015744, G015814, G015815, G015818, G015821, G015854, G015864, G015871, G015928, G015944, G015945, G015992, G015996, G016017, G016020, G016109, G016126, G016145, G016168, G016205, G016220, G016236, G016237, G016241, G016258, G016262, G016271, G016282, G016347, G016358, G016359, G016374, G016378, G016382, G016383, G016386, G016387, G016397, G016407, G016414, G016417, G016421, G016436, G016437, G016443, G016458, G016499, G016500, G016516, G016561, G016579, G016583, G016592, G016601, G016602, G016603, G016624, G016643, G016655, G016657, G016675, G016676, G016680, G016682, G016688, G016707, G016710, G016723, G016727, G016746, G016750, G016752, G016764, G016789, G016803, G016819, G016821, G016829, G016838, G016852, G016856, G016908, G016930, G016935, G016944, G016957, G016969, G016977, G017027, G017032, G017062, G017073, G017098, G017109, G017110, G017111, G017126, G017164, G017191, G017206, G017234, G017268, G017272, G017314, G017343, G017380, G017407, G017420, G017422, G017438, G017444, G017450, G017454, G017457, G017464, G017480, G017495, G017527, G017529, G017535, G017543, G017545, G017553, G017571, G017572, G017606, G017607, G017621, G017634, G017709, G017780, G017812, G017815, G017827, G017835, G017893, G017895, G017907, G017941, G017967, G017972, G017983, G018005, G018012, G018066, G018071, G018082, G018100, G018129, G018139, G018142, G018143, G018144, G018169, G018227, G018234, G018256, G018258, G018272, G018280, G018290, G018295, G018301, G018302, G018326, G018345, G018350, G018352, G018358, G018363, G018364, G018369, G018387, G018392, G018395, G018397, G018398, G018399, G018420, G018421, G018422, G018430, G018453, G018457, G018462, G018472, G018475, G018491, G018508, G018513, G018514, G018523, G018528, G018559, G018569, G018592, G018644, G018645, G018656, G018657, G018659, G018660, G018701, G018719, G018726, G018830, G018853, G018856, G018891, G018892, G018901, G018931, G018932, G018956, G018989, G019018, G019039, G019040, G019043, G019044, G019051, G019075, G019114, G019129, G019131, G019148, G019151, G019194, G019218, G019225, G019275, G019277, G019321, G019348, G019382, G019398, G019432, G019434, G019454, G019457, G019463, G019475, G019506, G019507, G019519, G019530, G019548, G019551, G019554, G019620, G019622, G019644, G019659, G019676, G019688, G019718, G019737, G019739, G019749, G019751, G019756, G019788, G019812, G019839, G019882, G019960, G019961, G019970, G019989, G019991, G020002, G020075, G020089, G020090, G020095, G020123, G020149, G020153, G020158, G020159, G020160, G020167, G020169, G020175, G020223, G020232, G020233, G020247, G020267, G020285, G020360, G020370, G020375, G020402, G020406, G020423, G020439, G020442, G020443, G020449, G020464, G020469, G020484, G020485, G020497, G020501, G020505, G020515, G020520, G020540, G020543, G020557, G020559, G020563, G020634, G020666, G020687, G020701, G020702, G020708, G020711, G020725, G020741, G020744, G020759, G020760, G020765, G020769, G020828, G020830, G020831, G020865, G020917, G020921, G020963, G020973, G020977, G020982, G021034, G021040, G021042, G021062, G021069, G021081, G021149, G021166, G021197, G021293, G021298, G021313, G021321, G021327, G021358, G021404, G021422, G021435, G021462, G021465, G021476, G021485, G021486, G021487, G021490, G021512, G021520, G021531, G021541, G021578, G021589, G021590, G021591, G021611, G021628, G021637, G021661, G021662, G021666, G021667, G021672, G021693, G021702, G021722, G021741, G021785, G021806, G021819, G021841, G021885, G021887, G021902, G021912, G021921, G021926, G021940, G021947, G021958, G021959, G021960, G021970, G021974, G022007, G022019, G022035, G022040, G022051, G022056, G022078, G022115, G022119, G022123, G022136, G022137, G022149, G022168, G022175, G022177, G022178, G022186, G022208, G022227, G022233, G022240, G022251, G022254, G022257, G022268, G022280, G022282, G022286, G022296, G022300, G022301, G022315, G022344, G022347, G022356, G022357, G022360, G022363, G022372, G022376, G022412, G022458, G022459, G022462, G022468, G022495, G022496, G022505, G022533, G022543, G022550, G022553, G022557, G022565, G022573, G022580, G022584, G022585, G022592, G022633, G022652, G022660, G022670, G022693, G022727, G022747, G022752, G022768, G022797, G022801, G022810, G022811, G022812, G022829, G022844, G022845, G022856, G022867, G022894, G022913, G022914, G022929, G022944, G022945, G022990, G022992, G022994, G022995, G023001, G023008, G023024, G023038, G023060, G023064, G023075, G023079, G023138, G023149, G023164, G023184, G023196, G023253, G023258, G023273, G023290, G023341, G023343, G023345, G023348, G023450, G023455, G023458, G023460, G023461, G023494, G023520, G023531, G023534, G023561, G023609, G023618, G023622, G023638, G023640, G023658, G023694, G023698, G023703, G023706, G023736, G023760, G023782, G023819, G023837, G023846, G023849, G023850, G023864, G023870, G023892, G023894, G023900, G023905, G023918, G023959, G024071, G024072, G024074, G024107, G024111, G024116, G024124, G024143, G024170, G024203, G024214, G024225, G024256, G024269, G024354, G024355, G024403, G024428, G024429, G024445, G024464, G024465, G024470, G024493, G024505, G024507, G024514, G024597, G024625, G024651, G024663, G024703, G024757, G024771, G024781, G024814, G024840, G024842, G024907, G024930, G024933, G024938, G024963, G024964, G024984, G025013, G025075, G025076, G025129, G025147, G025184, G025213, G025214, G025221, G025228, G025239, G025252, G025272, G025273, G025343, G025352, G025368, G025384, G025385, G025431, G025443, G025449, G025455, G025469, G025538, G025547, G025549, G025562, G025564, G025565, G025568, G025605, G025620, G025637, G025642, G025682, G025688, G025691, G025721, G025732, G025782, G025817, G025923, G025943, G025955, G026003, G026012, G026050, G026089, G026094, G026112, G026145, G026157, G026175, G026207, G026227, G026228, G026231, G026259, G026268, G026293, G026301, G026322, G026323, G026351, G026353, G026369, G026419, G026423, G026426, G026450, G026460, G026463, G026464, G026474, G026479, G026496, G026503, G026526, G026536, G026546, G026577, G026624, G026628, G026638, G026692, G026703, G026734, G026748, G026754, G026758, G026764, G026768, G026771, G026775, G026825, G026858, G026883, G026904, G026908, G026916, G026919, G026949, G026950, G026977, G026978, G027009, G027046, G027068, G027084, G027098, G027188, G027197, G027198, G027208, G027214, G027221, G027222, G027246, G027251, G027263, G027284, G027314, G027350, G027360, G027379, G027385, G027386, G027394, G027413, G027428, G027445, G027458, G027489, G027521, G027552, G027573, G027575, G027600, G027633, G027634, G027638, G027640, G027644, G027709, G027722, G027726, G027728, G027731, G027736, G027738, G027748, G027753, G027765, G027766, G027805, G027842, G027861, G027872, G027883, G027884, G027901, G027906, G027909, G027913, G027916, G027919, G027957, G027958, G027960, G027989, G027990, G027998, G028029, G028034, G028049, G028094, G028098, G028099, G028100, G028114, G028151, G028194, G028195, G028199, G028201, G028274, G028310, G028319, G028323, G028324, G028337, G028365, G028376, G028393, G028397, G028416, G028432, G028444, G028450, G028455, G028458, G028462, G028466, G028468, G028497, G028517, G028536, G028559, G028560, G028573, G028626, G028637, G028721, G028761, G028857, G028862, G028875, G028876
GO:0050684	BP	e	regulation of mRNA processing	24/2037	66/11561	0.00025477457684043315	8	24	0.012789234815404121	G001362, G003646, G004282, G004343, G005215, G005860, G009464, G009869, G012116, G013445, G015744, G016258, G016382, G017893, G018392, G018659, G019194, G023008, G023258, G025129, G025688, G026322, G028100, G028114
GO:0022414	BP	e	reproductive process	129/2037	547/11561	0.00028349836910430135	1	129	0.014061160521253946	G000755, G000990, G001115, G001130, G001335, G001355, G001855, G001856, G002131, G002309, G003548, G003608, G003611, G003647, G004189, G004194, G004212, G004455, G004599, G004851, G005084, G005092, G005634, G005825, G005883, G005979, G006182, G006679, G006811, G006813, G007201, G007236, G007428, G007619, G007882, G008045, G008215, G008249, G008296, G009682, G009869, G009904, G009983, G010103, G010274, G010765, G010966, G010982, G011105, G011239, G011294, G011546, G011783, G012116, G012738, G012962, G013001, G013016, G013368, G013480, G013994, G014040, G014412, G014884, G014963, G015818, G016386, G016387, G016436, G016583, G016657, G016707, G016764, G016803, G016908, G017234, G017272, G017480, G017607, G017621, G017780, G017893, G017941, G018143, G018234, G018295, G018420, G018559, G018657, G018659, G020158, G020267, G020406, G021034, G021062, G021197, G021487, G021637, G021940, G022123, G022296, G022344, G022496, G022592, G023001, G023060, G023258, G023341, G023638, G023837, G024116, G024225, G024493, G025129, G025221, G025565, G025817, G025955, G026157, G026322, G026419, G026423, G026919, G027445, G027883, G028376, G028432, G028517, G028637
GO:0007094	BP	e	mitotic spindle assembly checkpoint signaling	12/2037	24/11561	0.000287516489815899	12	12	0.014061160521253946	G002553, G003518, G004851, G009983, G011867, G013933, G016789, G017835, G021298, G022459, G024116, G027872
GO:0031577	BP	e	spindle checkpoint signaling	12/2037	24/11561	0.000287516489815899	9	12	0.014061160521253946	G002553, G003518, G004851, G009983, G011867, G013933, G016789, G017835, G021298, G022459, G024116, G027872
GO:0071173	BP	e	spindle assembly checkpoint signaling	12/2037	24/11561	0.000287516489815899	10	12	0.014061160521253946	G002553, G003518, G004851, G009983, G011867, G013933, G016789, G017835, G021298, G022459, G024116, G027872
GO:0071174	BP	e	mitotic spindle checkpoint signaling	12/2037	24/11561	0.000287516489815899	10	12	0.014061160521253946	G002553, G003518, G004851, G009983, G011867, G013933, G016789, G017835, G021298, G022459, G024116, G027872
GO:0031328	BP	e	positive regulation of cellular biosynthetic process	203/2037	919/11561	0.00030074524493384366	6	203	0.01445988213511033	G000606, G000990, G001068, G001200, G001215, G001362, G001757, G002008, G002089, G002328, G002340, G002591, G003546, G003548, G003574, G003730, G003764, G003782, G003826, G003908, G004176, G004282, G004343, G004403, G004435, G004455, G004599, G005103, G005282, G005329, G005473, G005670, G005835, G005883, G005979, G006004, G006034, G006198, G006256, G006271, G006274, G006411, G007274, G007384, G007410, G007553, G007609, G007819, G007992, G008025, G008039, G008249, G008415, G008454, G008870, G009285, G009397, G009946, G009960, G009991, G010049, G010493, G010527, G010794, G010982, G011296, G011505, G011546, G011691, G011720, G011799, G011847, G011897, G011919, G012008, G012019, G012116, G012176, G012449, G012589, G012696, G012739, G013001, G013041, G013230, G013265, G013445, G013447, G014040, G014064, G014095, G014343, G014442, G014710, G014727, G014797, G015369, G015579, G015600, G015602, G016145, G016168, G016258, G016282, G016378, G016421, G016499, G016583, G016819, G016930, G016935, G017027, G017110, G017480, G017606, G017621, G017709, G017941, G018392, G018659, G019040, G019051, G019114, G019194, G019507, G019519, G019530, G019554, G019718, G019739, G020090, G020247, G020375, G020406, G020501, G020687, G020917, G020982, G021062, G021069, G021313, G021422, G021490, G021520, G021722, G021841, G021940, G021947, G021958, G021970, G022168, G022268, G022280, G022282, G022496, G022550, G022592, G022693, G022752, G022797, G022845, G022992, G022994, G023001, G023008, G023038, G023196, G023258, G023290, G023343, G023694, G023782, G024143, G024505, G024597, G024703, G024930, G024938, G025013, G025076, G025129, G025568, G025605, G025691, G025923, G025955, G026145, G026157, G026228, G026450, G026474, G026692, G026734, G026754, G026977, G027188, G027314, G027633, G027765, G027766, G027913, G027916, G028876
GO:0006275	BP	e	regulation of DNA replication	19/2037	47/11561	0.00030561176307444517	7	19	0.014517663842829062	G003423, G003815, G003826, G004282, G006004, G007617, G010049, G011296, G012059, G013001, G014095, G016688, G017621, G021062, G021841, G021940, G022282, G023703, G023760
GO:0007051	BP	e	spindle organization	26/2037	74/11561	0.0003057691375409368	7	26	0.014517663842829062	G001860, G002553, G003973, G004797, G006365, G009414, G009983, G010956, G013347, G013465, G013933, G014799, G017062, G020423, G020666, G021313, G021637, G021940, G022123, G022652, G023638, G023905, G024354, G025565, G027445, G028199
GO:0006284	BP	e	base-excision repair	11/2037	21/11561	0.00030722322203429305	8	11	0.014526176826061284	G001261, G004176, G005387, G012072, G017314, G018295, G021358, G022376, G026536, G027350, G028376
GO:0071027	BP	e	nuclear RNA surveillance	10/2037	18/11561	0.00031112959075196216	9	10	0.014638211262505202	G003311, G005329, G006260, G010673, G010974, G016675, G016676, G016682, G017464, G027709
GO:0051303	BP	e	establishment of chromosome localization	14/2037	31/11561	0.0003495928788839435	4	14	0.016193540060498116	G001369, G003608, G003611, G004908, G006182, G011867, G014059, G014664, G016436, G017062, G021298, G021313, G021637, G023638
GO:0010639	BP	e	negative regulation of organelle organization	52/2037	184/11561	0.00039365946675818097	6	52	0.018087700095602708	G001261, G001335, G001362, G001565, G002553, G003518, G003764, G003914, G004851, G004964, G006116, G008369, G008471, G009983, G010673, G010974, G011120, G011296, G011867, G011897, G012176, G012598, G013933, G014002, G014040, G014058, G014615, G015854, G015864, G015945, G016386, G016583, G016675, G016676, G016682, G016789, G017835, G018143, G018592, G019051, G020406, G021298, G021940, G022282, G022459, G024116, G025682, G026145, G026293, G026703, G027872, G028034
GO:1901989	BP	e	positive regulation of cell cycle phase transition	22/2037	59/11561	0.0003998163887170451	7	22	0.018223630997722916	G001247, G001369, G001678, G002001, G002502, G003815, G007002, G007282, G011365, G012019, G014095, G016856, G018234, G021465, G022652, G023196, G023348, G023905, G025228, G026231, G026734, G028393
GO:1903046	BP	e	meiotic cell cycle process	35/2037	113/11561	0.0004513030958105973	3	35	0.020060026216398172	G001130, G001335, G001856, G003548, G003608, G003611, G003647, G005825, G006182, G006811, G007619, G009983, G010966, G011546, G012962, G013016, G016386, G016436, G016657, G017272, G018143, G018234, G018657, G021637, G021940, G022344, G023001, G023638, G024116, G025565, G025817, G026157, G026423, G027445, G028637
GO:0008652	BP	e	amino acid biosynthetic process	22/2037	60/11561	0.00045822572263914154	4	22	0.020060026216398172	G000755, G004713, G005476, G006503, G008045, G012186, G013831, G013862, G016109, G016723, G017454, G018491, G019044, G019960, G020149, G020559, G020973, G022240, G026268, G027068, G027861, G028517
GO:1905819	BP	e	negative regulation of chromosome separation	12/2037	25/11561	0.0004647518140525772	8	12	0.020060026216398172	G002553, G003518, G004851, G009983, G011867, G013933, G016789, G017835, G021298, G022459, G024116, G027872
GO:1902100	BP	e	negative regulation of metaphase/anaphase transition of cell cycle	12/2037	25/11561	0.0004647518140525772	9	12	0.020060026216398172	G002553, G003518, G004851, G009983, G011867, G013933, G016789, G017835, G021298, G022459, G024116, G027872
GO:0016073	BP	e	snRNA metabolic process	12/2037	25/11561	0.0004647518140525772	8	12	0.020060026216398172	G006260, G012019, G016675, G016676, G016682, G017527, G019382, G024403, G025013, G025549, G027709, G028151
GO:0033048	BP	e	negative regulation of mitotic sister chromatid segregation	12/2037	25/11561	0.0004647518140525772	9	12	0.020060026216398172	G002553, G003518, G004851, G009983, G011867, G013933, G016789, G017835, G021298, G022459, G024116, G027872
GO:0045841	BP	e	negative regulation of mitotic metaphase/anaphase transition	12/2037	25/11561	0.0004647518140525772	11	12	0.020060026216398172	G002553, G003518, G004851, G009983, G011867, G013933, G016789, G017835, G021298, G022459, G024116, G027872
GO:0033046	BP	e	negative regulation of sister chromatid segregation	12/2037	25/11561	0.0004647518140525772	8	12	0.020060026216398172	G002553, G003518, G004851, G009983, G011867, G013933, G016789, G017835, G021298, G022459, G024116, G027872
GO:0051985	BP	e	negative regulation of chromosome segregation	12/2037	25/11561	0.0004647518140525772	7	12	0.020060026216398172	G002553, G003518, G004851, G009983, G011867, G013933, G016789, G017835, G021298, G022459, G024116, G027872
GO:2000816	BP	e	negative regulation of mitotic sister chromatid separation	12/2037	25/11561	0.0004647518140525772	10	12	0.020060026216398172	G002553, G003518, G004851, G009983, G011867, G013933, G016789, G017835, G021298, G022459, G024116, G027872
GO:0034655	BP	e	nucleobase-containing compound catabolic process	53/2037	190/11561	0.0004887522198535506	5	53	0.020890944928508404	G000942, G000944, G001233, G001266, G001354, G003311, G005189, G005329, G005387, G005763, G006260, G006339, G008415, G008753, G009073, G010063, G010673, G010974, G011120, G012617, G013445, G013598, G014629, G014683, G015369, G015510, G016675, G016676, G016682, G016750, G016944, G017464, G018227, G018853, G019044, G019622, G021166, G021785, G022040, G022136, G022268, G022376, G022801, G023164, G024771, G024781, G025075, G026496, G026536, G027521, G027709, G028194, G028875
GO:0032886	BP	e	regulation of microtubule-based process	32/2037	100/11561	0.0004895026148233211	4	32	0.020890944928508404	G000606, G001362, G003608, G003611, G003764, G004797, G004964, G005634, G006034, G008293, G008369, G008471, G009983, G012668, G013465, G014002, G015507, G015818, G015944, G015945, G016382, G018397, G018592, G019812, G021578, G022035, G023905, G024354, G026293, G026703, G027872, G028337
GO:1905515	BP	e	non-motile cilium assembly	18/2037	45/11561	0.0004974553486454896	8	18	0.02107250445284518	G005634, G009852, G014675, G015164, G015209, G015818, G018644, G018701, G020285, G021313, G021485, G022585, G022992, G022994, G025605, G026577, G027916, G028536
GO:0070988	BP	e	demethylation	8/2037	13/11561	0.0005080357565601018	2	8	0.021361872494473653	G006271, G006274, G007819, G018302, G018421, G020744, G026503, G026536
GO:0022616	BP	e	DNA strand elongation	8/2037	13/11561	0.0005080357565601018	7	8	0.021361872494473653	G000576, G000577, G000993, G003700, G008241, G013001, G021841, G024842
GO:0048519	BP	e	negative regulation of biological process	428/2037	2113/11561	0.0005105139022632162	3	428	0.021387154104004956	G000490, G000560, G000755, G000956, G000990, G001115, G001120, G001130, G001200, G001215, G001233, G001247, G001261, G001289, G001335, G001354, G001362, G001369, G001394, G001411, G001430, G001505, G001520, G001544, G001553, G001565, G001650, G001757, G001797, G001831, G001998, G002089, G002229, G002270, G002328, G002339, G002340, G002384, G002459, G002553, G002591, G002748, G003018, G003311, G003423, G003478, G003518, G003546, G003574, G003700, G003730, G003737, G003755, G003764, G003822, G003826, G003914, G003931, G004132, G004176, G004220, G004257, G004259, G004282, G004322, G004343, G004403, G004455, G004462, G004536, G004564, G004582, G004599, G004851, G004879, G004908, G004964, G005103, G005156, G005189, G005215, G005217, G005329, G005387, G005473, G005476, G005487, G005634, G005733, G005825, G005843, G005846, G005920, G005943, G005979, G006004, G006100, G006116, G006182, G006260, G006271, G006274, G006290, G006356, G006433, G006581, G006607, G006768, G006969, G007050, G007159, G007178, G007201, G007236, G007282, G007428, G007609, G007617, G007619, G007819, G007992, G008341, G008369, G008379, G008415, G008454, G008471, G008483, G008621, G008845, G008870, G008980, G009285, G009332, G009526, G009535, G009682, G009786, G009983, G009991, G010049, G010063, G010274, G010468, G010493, G010506, G010527, G010578, G010662, G010673, G010698, G010749, G010796, G010974, G011120, G011181, G011296, G011310, G011332, G011505, G011614, G011720, G011783, G011799, G011842, G011847, G011867, G011897, G011919, G012008, G012019, G012032, G012059, G012072, G012176, G012589, G012594, G012598, G012617, G012668, G012696, G012787, G012811, G012824, G013001, G013038, G013041, G013230, G013351, G013368, G013445, G013598, G013788, G013933, G013994, G014002, G014040, G014058, G014064, G014095, G014343, G014615, G014660, G014682, G014683, G014688, G014710, G014727, G014953, G015301, G015334, G015369, G015507, G015510, G015600, G015602, G015854, G015864, G015928, G015944, G015945, G016020, G016168, G016205, G016237, G016258, G016282, G016378, G016386, G016414, G016421, G016443, G016499, G016579, G016583, G016601, G016602, G016643, G016675, G016676, G016682, G016750, G016752, G016789, G016819, G016829, G016852, G016930, G016935, G017073, G017234, G017464, G017480, G017606, G017607, G017621, G017709, G017812, G017815, G017835, G017893, G017895, G017941, G017972, G018012, G018143, G018227, G018345, G018363, G018397, G018399, G018421, G018422, G018430, G018513, G018514, G018528, G018592, G018657, G018659, G018931, G019039, G019040, G019051, G019194, G019382, G019432, G019434, G019457, G019463, G019530, G019548, G019551, G019622, G019676, G019688, G019718, G019739, G019749, G019960, G019989, G020090, G020153, G020160, G020169, G020247, G020375, G020406, G020442, G020501, G020505, G020666, G020687, G020708, G020711, G020759, G020982, G021062, G021069, G021197, G021298, G021313, G021358, G021476, G021485, G021487, G021520, G021531, G021590, G021722, G021819, G021940, G021970, G022119, G022136, G022168, G022175, G022208, G022233, G022251, G022268, G022282, G022286, G022376, G022459, G022496, G022592, G022752, G022812, G022845, G022867, G022944, G023001, G023038, G023164, G023196, G023258, G023345, G023460, G023618, G023698, G023703, G023782, G024111, G024116, G024143, G024214, G024703, G024781, G024930, G024933, G024938, G025075, G025076, G025129, G025213, G025214, G025273, G025352, G025443, G025469, G025564, G025568, G025605, G025637, G025642, G025682, G025688, G025721, G026145, G026157, G026268, G026293, G026322, G026323, G026423, G026474, G026496, G026536, G026577, G026638, G026692, G026703, G026734, G026764, G026825, G026858, G026883, G026949, G026977, G027263, G027284, G027521, G027709, G027805, G027872, G027884, G027906, G027958, G028034, G028100, G028194, G028274, G028323, G028324, G028397, G028536, G028761
GO:0045931	BP	e	positive regulation of mitotic cell cycle	22/2037	61/11561	0.0005425024282674505	6	22	0.022561369233969338	G001247, G001369, G001678, G002001, G002502, G003815, G007002, G007282, G011365, G012019, G016856, G017941, G018234, G021465, G022652, G023196, G023348, G023905, G025228, G026231, G026734, G028393
GO:0071025	BP	e	RNA surveillance	10/2037	19/11561	0.0005534349698717835	8	10	0.022865221861067524	G003311, G005329, G006260, G010673, G010974, G016675, G016676, G016682, G017464, G027709
GO:0007099	BP	e	centriole replication	9/2037	16/11561	0.000557835162560489	8	9	0.022865221861067524	G003764, G014058, G021062, G021672, G023905, G026908, G027722, G028199, G028560
GO:0007549	BP	e	sex-chromosome dosage compensation	9/2037	16/11561	0.000557835162560489	9	9	0.022865221861067524	G001335, G004259, G008980, G011296, G016386, G016675, G016676, G016682, G026322
GO:0009083	BP	e	branched-chain amino acid catabolic process	6/2037	8/11561	0.0006010882351672486	7	6	0.02403298399905543	G006965, G008145, G008971, G008972, G018350, G019277
GO:0106354	BP	e	tRNA surveillance	6/2037	8/11561	0.0006010882351672486	10	6	0.02403298399905543	G003311, G005329, G016675, G016676, G016682, G027709
GO:0071038	BP	e	TRAMP-dependent tRNA surveillance pathway	6/2037	8/11561	0.0006010882351672486	11	6	0.02403298399905543	G003311, G005329, G016675, G016676, G016682, G027709
GO:0002714	BP	e	positive regulation of B cell mediated immunity	6/2037	8/11561	0.0006010882351672486	8	6	0.02403298399905543	G003782, G005329, G005473, G014064, G014095, G019718
GO:0002891	BP	e	positive regulation of immunoglobulin mediated immune response	6/2037	8/11561	0.0006010882351672486	9	6	0.02403298399905543	G003782, G005329, G005473, G014064, G014095, G019718
GO:0071051	BP	e	poly(A)-dependent snoRNA 3'-end processing	6/2037	8/11561	0.0006010882351672486	11	6	0.02403298399905543	G003311, G005329, G016675, G016676, G016682, G017464
GO:0051438	BP	e	regulation of ubiquitin-protein transferase activity	13/2037	29/11561	0.0006194164944975318	5	13	0.024679199142655157	G002045, G002553, G004851, G009983, G012032, G014660, G016789, G017835, G021069, G025923, G027884, G027998, G028393
GO:0043161	BP	e	proteasome-mediated ubiquitin-dependent protein catabolic process	38/2037	128/11561	0.0006636101331418314	9	38	0.025922668448450006	G000606, G001369, G002001, G002008, G002502, G002553, G002591, G003546, G004257, G004455, G004908, G006034, G006606, G006834, G008698, G009448, G009886, G010700, G010965, G011365, G011486, G012824, G012859, G014660, G014685, G015301, G016443, G016935, G017126, G017234, G017815, G021520, G025228, G025565, G025923, G027958, G027998, G028393
GO:1902750	BP	e	negative regulation of cell cycle G2/M phase transition	17/2037	42/11561	0.0007027945964114549	8	17	0.027055217655772054	G001130, G001565, G007617, G008980, G009535, G009983, G010578, G012059, G012787, G013038, G016443, G016601, G016602, G018513, G019676, G020153, G020711
GO:0170038	BP	e	proteinogenic amino acid biosynthetic process	18/2037	47/11561	0.0007381469615092387	7	18	0.028225451766435487	G000755, G004713, G005476, G006503, G008045, G012186, G013862, G016109, G016723, G017454, G018491, G019960, G020973, G022240, G026268, G027068, G027861, G028517
GO:0170034	BP	e	L-amino acid biosynthetic process	18/2037	47/11561	0.0007381469615092387	8	18	0.028225451766435487	G000755, G004713, G005476, G006503, G008045, G012186, G013862, G016109, G016723, G017454, G018491, G019960, G020973, G022240, G026268, G027068, G027861, G028517
GO:0033043	BP	e	regulation of organelle organization	125/2037	538/11561	0.0007516424026533341	5	125	0.028645368489079406	G000606, G001085, G001130, G001261, G001335, G001355, G001362, G001369, G001479, G001544, G001565, G001856, G002502, G002553, G003518, G003608, G003611, G003730, G003764, G003826, G003914, G003930, G004381, G004403, G004797, G004851, G004964, G005267, G005979, G006034, G006116, G006182, G006198, G008293, G008369, G008471, G008980, G009983, G010049, G010274, G010493, G010535, G010662, G010673, G010956, G010974, G011120, G011296, G011365, G011720, G011842, G011867, G011897, G012008, G012059, G012063, G012066, G012176, G012598, G012668, G013016, G013265, G013445, G013465, G013788, G013933, G014002, G014040, G014058, G014615, G014683, G015164, G015209, G015854, G015864, G015944, G015945, G016168, G016241, G016386, G016407, G016583, G016675, G016676, G016682, G016707, G016789, G017444, G017621, G017835, G018143, G018592, G019051, G019398, G020247, G020406, G021062, G021298, G021485, G021578, G021637, G021926, G021940, G022282, G022459, G022652, G022812, G023164, G023345, G023638, G023698, G023905, G024116, G024354, G025228, G025682, G026145, G026157, G026293, G026703, G027386, G027521, G027872, G028034, G028393
GO:0006401	BP	e	RNA catabolic process	35/2037	116/11561	0.0008324711206736883	7	35	0.031371970836886746	G001233, G001354, G003311, G005189, G005329, G005763, G006260, G008415, G010063, G010673, G010974, G012617, G013445, G013598, G014629, G014683, G015510, G016675, G016676, G016682, G016750, G017464, G018227, G019622, G022136, G022268, G022376, G022801, G023164, G024781, G025075, G026496, G027521, G027709, G028194
GO:0009219	BP	e	pyrimidine deoxyribonucleotide metabolic process	11/2037	23/11561	0.0008341998388395511	10	11	0.031371970836886746	G003755, G005387, G006339, G011105, G016359, G018853, G019044, G021785, G022458, G026536, G028875
GO:0071897	BP	e	DNA biosynthetic process	15/2037	37/11561	0.000881719982378964	7	15	0.032663992137293034	G000576, G000577, G000993, G005134, G009617, G011867, G013287, G014377, G015461, G016443, G017191, G019051, G021465, G021841, G027728
GO:0008033	BP	e	tRNA processing	20/2037	54/11561	0.0008843879472653774	9	20	0.032663992137293034	G005763, G005941, G007007, G007133, G007553, G010989, G011148, G013032, G014807, G016220, G020223, G022119, G022254, G022347, G022553, G022660, G022811, G022929, G027458, G027989
GO:0140718	BP	e	facultative heterochromatin formation	7/2037	11/11561	0.0008875099938271287	11	7	0.032663992137293034	G001115, G004259, G012589, G022233, G022282, G025637, G025642
GO:0046831	BP	e	regulation of RNA export from nucleus	7/2037	11/11561	0.0008875099938271287	7	7	0.032663992137293034	G004056, G004282, G004462, G010989, G011691, G018392, G027872
GO:0051383	BP	e	kinetochore organization	7/2037	11/11561	0.0008875099938271287	6	7	0.032663992137293034	G001856, G011867, G012138, G013016, G017062, G022652, G023638
GO:0045739	BP	e	positive regulation of DNA repair	23/2037	66/11561	0.0008886211112383362	8	23	0.032663992137293034	G001261, G003826, G004176, G004282, G004504, G005979, G010049, G010493, G011120, G011287, G011296, G013001, G013038, G013230, G013265, G016168, G017607, G017621, G019718, G019739, G020123, G020247, G023345
GO:0045839	BP	e	negative regulation of mitotic nuclear division	13/2037	30/11561	0.0009183468487914844	8	13	0.03364811042436966	G001565, G002553, G003518, G004851, G009983, G011867, G013933, G016789, G017835, G021298, G022459, G024116, G027872
GO:0000731	BP	e	DNA synthesis involved in DNA repair	10/2037	20/11561	0.0009329634568655003	8	10	0.03386266232482766	G000576, G000577, G000993, G005134, G013287, G016443, G017191, G021465, G021841, G027728
GO:0016076	BP	e	snRNA catabolic process	4/2037	4/11561	0.0009614528157739485	9	4	0.03386266232482766	G006260, G016675, G016676, G016682
GO:0046073	BP	e	dTMP metabolic process	4/2037	4/11561	0.0009614528157739485	11	4	0.03386266232482766	G003755, G006339, G021785, G022458
GO:0110104	BP	e	mRNA alternative polyadenylation	4/2037	4/11561	0.0009614528157739485	10	4	0.03386266232482766	G004056, G022533, G022811, G026322
GO:0071039	BP	e	nuclear polyadenylation-dependent CUT catabolic process	4/2037	4/11561	0.0009614528157739485	10	4	0.03386266232482766	G006260, G016675, G016676, G016682
GO:0016077	BP	e	sno(s)RNA catabolic process	4/2037	4/11561	0.0009614528157739485	9	4	0.03386266232482766	G006260, G016675, G016676, G016682
GO:0071036	BP	e	nuclear polyadenylation-dependent snoRNA catabolic process	4/2037	4/11561	0.0009614528157739485	10	4	0.03386266232482766	G006260, G016675, G016676, G016682
GO:0071037	BP	e	nuclear polyadenylation-dependent snRNA catabolic process	4/2037	4/11561	0.0009614528157739485	10	4	0.03386266232482766	G006260, G016675, G016676, G016682
GO:0051256	BP	e	mitotic spindle midzone assembly	4/2037	4/11561	0.0009614528157739485	6	4	0.03386266232482766	G003313, G016727, G020158, G021637
GO:0051593	BP	e	response to folic acid	4/2037	4/11561	0.0009614528157739485	5	4	0.03386266232482766	G000755, G003755, G004599, G012072
GO:1901607	BP	e	alpha-amino acid biosynthetic process	20/2037	55/11561	0.0009955972557188523	7	20	0.034723816812187114	G000755, G004713, G005476, G006503, G008045, G012186, G013831, G013862, G016109, G016723, G017454, G018491, G019960, G020149, G020973, G022240, G026268, G027068, G027861, G028517
GO:0090329	BP	e	regulation of DNA-templated DNA replication	9/2037	17/11561	0.0010007082375111439	8	9	0.034723816812187114	G003423, G003815, G006004, G007617, G013001, G021062, G021841, G021940, G023703
GO:0009081	BP	e	branched-chain amino acid metabolic process	9/2037	17/11561	0.0010007082375111439	6	9	0.034723816812187114	G004713, G006965, G008145, G008971, G008972, G013831, G018350, G019277, G020149
GO:0016074	BP	e	sno(s)RNA metabolic process	8/2037	14/11561	0.0010025568873373901	8	8	0.034723816812187114	G003311, G005329, G006260, G012116, G016675, G016676, G016682, G017464
GO:0009048	BP	e	dosage compensation by inactivation of X chromosome	8/2037	14/11561	0.0010025568873373901	11	8	0.034723816812187114	G001335, G004259, G011296, G016386, G016675, G016676, G016682, G026322
GO:0007052	BP	e	mitotic spindle organization	21/2037	60/11561	0.0010513366526611902	8	21	0.03619329654705215	G001860, G002553, G004797, G006365, G009414, G009983, G010956, G013347, G013465, G013933, G017062, G020423, G020666, G021313, G021637, G022123, G022652, G023638, G023905, G027445, G028199
GO:0044818	BP	e	mitotic G2/M transition checkpoint	14/2037	34/11561	0.0010851671169797635	10	14	0.03713357146541863	G001130, G001565, G007617, G009535, G009983, G010578, G012059, G012787, G013038, G016443, G018513, G019676, G020153, G020711
GO:0070936	BP	e	protein K48-linked ubiquitination	16/2037	40/11561	0.001137115590330855	11	16	0.03879470704137752	G000606, G001121, G001369, G003546, G006034, G007992, G012859, G015301, G017607, G017815, G019756, G022592, G025547, G025923, G027998, G028393
GO:0022607	BP	e	cellular component assembly	227/2037	1065/11561	0.0011425981766920053	4	227	0.03886539171165791	G001037, G001120, G001200, G001355, G001369, G001462, G001479, G001505, G001560, G001757, G001813, G001814, G001860, G002309, G002439, G002553, G003313, G003333, G003423, G003549, G003700, G003764, G003930, G003973, G004093, G004212, G004221, G004282, G004336, G004462, G004564, G004567, G004797, G004852, G005084, G005487, G005634, G005733, G005825, G005920, G006198, G006199, G006312, G006365, G006433, G006439, G006506, G006569, G006571, G006768, G006811, G006843, G007269, G007277, G007282, G008006, G008025, G008369, G008379, G008423, G008870, G008878, G008980, G009201, G009414, G009470, G009486, G009695, G009852, G009893, G010548, G010698, G010891, G010956, G011129, G011227, G011281, G011472, G011720, G011867, G011897, G012066, G012138, G012307, G012594, G012668, G012823, G012962, G013095, G013443, G013465, G013480, G013545, G013598, G013846, G013862, G013933, G014058, G014064, G014442, G014594, G014664, G014668, G014675, G014692, G014799, G015164, G015209, G015461, G015507, G015814, G015818, G015871, G015944, G015945, G016499, G016680, G016688, G016707, G016727, G016752, G016803, G016821, G016977, G017027, G017062, G017827, G017907, G018234, G018280, G018352, G018422, G018430, G018462, G018523, G018559, G018592, G018644, G018645, G018657, G018701, G018830, G019040, G019044, G019321, G019454, G019457, G019463, G019961, G020158, G020233, G020285, G020443, G020505, G020520, G020666, G020963, G021062, G021313, G021435, G021465, G021485, G021490, G021512, G021520, G021637, G021672, G021912, G021940, G022007, G022149, G022186, G022251, G022254, G022268, G022282, G022356, G022363, G022584, G022585, G022652, G022727, G022856, G022992, G022994, G023008, G023079, G023341, G023343, G023348, G023534, G023698, G023870, G023905, G024111, G024269, G024355, G024840, G025565, G025605, G025682, G025955, G026112, G026268, G026322, G026450, G026577, G026703, G026748, G026883, G026908, G027188, G027394, G027445, G027633, G027722, G027883, G027913, G027916, G027919, G028099, G028199, G028337, G028393, G028536, G028560, G028637
GO:0048024	BP	e	regulation of mRNA splicing, via spliceosome	20/2037	56/11561	0.0011597402241142623	9	20	0.039214361583922906	G001362, G004343, G005215, G005860, G009464, G009869, G012116, G013445, G015744, G016258, G017893, G018659, G019194, G023008, G023258, G025129, G025688, G026322, G028100, G028114
GO:1901361	BP	e	organic cyclic compound catabolic process	56/2037	211/11561	0.0013123777897402606	4	56	0.043599256309301074	G000942, G000944, G001233, G001266, G001354, G003311, G005189, G005329, G005387, G005763, G006260, G006339, G007758, G007819, G008415, G008753, G009073, G010063, G010673, G010974, G011120, G012617, G013445, G013598, G014629, G014683, G015369, G015510, G016675, G016676, G016682, G016723, G016750, G016944, G017464, G018227, G018853, G019044, G019622, G021166, G021785, G022040, G022136, G022268, G022376, G022801, G023164, G024771, G024781, G025075, G026496, G026536, G027521, G027709, G028194, G028875
GO:0010972	BP	e	negative regulation of G2/M transition of mitotic cell cycle	16/2037	41/11561	0.0013298938329995534	9	16	0.043925044136318585	G001130, G001565, G007617, G009535, G009983, G010578, G012059, G012787, G013038, G016443, G016601, G016602, G018513, G019676, G020153, G020711
GO:0000018	BP	e	regulation of DNA recombination	22/2037	64/11561	0.0013651679753763912	7	22	0.044959795027208024	G001565, G003782, G004176, G005329, G005473, G006271, G006274, G007619, G010049, G011691, G013230, G014064, G014095, G018392, G019051, G019718, G019739, G020123, G021358, G023345, G025352, G026157
GO:0051054	BP	e	positive regulation of DNA metabolic process	41/2037	146/11561	0.0014597971193657812	7	41	0.04793771808407227	G001130, G001261, G003730, G003782, G003815, G003826, G004176, G004282, G004403, G004504, G005329, G005473, G005979, G010049, G010493, G011120, G011287, G011296, G013001, G013038, G013230, G013265, G014064, G014095, G016168, G016688, G017607, G017621, G019051, G019718, G019739, G020123, G020247, G021062, G021841, G021940, G022282, G023345, G023703, G026157, G027765
GO:0008334	BP	e	histone mRNA metabolic process	10/2037	21/11561	0.0015018182157966698	8	10	0.048617098207395036	G001678, G007133, G009401, G010673, G010974, G016675, G016676, G016682, G016856, G023253
GO:0098813	BP	e	nuclear chromosome segregation	10/2037	21/11561	0.0015018182157966698	4	10	0.048617098207395036	G001856, G003608, G003611, G005825, G006365, G009983, G010956, G013016, G013933, G017835
GO:0072529	BP	e	pyrimidine-containing compound catabolic process	10/2037	21/11561	0.0015018182157966698	5	10	0.048617098207395036	G000942, G000944, G005387, G006339, G007819, G018853, G019044, G021785, G026536, G028875
GO:1902751	BP	e	positive regulation of cell cycle G2/M phase transition	6/2037	9/11561	0.0015335879342052749	8	6	0.04947679755212891	G003815, G007002, G007282, G014095, G018234, G021465
GO:0015074	BP	p	DNA integration	3/2037	182/11561	5.635106913548524e-12	7	3	2.140401442662848e-09	G011120, G024107, G028365
GO:0007186	BP	p	G protein-coupled receptor signaling pathway	26/2037	403/11561	3.875050782003333e-11	5	26	1.338066777603878e-08	G000682, G000956, G001801, G002610, G003350, G007266, G007267, G007818, G008215, G010200, G010252, G010765, G012739, G012796, G013095, G013771, G014615, G019129, G019131, G019148, G019151, G019218, G019548, G020159, G025273, G028310
GO:0065008	BP	p	regulation of biological quality	125/2037	1092/11561	4.531090875245991e-09	2	125	1.0326356104685611e-06	G000560, G000755, G000995, G001233, G001354, G001369, G001520, G001757, G002553, G002610, G003311, G003574, G003822, G004309, G004336, G004455, G004495, G004599, G004927, G005103, G005329, G005476, G005634, G005843, G006004, G006271, G006274, G006277, G006301, G006446, G006742, G007154, G007236, G007384, G008025, G008621, G008753, G009073, G009983, G010274, G010548, G010765, G011294, G011538, G011720, G011783, G011799, G011842, G011897, G012008, G012176, G012738, G012739, G013095, G013445, G013933, G014040, G014343, G014449, G014615, G014660, G014682, G015358, G015579, G015600, G015818, G016236, G016378, G016499, G016500, G016583, G016819, G016908, G017464, G018129, G018364, G018430, G018528, G018645, G019040, G019398, G019457, G019463, G019530, G019548, G019551, G019622, G019688, G019882, G019960, G020375, G020406, G020634, G020687, G020759, G020865, G021069, G021520, G021531, G022168, G022178, G022268, G022286, G022592, G023196, G023638, G023837, G023894, G025214, G025252, G025343, G025384, G026145, G026703, G026949, G027188, G027360, G027394, G027413, G027521, G027709, G027805, G027883, G027884, G028517
GO:0055085	BP	p	transmembrane transport	45/2037	517/11561	5.461866163222463e-09	4	45	1.2203522535278425e-06	G000560, G001085, G003417, G003932, G003967, G004244, G004927, G005740, G005839, G006083, G006433, G006569, G006571, G006847, G007698, G008038, G008043, G011294, G011513, G012635, G012739, G012969, G012970, G013095, G013351, G015358, G016764, G016908, G018066, G018430, G019457, G019463, G019475, G020159, G020469, G021912, G022462, G022829, G023075, G024465, G025273, G025620, G026692, G027413, G028099
GO:0071805	BP	p	potassium ion transmembrane transport	2/2037	125/11561	1.9006964065738936e-08	8	2	3.6709212801541557e-06	G016908, G027413
GO:0051049	BP	p	regulation of transport	85/2037	791/11561	4.034200090892754e-08	4	85	6.965107581170141e-06	G001085, G001295, G001479, G001544, G001822, G004056, G004282, G004462, G004927, G005487, G005542, G006906, G007425, G007428, G007992, G008621, G008753, G008758, G009073, G010274, G010302, G010616, G010765, G010914, G010989, G011294, G011691, G011783, G012176, G012307, G012635, G012668, G012739, G013230, G013355, G013445, G013845, G014040, G014302, G014615, G015507, G015600, G015854, G015864, G016499, G016583, G016592, G016908, G017941, G018392, G018397, G018422, G018430, G018528, G019075, G019321, G019457, G019463, G019688, G019989, G020160, G020406, G020666, G020759, G021069, G021531, G022186, G022208, G022992, G022994, G023494, G023846, G023849, G023850, G025273, G025605, G026323, G026949, G027198, G027251, G027360, G027738, G027872, G027883, G027916
GO:0006813	BP	p	potassium ion transport	4/2037	141/11561	8.03782901290394e-08	7	4	1.3084437371720056e-05	G007428, G016908, G021062, G027413
GO:0006811	BP	p	monoatomic ion transport	36/2037	412/11561	2.3674437897161687e-07	4	36	3.503509348547499e-05	G002232, G003417, G003967, G004244, G004927, G006004, G006083, G006433, G006553, G006569, G006571, G006906, G007428, G007698, G008320, G011294, G012635, G012739, G013095, G013351, G015358, G016020, G016908, G019275, G019457, G019463, G019475, G020159, G021062, G021912, G022462, G024465, G025273, G025682, G027413, G028099
GO:0034220	BP	p	monoatomic ion transmembrane transport	25/2037	325/11561	2.675575812777137e-07	5	25	3.908741844435317e-05	G003967, G004244, G004927, G006083, G006433, G006569, G006571, G007698, G011294, G012635, G012739, G013095, G013351, G015358, G016908, G019457, G019463, G019475, G020159, G021912, G022462, G024465, G025273, G027413, G028099
GO:0006812	BP	p	monoatomic cation transport	28/2037	340/11561	7.339007365008229e-07	5	28	9.724184758635904e-05	G003967, G004927, G006004, G006083, G006433, G006553, G006569, G006571, G007428, G007698, G011294, G012635, G012739, G013351, G016020, G016908, G019275, G019457, G019463, G019475, G020159, G021062, G021912, G022462, G024465, G025273, G027413, G028099
GO:0007154	BP	p	cell communication	18/2037	257/11561	8.170761675724611e-07	2	18	0.00010461329134256399	G001822, G002610, G004599, G004927, G006834, G007629, G008249, G010200, G010548, G010914, G011294, G012796, G013095, G019530, G021693, G021902, G023494, G023698
GO:0006810	BP	p	transport	239/2037	1755/11561	1.1063481410085427e-06	3	239	0.00013555738781497145	G000560, G000843, G000995, G001037, G001085, G001289, G001295, G001369, G001462, G001479, G001544, G001735, G001822, G002104, G002163, G002232, G003191, G003417, G003550, G003608, G003611, G003932, G003952, G003967, G004009, G004212, G004244, G004257, G004282, G004309, G004462, G004495, G004582, G004599, G004797, G004848, G004927, G005103, G005542, G005634, G005740, G005839, G006004, G006083, G006277, G006301, G006414, G006415, G006432, G006433, G006553, G006569, G006571, G006617, G006742, G006847, G006906, G007154, G007233, G007428, G007698, G007800, G008038, G008043, G008296, G008320, G008365, G008415, G008454, G008483, G008551, G008754, G008878, G009201, G009470, G009695, G009886, G009894, G009895, G009916, G010302, G010460, G010548, G010616, G010914, G011294, G011298, G011408, G011513, G011520, G011548, G011783, G011799, G011867, G011897, G012008, G012032, G012411, G012635, G012668, G012739, G012824, G012969, G012970, G013095, G013159, G013351, G013355, G013465, G013788, G013819, G013824, G013846, G013931, G014040, G014301, G014302, G014448, G014615, G014668, G014675, G014836, G014855, G014953, G015164, G015209, G015358, G015507, G015602, G015818, G015854, G015864, G016020, G016262, G016383, G016603, G016764, G016908, G017268, G017343, G017444, G017529, G017553, G017572, G017827, G017941, G018066, G018082, G018350, G018392, G018422, G018430, G018559, G019039, G019040, G019051, G019275, G019348, G019457, G019463, G019475, G019530, G019659, G020159, G020449, G020469, G020634, G020687, G020701, G020708, G020741, G021062, G021069, G021485, G021578, G021693, G021722, G021912, G021958, G022035, G022137, G022168, G022175, G022178, G022186, G022357, G022462, G022565, G022592, G022633, G022693, G022812, G022829, G022994, G023075, G023138, G023184, G023531, G023892, G023894, G024256, G024354, G024465, G024597, G024907, G025273, G025352, G025455, G025562, G025620, G025682, G025782, G026050, G026259, G026322, G026426, G026464, G026577, G026692, G026703, G026768, G026771, G026908, G027198, G027214, G027221, G027386, G027394, G027413, G027640, G027872, G027883, G027916, G028099, G028195, G028450, G028455, G028468, G028517
GO:0043269	BP	p	regulation of monoatomic ion transport	17/2037	246/11561	1.128685578836592e-06	5	17	0.00013682310820045709	G004927, G005487, G006906, G007425, G007428, G010274, G011294, G012307, G012635, G012739, G014615, G016908, G021069, G023494, G025273, G026949, G027360
GO:0043410	BP	p	positive regulation of MAPK cascade	19/2037	258/11561	2.0358379553645365e-06	8	19	0.0002326893270413042	G001813, G003478, G005282, G006411, G007178, G007384, G010765, G012739, G013041, G013994, G014040, G014442, G015579, G015603, G017126, G017380, G018513, G024930, G026145
GO:0032879	BP	p	regulation of localization	114/2037	939/11561	2.043273645191593e-06	3	114	0.0002326893270413042	G001085, G001295, G001355, G001479, G001544, G001822, G003333, G004056, G004282, G004322, G004462, G004927, G005103, G005487, G005542, G005943, G006271, G006274, G006433, G006906, G007178, G007425, G007428, G007992, G008621, G008753, G008758, G008980, G009073, G009983, G010274, G010302, G010616, G010765, G010914, G010989, G011294, G011296, G011691, G011783, G011842, G011897, G012019, G012116, G012176, G012307, G012635, G012668, G012739, G013230, G013351, G013355, G013445, G013845, G014040, G014302, G014615, G015507, G015600, G015854, G015864, G015945, G016499, G016583, G016592, G016675, G016676, G016682, G016908, G017234, G017941, G018392, G018397, G018422, G018430, G018528, G019075, G019321, G019457, G019463, G019676, G019688, G019989, G020160, G020406, G020666, G020759, G021069, G021531, G021637, G022186, G022208, G022992, G022994, G023494, G023638, G023846, G023849, G023850, G024111, G025273, G025605, G026323, G026703, G026949, G027198, G027251, G027360, G027386, G027738, G027872, G027883, G027916, G028397
GO:0043408	BP	p	regulation of MAPK cascade	27/2037	321/11561	2.449261929104749e-06	7	27	0.00027362097727596683	G001813, G002126, G003478, G004403, G005156, G005282, G006411, G007178, G007384, G010506, G010765, G012739, G013041, G013355, G013994, G014040, G014442, G015579, G015603, G016583, G017126, G017380, G018513, G019676, G020406, G024930, G026145
GO:0023056	BP	p	positive regulation of signaling	90/2037	775/11561	2.5768566158589453e-06	4	90	0.00028508039939526876	G000990, G001085, G001120, G001479, G001744, G001745, G001813, G001822, G002591, G003478, G003546, G003822, G003826, G003908, G004852, G004927, G005103, G005282, G005476, G006205, G006411, G006553, G006969, G007178, G007384, G007992, G008293, G008379, G008753, G008870, G009073, G010274, G010506, G010765, G011720, G011897, G012008, G012032, G012176, G012739, G012859, G013041, G013351, G013445, G013788, G013994, G014040, G014442, G014682, G015579, G015600, G015603, G016237, G016258, G016387, G016499, G016583, G016750, G017126, G017380, G018513, G018514, G019548, G019676, G020406, G020442, G020769, G020865, G021069, G021485, G021531, G021637, G021926, G022035, G022592, G023001, G023196, G023258, G023290, G023638, G024930, G025214, G026145, G026268, G026703, G027263, G027640, G027872, G027906, G028497
GO:0046903	BP	p	secretion	18/2037	248/11561	2.839186731401272e-06	4	18	0.0003110820461953605	G002163, G004927, G005103, G007154, G008551, G010460, G011294, G011783, G011799, G012739, G013355, G014302, G018430, G019457, G019463, G021069, G022178, G028517
GO:0010647	BP	p	positive regulation of cell communication	90/2037	769/11561	3.856839260987143e-06	5	90	0.0004031989300820963	G000990, G001085, G001120, G001479, G001744, G001745, G001813, G001822, G002591, G003478, G003546, G003822, G003826, G003908, G004852, G004927, G005103, G005282, G005476, G006205, G006411, G006553, G006969, G007178, G007384, G007992, G008293, G008379, G008753, G008870, G009073, G010274, G010506, G010765, G011720, G011897, G012008, G012032, G012176, G012739, G012859, G013041, G013351, G013445, G013788, G013994, G014040, G014442, G014682, G015579, G015600, G015603, G016237, G016258, G016387, G016499, G016583, G016750, G017126, G017380, G018513, G018514, G019548, G019676, G020406, G020442, G020769, G020865, G021069, G021485, G021531, G021637, G021926, G022035, G022592, G023001, G023196, G023258, G023290, G023638, G024930, G025214, G026145, G026268, G026703, G027263, G027640, G027872, G027906, G028497
GO:0023052	BP	p	signaling	17/2037	237/11561	3.952629641975716e-06	3	17	0.000409456497911939	G001822, G002610, G004599, G004927, G006834, G007629, G008249, G010200, G010548, G010914, G011294, G012796, G013095, G019530, G021693, G023494, G023698
GO:0009605	BP	p	response to external stimulus	81/2037	706/11561	4.18698755807017e-06	2	81	0.0004287137301698249	G001037, G001565, G001998, G002089, G002100, G002232, G002340, G002431, G003546, G003931, G004322, G004964, G005041, G005476, G006205, G006301, G006406, G006411, G006553, G006569, G006571, G007050, G007269, G007609, G007698, G008320, G008551, G008878, G009631, G009634, G009734, G010145, G010146, G010464, G011294, G011691, G012859, G013041, G013355, G013593, G013946, G014442, G015485, G015489, G015600, G015602, G016241, G016359, G016935, G017073, G017126, G017343, G017464, G017941, G017983, G018071, G018100, G018430, G019960, G020090, G021722, G021912, G021926, G021940, G022168, G022268, G022462, G022913, G022914, G023024, G023038, G023196, G024143, G025469, G025637, G025642, G026692, G026734, G026977, G027263, G028049
GO:0098660	BP	p	inorganic ion transmembrane transport	26/2037	309/11561	4.654140167715039e-06	5	26	0.00046693875792608487	G003967, G004927, G006083, G006433, G006569, G006571, G007698, G008038, G008043, G011294, G012635, G012739, G013095, G013351, G015358, G016908, G019457, G019463, G019475, G020159, G021912, G022462, G024465, G025273, G027413, G028099
GO:0007267	BP	p	cell-cell signaling	17/2037	234/11561	5.371010927228911e-06	4	17	0.0005276092199635641	G001822, G002610, G004599, G004927, G006834, G007629, G008249, G010200, G010548, G010914, G011294, G012796, G013095, G019530, G021693, G023494, G023698
GO:0098662	BP	p	inorganic cation transmembrane transport	21/2037	266/11561	6.247113504067146e-06	6	21	0.0005982875706501915	G003967, G004927, G006083, G006433, G006569, G006571, G007698, G011294, G012635, G013351, G016908, G019457, G019463, G019475, G020159, G021912, G022462, G024465, G025273, G027413, G028099
GO:0098655	BP	p	monoatomic cation transmembrane transport	21/2037	265/11561	6.24802289665404e-06	6	21	0.0005982875706501915	G003967, G004927, G006083, G006433, G006569, G006571, G007698, G011294, G012635, G013351, G016908, G019457, G019463, G019475, G020159, G021912, G022462, G024465, G025273, G027413, G028099
GO:0040017	BP	p	positive regulation of locomotion	20/2037	257/11561	6.540684046246379e-06	4	20	0.000621092455891479	G001757, G004536, G006969, G007384, G010274, G011148, G011298, G012307, G012739, G015579, G016499, G017941, G019075, G019812, G021667, G023455, G026703, G027197, G027990, G028319
GO:0030001	BP	p	metal ion transport	28/2037	320/11561	6.930296075729963e-06	6	28	0.0006526506097763879	G003967, G004927, G006004, G006083, G006433, G006553, G006569, G006571, G007428, G007698, G011294, G012635, G012739, G013351, G016020, G016908, G019275, G019457, G019463, G019475, G020159, G021062, G021912, G022462, G024465, G025273, G027413, G028099
GO:0017157	BP	p	regulation of exocytosis	5/2037	118/11561	1.6111016846337952e-05	7	5	0.0013907957345759164	G013355, G014040, G014302, G018430, G019321
GO:0034762	BP	p	regulation of transmembrane transport	23/2037	271/11561	2.3351009637061122e-05	5	23	0.0019709981838097147	G001085, G004927, G005487, G006906, G007425, G007428, G010274, G011294, G012176, G012635, G014615, G016908, G017941, G020160, G021069, G021531, G023494, G023846, G023849, G023850, G025605, G026949, G027360
GO:0007188	BP	p	adenylate cyclase-modulating G protein-coupled receptor signaling pathway	15/2037	204/11561	2.636333304463035e-05	6	15	0.0021927750368143277	G007266, G007267, G008215, G010200, G010252, G010765, G012739, G019129, G019131, G019148, G019151, G019218, G019548, G020159, G028310
GO:0055082	BP	p	intracellular chemical homeostasis	29/2037	313/11561	3.1787407150026055e-05	3	29	0.0025508274962996263	G001958, G003730, G004244, G004403, G004927, G005487, G006433, G006506, G006569, G006571, G006607, G007155, G012176, G012739, G013351, G014040, G015369, G016499, G016583, G019475, G020406, G020973, G021958, G022550, G022592, G025682, G027413, G027575, G028099
GO:0003008	BP	p	system process	54/2037	494/11561	3.7519701427100624e-05	2	54	0.0029283356011082988	G000682, G000755, G002748, G003350, G004177, G004927, G005041, G005634, G006004, G006569, G006571, G006617, G006906, G007236, G007806, G008025, G008215, G008551, G008878, G009201, G009470, G009486, G011783, G012307, G012449, G012739, G013095, G014682, G015818, G015928, G016241, G016387, G016592, G016764, G016908, G017893, G017941, G018430, G018559, G019457, G019463, G019812, G020501, G020701, G021531, G022178, G022592, G023038, G023196, G025214, G025682, G026908, G027188, G027360
GO:0007200	BP	p	phospholipase C-activating G protein-coupled receptor signaling pathway	1/2037	68/11561	4.255987908916038e-05	6	1	0.003299114436877432	G012739
GO:0030335	BP	p	positive regulation of cell migration	17/2037	217/11561	4.452242613222324e-05	6	17	0.0033822203051778925	G001757, G006969, G007384, G010274, G011148, G011298, G012307, G015579, G016499, G017941, G019075, G021667, G023455, G026703, G027197, G027990, G028319
GO:0099177	BP	p	regulation of trans-synaptic signaling	27/2037	293/11561	4.959247721844821e-05	5	27	0.0036458469542207574	G000682, G001998, G002126, G002553, G003350, G007236, G007428, G008025, G010274, G011294, G012796, G013771, G014040, G014569, G014615, G016592, G016819, G017941, G018430, G019457, G019463, G019548, G021531, G022592, G023450, G023698, G026703
GO:0050804	BP	p	modulation of chemical synaptic transmission	27/2037	293/11561	4.959247721844821e-05	6	27	0.0036458469542207574	G000682, G001998, G002126, G002553, G003350, G007236, G007428, G008025, G010274, G011294, G012796, G013771, G014040, G014569, G014615, G016592, G016819, G017941, G018430, G019457, G019463, G019548, G021531, G022592, G023450, G023698, G026703
GO:0034765	BP	p	regulation of monoatomic ion transmembrane transport	14/2037	192/11561	5.029772074737146e-05	6	14	0.003673990563566012	G004927, G005487, G006906, G007425, G007428, G010274, G011294, G012635, G014615, G016908, G021069, G023494, G026949, G027360
GO:1903522	BP	p	regulation of blood circulation	5/2037	113/11561	5.09262248706177e-05	5	5	0.0036962059388578896	G004927, G006004, G011294, G012739, G016908
GO:1902533	BP	p	positive regulation of intracellular signal transduction	56/2037	502/11561	5.625710266088489e-05	7	56	0.003981622525565532	G000990, G001085, G001479, G001813, G003478, G003546, G003822, G005103, G005282, G006205, G006411, G006553, G006969, G007178, G007384, G008293, G008379, G008870, G010506, G010765, G011720, G011897, G012008, G012032, G012739, G013041, G013351, G013445, G013788, G013994, G014040, G014442, G014682, G015579, G015603, G016499, G016583, G017126, G017380, G018513, G018514, G019676, G020406, G020865, G021069, G021637, G021926, G022592, G023196, G023638, G024930, G025214, G026145, G026268, G027263, G027872
GO:2000147	BP	p	positive regulation of cell motility	18/2037	223/11561	5.6582483822225374e-05	5	18	0.003981622525565532	G001757, G006969, G007384, G010274, G011148, G011298, G012307, G015579, G016499, G017941, G019075, G019812, G021667, G023455, G026703, G027197, G027990, G028319
GO:0140352	BP	p	export from cell	18/2037	222/11561	5.66057787750431e-05	4	18	0.003981622525565532	G002163, G003967, G004927, G007154, G008551, G010460, G011294, G011799, G012635, G013355, G014302, G018430, G019457, G019463, G020159, G021069, G024465, G025273
GO:0051046	BP	p	regulation of secretion	29/2037	305/11561	6.918425498953862e-05	5	29	0.004720686141352052	G004927, G008621, G008753, G009073, G010765, G011294, G011783, G012176, G012739, G013355, G013445, G014040, G014302, G014615, G016499, G016583, G018430, G018528, G019321, G019457, G019463, G019989, G020406, G020759, G022208, G025605, G026949, G027251, G027360
GO:0006873	BP	p	intracellular monoatomic ion homeostasis	23/2037	261/11561	7.045949646873843e-05	4	23	0.004779083108698062	G003730, G004244, G004403, G004927, G005487, G006433, G006506, G006569, G006571, G007155, G012176, G012739, G013351, G014040, G016583, G019475, G020406, G022550, G022592, G025682, G027413, G027575, G028099
GO:0050801	BP	p	monoatomic ion homeostasis	28/2037	298/11561	7.673820939650336e-05	3	28	0.005113636819141262	G002089, G003574, G003730, G004244, G004403, G004927, G005487, G006433, G006506, G006569, G006571, G007155, G012176, G012739, G013351, G014040, G015992, G016583, G016592, G019475, G020406, G022550, G022592, G025682, G026949, G027413, G027575, G028099
GO:0019725	BP	p	cellular homeostasis	35/2037	348/11561	7.946640668227048e-05	2	35	0.005264649442700419	G001958, G003730, G004244, G004403, G004927, G005487, G006433, G006506, G006569, G006571, G006607, G007155, G008753, G011294, G012176, G012633, G012739, G013351, G014040, G015369, G016499, G016583, G019475, G020406, G020973, G021958, G022550, G022592, G025682, G026858, G026949, G027188, G027413, G027575, G028099
GO:0051234	BP	p	establishment of localization	272/2037	1877/11561	8.098308074533958e-05	2	272	0.005334116792445922	G000560, G000843, G000956, G000995, G001037, G001085, G001120, G001289, G001295, G001355, G001369, G001462, G001479, G001544, G001735, G001813, G001822, G002104, G002163, G002232, G002270, G002748, G003191, G003417, G003550, G003608, G003611, G003764, G003932, G003952, G003967, G004009, G004212, G004244, G004257, G004282, G004309, G004462, G004495, G004582, G004599, G004797, G004848, G004908, G004927, G005103, G005542, G005634, G005740, G005839, G006004, G006083, G006182, G006199, G006277, G006301, G006414, G006415, G006432, G006433, G006553, G006569, G006571, G006617, G006742, G006847, G006906, G007154, G007233, G007282, G007428, G007698, G007800, G008006, G008038, G008039, G008043, G008296, G008320, G008365, G008415, G008454, G008483, G008551, G008754, G008878, G008980, G009201, G009470, G009695, G009886, G009894, G009895, G009916, G009983, G010302, G010460, G010548, G010616, G010914, G010954, G011294, G011298, G011408, G011513, G011520, G011548, G011783, G011799, G011867, G011897, G012007, G012008, G012032, G012176, G012411, G012635, G012668, G012739, G012824, G012969, G012970, G013095, G013159, G013351, G013355, G013465, G013788, G013819, G013824, G013846, G013931, G014040, G014059, G014301, G014302, G014448, G014615, G014664, G014668, G014675, G014836, G014855, G014953, G015164, G015209, G015358, G015507, G015602, G015818, G015854, G015864, G015928, G016020, G016262, G016383, G016436, G016603, G016764, G016908, G017062, G017268, G017343, G017444, G017529, G017553, G017572, G017709, G017827, G017835, G017941, G018066, G018082, G018350, G018392, G018422, G018430, G018559, G019039, G019040, G019051, G019275, G019348, G019457, G019463, G019475, G019530, G019659, G020159, G020449, G020469, G020634, G020687, G020701, G020708, G020741, G021062, G021069, G021298, G021313, G021485, G021578, G021637, G021693, G021722, G021912, G021958, G022035, G022137, G022168, G022175, G022178, G022186, G022251, G022357, G022462, G022565, G022592, G022633, G022693, G022812, G022829, G022994, G023075, G023138, G023184, G023531, G023638, G023892, G023894, G024111, G024256, G024354, G024465, G024597, G024907, G025273, G025352, G025455, G025562, G025620, G025682, G025782, G025943, G026050, G026259, G026322, G026426, G026464, G026577, G026628, G026692, G026703, G026768, G026771, G026908, G027198, G027214, G027221, G027386, G027394, G027413, G027640, G027872, G027883, G027916, G028099, G028195, G028450, G028455, G028468, G028517
GO:0051050	BP	p	positive regulation of transport	49/2037	449/11561	8.351200459842141e-05	5	49	0.005437824527994354	G001085, G001479, G001822, G004056, G004282, G004927, G007992, G008753, G008758, G009073, G010302, G010616, G010765, G011294, G012176, G012307, G012635, G012668, G012739, G013230, G013355, G013445, G013845, G014040, G014615, G016499, G016583, G016908, G018397, G018430, G019075, G020406, G020666, G021069, G022186, G022992, G022994, G023494, G023846, G023849, G023850, G025605, G026323, G026949, G027198, G027251, G027872, G027883, G027916
GO:0055080	BP	p	monoatomic cation homeostasis	27/2037	290/11561	8.492911357000754e-05	4	27	0.0054734412694864495	G002089, G003574, G003730, G004244, G004403, G004927, G005487, G006433, G006506, G006569, G006571, G007155, G012176, G012739, G013351, G014040, G015992, G016583, G016592, G019475, G020406, G022550, G022592, G025682, G027413, G027575, G028099
GO:0098657	BP	p	import into cell	24/2037	267/11561	8.501966693278646e-05	4	24	0.0054734412694864495	G001289, G001544, G001822, G004495, G004599, G004927, G010616, G010914, G011294, G014040, G014668, G016764, G017941, G018430, G019475, G019530, G021069, G021693, G022168, G022565, G022592, G023075, G023892, G024256
GO:0009967	BP	p	positive regulation of signal transduction	85/2037	692/11561	8.911520431677392e-05	6	85	0.005673004207763345	G000990, G001085, G001120, G001479, G001744, G001745, G001813, G001822, G002591, G003478, G003546, G003822, G003826, G003908, G004852, G005103, G005282, G005476, G006205, G006411, G006553, G006969, G007178, G007384, G007992, G008293, G008379, G008870, G010274, G010506, G010765, G011720, G011897, G012008, G012032, G012176, G012739, G012859, G013041, G013351, G013445, G013788, G013994, G014040, G014442, G014682, G015579, G015600, G015603, G016237, G016258, G016387, G016499, G016583, G016750, G017126, G017380, G018513, G018514, G019548, G019676, G020406, G020442, G020769, G020865, G021069, G021485, G021637, G021926, G022035, G022592, G023001, G023196, G023258, G023290, G023638, G024930, G025214, G026145, G026268, G027263, G027640, G027872, G027906, G028497
GO:0042391	BP	p	regulation of membrane potential	14/2037	186/11561	9.182075965451494e-05	3	14	0.005780649482117115	G004927, G005476, G006004, G011294, G012176, G013095, G014040, G016908, G019457, G019463, G019548, G021069, G022168, G027360
GO:0016050	BP	p	vesicle organization	13/2037	178/11561	9.490947975796354e-05	5	13	0.005909800665803249	G000832, G001369, G004212, G004220, G009695, G010548, G010616, G013480, G018719, G025955, G027413, G027575, G027883
GO:0044057	BP	p	regulation of system process	24/2037	265/11561	0.00011225861018502558	4	24	0.0068041854417998215	G000682, G003350, G004259, G004927, G005103, G006004, G010765, G011294, G011799, G012176, G012739, G014040, G016499, G016583, G016908, G017621, G020406, G021785, G026012, G026949, G027360, G027600, G028376, G028761
GO:0030003	BP	p	intracellular monoatomic cation homeostasis	23/2037	255/11561	0.00011962500926810368	5	23	0.0071666903981054035	G003730, G004244, G004403, G004927, G005487, G006433, G006506, G006569, G006571, G007155, G012176, G012739, G013351, G014040, G016583, G019475, G020406, G022550, G022592, G025682, G027413, G027575, G028099
GO:0060627	BP	p	regulation of vesicle-mediated transport	22/2037	247/11561	0.00013056937759236962	5	22	0.007749156550338811	G001085, G001544, G001822, G005542, G010302, G010616, G010914, G012668, G013355, G014040, G014302, G014615, G015854, G015864, G016592, G018422, G018430, G019075, G019321, G025605, G027738, G027883
GO:0010038	BP	p	response to metal ion	18/2037	216/11561	0.00013455037091109857	4	18	0.007799408143944264	G001479, G001998, G003550, G005476, G006654, G006904, G006938, G008878, G010274, G011095, G012072, G012739, G013001, G013095, G014040, G015485, G015489, G018139
GO:1903530	BP	p	regulation of secretion by cell	27/2037	284/11561	0.0001403528210265553	6	27	0.008036785907525617	G004927, G008621, G008753, G009073, G010765, G011294, G011783, G012176, G012739, G013355, G013445, G014040, G014302, G014615, G016499, G016583, G018430, G018528, G019321, G019457, G019463, G019989, G020406, G020759, G022208, G025605, G027251
GO:1903305	BP	p	regulation of regulated secretory pathway	3/2037	84/11561	0.00014470103382774552	8	3	0.008196134084674615	G013355, G014040, G018430
GO:0006885	BP	p	regulation of pH	3/2037	85/11561	0.0001468419356806731	5	3	0.008242679098922512	G014040, G022592, G027413
GO:0051952	BP	p	regulation of amine transport	1/2037	63/11561	0.00016217675801110805	5	1	0.009058843909493021	G016499
GO:0007602	BP	p	phototransduction	4/2037	93/11561	0.00017920463562639118	6	4	0.00968828553005813	G002340, G006553, G008320, G011294
GO:0099537	BP	p	trans-synaptic signaling	12/2037	164/11561	0.00018024717265224428	6	12	0.00968828553005813	G004599, G004927, G006834, G007629, G010548, G010914, G011294, G012796, G013095, G019530, G023494, G023698
GO:0099536	BP	p	synaptic signaling	12/2037	164/11561	0.00018024717265224428	5	12	0.00968828553005813	G004599, G004927, G006834, G007629, G010548, G010914, G011294, G012796, G013095, G019530, G023494, G023698
GO:0006952	BP	p	defense response	46/2037	419/11561	0.00018472078104835499	3	46	0.009882128169230071	G001037, G001369, G002089, G004322, G006205, G006411, G007050, G007269, G007609, G009631, G010464, G010548, G011691, G012072, G012859, G013355, G013593, G013946, G014442, G015600, G015602, G016397, G017073, G017126, G017343, G017464, G017941, G018071, G019457, G019463, G019960, G020501, G021069, G021722, G021926, G021940, G022168, G022268, G022752, G023024, G024143, G025469, G025637, G025642, G026734, G027263
GO:0045937	BP	p	positive regulation of phosphate metabolic process	41/2037	382/11561	0.00021154847985710022	7	41	0.011160161703572485	G001130, G001479, G002089, G004536, G004908, G006411, G006768, G006969, G007384, G009073, G009983, G010274, G010548, G012059, G013041, G013445, G014040, G015579, G015603, G016750, G017062, G017126, G017380, G018397, G020075, G020160, G020505, G020865, G021069, G021313, G021637, G022227, G022251, G023038, G023343, G024930, G026145, G026703, G026949, G027644, G028462
GO:0010562	BP	p	positive regulation of phosphorus metabolic process	41/2037	382/11561	0.00021154847985710022	6	41	0.011160161703572485	G001130, G001479, G002089, G004536, G004908, G006411, G006768, G006969, G007384, G009073, G009983, G010274, G010548, G012059, G013041, G013445, G014040, G015579, G015603, G016750, G017062, G017126, G017380, G018397, G020075, G020160, G020505, G020865, G021069, G021313, G021637, G022227, G022251, G023038, G023343, G024930, G026145, G026703, G026949, G027644, G028462
GO:0061024	BP	p	membrane organization	32/2037	317/11561	0.000230045852788148	4	32	0.011861413993307451	G000832, G006004, G006277, G006414, G006415, G007800, G008551, G009983, G010616, G010698, G011520, G011897, G012176, G012499, G014668, G015257, G015358, G016383, G016499, G018302, G020505, G020557, G021926, G023698, G023870, G024111, G026692, G026883, G027394, G027413, G027575, G028099
GO:0006937	BP	p	regulation of muscle contraction	2/2037	70/11561	0.00023572159587988454	6	2	0.011952912535115972	G004927, G027600
GO:0032940	BP	p	secretion by cell	13/2037	170/11561	0.0002360162633085646	5	13	0.011952912535115972	G002163, G004927, G007154, G008551, G010460, G011294, G011799, G013355, G014302, G018430, G019457, G019463, G021069
GO:0043270	BP	p	positive regulation of monoatomic ion transport	8/2037	128/11561	0.0002533876802473539	6	8	0.012775896532825654	G004927, G011294, G012307, G012635, G012739, G016908, G023494, G026949
GO:0023051	BP	p	regulation of signaling	213/2037	1488/11561	0.00026580495295808204	3	213	0.013284418591918179	G000682, G000755, G000990, G001085, G001120, G001215, G001362, G001369, G001479, G001565, G001744, G001745, G001813, G001822, G001823, G001998, G002126, G002229, G002384, G002553, G002591, G003109, G003350, G003478, G003546, G003574, G003646, G003822, G003826, G003908, G003931, G004009, G004283, G004403, G004599, G004852, G004908, G004927, G005103, G005156, G005217, G005282, G005476, G005540, G005843, G006004, G006205, G006271, G006274, G006411, G006553, G006917, G006969, G007050, G007159, G007178, G007236, G007384, G007428, G007609, G007819, G007992, G008025, G008293, G008379, G008483, G008621, G008753, G008870, G009073, G009470, G009526, G009786, G009916, G009993, G010274, G010468, G010506, G010535, G010765, G010954, G011294, G011720, G011783, G011799, G011897, G012008, G012032, G012176, G012568, G012668, G012739, G012796, G012811, G012859, G013041, G013351, G013355, G013445, G013771, G013788, G013994, G014040, G014095, G014343, G014442, G014569, G014615, G014660, G014664, G014682, G014953, G015301, G015510, G015579, G015600, G015602, G015603, G015714, G016020, G016237, G016258, G016282, G016387, G016499, G016583, G016592, G016750, G016819, G016829, G017126, G017380, G017480, G017815, G017941, G018012, G018397, G018430, G018513, G018514, G018528, G018644, G018931, G019039, G019457, G019463, G019548, G019676, G019749, G019970, G020158, G020406, G020442, G020708, G020759, G020769, G020865, G021069, G021313, G021358, G021485, G021520, G021531, G021637, G021722, G021819, G021926, G022035, G022175, G022268, G022592, G022727, G023001, G023024, G023038, G023164, G023196, G023258, G023290, G023450, G023455, G023618, G023638, G023694, G023698, G023782, G024143, G024930, G025076, G025214, G025273, G025469, G025568, G025637, G025642, G025682, G026145, G026268, G026323, G026423, G026577, G026703, G026764, G026825, G026883, G027263, G027521, G027640, G027872, G027884, G027906, G028497, G028536
GO:0051606	BP	p	detection of stimulus	15/2037	186/11561	0.00029110334591521934	2	15	0.014175737720956942	G001998, G002340, G004964, G005041, G006553, G006569, G006571, G007698, G008320, G011294, G012739, G016241, G018100, G021912, G022462
GO:0048878	BP	p	chemical homeostasis	51/2037	447/11561	0.00029314855775175344	2	51	0.014214586449281832	G000560, G001958, G002052, G002089, G003574, G003730, G004244, G004403, G004927, G005217, G005476, G005487, G006433, G006506, G006569, G006571, G006607, G007154, G007155, G008753, G011799, G012176, G012739, G013351, G014040, G014855, G015369, G015992, G016499, G016583, G016592, G018397, G018956, G019114, G019475, G020406, G020759, G020973, G021069, G021958, G022550, G022592, G025682, G025732, G026207, G026949, G027413, G027575, G027805, G028099, G028397
GO:0042327	BP	p	positive regulation of phosphorylation	38/2037	355/11561	0.00029491673190237166	8	38	0.014239729491642055	G001130, G001479, G002089, G004536, G004908, G006411, G006768, G006969, G007384, G009073, G009983, G010274, G010548, G012059, G013041, G014040, G015579, G015603, G016750, G017062, G017126, G017380, G018397, G020075, G020160, G020865, G021069, G021313, G021637, G022227, G022251, G023038, G023343, G024930, G026145, G026703, G026949, G028462
GO:0010646	BP	p	regulation of cell communication	213/2037	1487/11561	0.0003026445214845644	4	213	0.014490060177800886	G000682, G000755, G000990, G001085, G001120, G001215, G001362, G001369, G001479, G001565, G001744, G001745, G001813, G001822, G001823, G001998, G002126, G002229, G002384, G002553, G002591, G003109, G003350, G003478, G003546, G003574, G003646, G003822, G003826, G003908, G003931, G004009, G004283, G004403, G004599, G004852, G004908, G004927, G005103, G005156, G005217, G005282, G005476, G005540, G005843, G006004, G006205, G006271, G006274, G006411, G006553, G006917, G006969, G007050, G007159, G007178, G007236, G007384, G007428, G007609, G007819, G007992, G008025, G008293, G008379, G008483, G008621, G008753, G008870, G009073, G009470, G009526, G009786, G009916, G009993, G010274, G010468, G010506, G010535, G010765, G010954, G011294, G011720, G011783, G011799, G011897, G012008, G012032, G012176, G012568, G012668, G012739, G012796, G012811, G012859, G013041, G013351, G013355, G013445, G013771, G013788, G013994, G014040, G014095, G014343, G014442, G014569, G014615, G014660, G014664, G014682, G014953, G015301, G015510, G015579, G015600, G015602, G015603, G015714, G016020, G016237, G016258, G016282, G016387, G016499, G016583, G016592, G016750, G016819, G016829, G017126, G017380, G017480, G017815, G017941, G018012, G018397, G018430, G018513, G018514, G018528, G018644, G018931, G019039, G019457, G019463, G019548, G019676, G019749, G019970, G020158, G020406, G020442, G020708, G020759, G020769, G020865, G021069, G021313, G021358, G021485, G021520, G021531, G021637, G021722, G021819, G021926, G022035, G022175, G022268, G022592, G022727, G023001, G023024, G023038, G023164, G023196, G023258, G023290, G023450, G023455, G023618, G023638, G023694, G023698, G023782, G024143, G024930, G025076, G025214, G025273, G025469, G025568, G025637, G025642, G025682, G026145, G026268, G026323, G026423, G026577, G026703, G026764, G026825, G026883, G027263, G027521, G027640, G027872, G027884, G027906, G028497, G028536
GO:0051453	BP	p	regulation of intracellular pH	3/2037	79/11561	0.0003121619426756265	7	3	0.014638211262505202	G014040, G022592, G027413
GO:0006906	BP	p	vesicle fusion	3/2037	81/11561	0.00032753799767828285	7	3	0.015233859116506257	G000832, G010616, G027413
GO:0030641	BP	p	regulation of cellular pH	3/2037	81/11561	0.00032753799767828285	6	3	0.015233859116506257	G014040, G022592, G027413
GO:0032103	BP	p	positive regulation of response to external stimulus	16/2037	190/11561	0.00035827607741996246	5	16	0.01652856640566993	G003546, G004536, G007050, G007609, G010464, G012739, G013041, G014040, G014442, G016499, G017073, G017815, G021069, G021667, G027263, G027314
GO:0110053	BP	p	regulation of actin filament organization	4/2037	90/11561	0.0003969216148978004	8	4	0.018164344585383276	G011720, G011897, G014615, G026145
GO:0016192	BP	p	vesicle-mediated transport	66/2037	545/11561	0.00042575094636757965	4	66	0.019328414477524182	G001289, G001295, G001369, G001544, G001735, G001822, G002104, G002163, G003191, G004212, G004257, G004309, G004495, G004599, G004927, G005634, G006432, G006742, G007233, G007800, G008365, G008551, G009695, G010302, G010460, G010548, G010616, G010914, G011294, G011548, G011897, G012824, G013788, G014040, G014302, G014668, G015818, G015854, G015864, G017268, G017444, G017529, G017572, G017827, G018082, G018430, G019348, G019530, G021693, G022035, G022168, G022175, G022178, G022565, G022592, G022693, G022812, G023184, G023892, G024256, G025782, G026464, G027214, G027883, G028450, G028468
GO:0042592	BP	p	homeostatic process	75/2037	604/11561	0.00043240992732866484	1	75	0.019552821912341808	G000560, G001958, G002052, G002089, G002591, G003574, G003729, G003730, G004212, G004244, G004403, G004927, G005217, G005476, G005487, G006083, G006433, G006506, G006569, G006571, G006607, G006906, G007154, G007155, G008621, G008753, G008878, G009285, G010982, G011294, G011799, G012032, G012176, G012633, G012739, G013041, G013351, G014040, G014442, G014855, G015369, G015603, G015818, G015992, G016499, G016583, G016592, G018397, G018430, G018644, G018956, G019114, G019475, G020406, G020759, G020973, G021069, G021958, G022233, G022550, G022592, G023345, G023782, G025682, G025732, G026207, G026858, G026908, G026949, G027188, G027413, G027575, G027805, G028099, G028397
GO:0006897	BP	p	endocytosis	17/2037	197/11561	0.0004412909277561338	5	17	0.01987553407818634	G001289, G001544, G001822, G004495, G004599, G010616, G010914, G014040, G014668, G018430, G019530, G021693, G022168, G022565, G022592, G023892, G024256
GO:0040012	BP	p	regulation of locomotion	51/2037	442/11561	0.0004430492292887055	3	51	0.019876165227341726	G000956, G000990, G001757, G002126, G002384, G003478, G003822, G004536, G004908, G005634, G005683, G006969, G007282, G007384, G007819, G008025, G008379, G009285, G010274, G011148, G011298, G012032, G012307, G012739, G014040, G015579, G015818, G015945, G016499, G016829, G017480, G017941, G018430, G018931, G019075, G019812, G020442, G021476, G021667, G022035, G023001, G023038, G023345, G023455, G024703, G024930, G026145, G026703, G027197, G027990, G028319
GO:0010959	BP	p	regulation of metal ion transport	11/2037	149/11561	0.0004699075015512337	6	11	0.02020602256670305	G004927, G005487, G011294, G012307, G012635, G012739, G014615, G016908, G023494, G025273, G026949
GO:0032970	BP	p	regulation of actin filament-based process	9/2037	132/11561	0.0004914089430336263	4	9	0.02089404815622452	G001479, G004927, G011720, G011897, G012176, G014615, G016583, G020406, G026145
GO:0008016	BP	p	regulation of heart contraction	4/2037	86/11561	0.0005413307390249916	6	4	0.022561369233969338	G004927, G006004, G011294, G016908
GO:0006026	BP	p	aminoglycan catabolic process	4/2037	87/11561	0.0005549465233310013	5	4	0.022865221861067524	G018301, G023959, G026227, G027379
GO:0030029	BP	p	actin filament-based process	13/2037	164/11561	0.0005845597639797119	2	13	0.0238747616865549	G001369, G002270, G006834, G006843, G006969, G010535, G011298, G011638, G011897, G018302, G018430, G020158, G023870
GO:0006040	BP	p	amino sugar metabolic process	5/2037	96/11561	0.0006256581439554661	4	5	0.024840095404947866	G016397, G018301, G023561, G026227, G027379
GO:0032101	BP	p	regulation of response to external stimulus	41/2037	367/11561	0.0006278146096204463	4	41	0.024840095404947866	G001998, G003546, G003931, G004220, G004322, G004536, G006004, G007050, G007609, G008025, G008045, G009526, G010464, G010506, G012739, G013041, G014040, G014442, G014953, G015600, G016499, G017073, G017815, G018430, G019039, G019548, G020442, G020759, G021069, G021667, G022268, G022286, G023455, G023460, G024143, G025469, G026423, G026703, G026858, G027263, G027314
GO:0098916	BP	p	anterograde trans-synaptic signaling	11/2037	147/11561	0.0006436201775399482	7	11	0.025289834217474858	G004599, G004927, G006834, G007629, G010548, G010914, G011294, G012796, G013095, G019530, G023494
GO:0007268	BP	p	chemical synaptic transmission	11/2037	147/11561	0.0006436201775399482	8	11	0.025289834217474858	G004599, G004927, G006834, G007629, G010548, G010914, G011294, G012796, G013095, G019530, G023494
GO:0007166	BP	p	cell surface receptor signaling pathway	86/2037	669/11561	0.0006642754881042037	5	86	0.025922668448450006	G000682, G000990, G001085, G001289, G001355, G001369, G001553, G001822, G003333, G003350, G003822, G004113, G004283, G004599, G004852, G005084, G005103, G005287, G005476, G005634, G005920, G005995, G006569, G006571, G007178, G007282, G007384, G008249, G008878, G010252, G010535, G011472, G011505, G011720, G011783, G011799, G012499, G012796, G013041, G013355, G013771, G013994, G014682, G015579, G015603, G016020, G016387, G016417, G016421, G016583, G016750, G016977, G017343, G018358, G018430, G019129, G019131, G019148, G019151, G019218, G019530, G019548, G020090, G020159, G020406, G020497, G020865, G021485, G022035, G022175, G022227, G022496, G023290, G023450, G023455, G024930, G025214, G025273, G025564, G025605, G026145, G027263, G027394, G027958, G028310, G028376
GO:0006030	BP	p	chitin metabolic process	3/2037	76/11561	0.0006900891563798321	6	3	0.02665615571846843	G018301, G026227, G027379
GO:0046348	BP	p	amino sugar catabolic process	3/2037	76/11561	0.0006900891563798321	5	3	0.02665615571846843	G018301, G026227, G027379
GO:1901072	BP	p	glucosamine-containing compound catabolic process	3/2037	76/11561	0.0006900891563798321	6	3	0.02665615571846843	G018301, G026227, G027379
GO:0090174	BP	p	organelle membrane fusion	4/2037	83/11561	0.0007790723564304802	6	4	0.029591765005084408	G000832, G010616, G020557, G027413
GO:0001934	BP	p	positive regulation of protein phosphorylation	33/2037	308/11561	0.0008204082113877614	9	33	0.031058310859679535	G001130, G001479, G002089, G004908, G006411, G006768, G006969, G007384, G009983, G010274, G010548, G012059, G013041, G014040, G015579, G015603, G016750, G017062, G017126, G018397, G020075, G020160, G021069, G021313, G021637, G022251, G023038, G023343, G024930, G026145, G026703, G026949, G028462
GO:0030036	BP	p	actin cytoskeleton organization	11/2037	144/11561	0.0008618114285982444	6	11	0.03230375404235854	G001369, G006834, G006843, G006969, G010535, G011638, G011897, G018302, G018430, G020158, G023870
GO:0009583	BP	p	detection of light stimulus	6/2037	102/11561	0.0009292803233749572	5	6	0.03386266232482766	G002340, G006553, G007698, G008320, G011294, G022462
GO:0032956	BP	p	regulation of actin cytoskeleton organization	8/2037	119/11561	0.0009491526092653931	7	8	0.03386266232482766	G001479, G011720, G011897, G012176, G014615, G016583, G020406, G026145
GO:0022603	BP	p	regulation of anatomical structure morphogenesis	41/2037	363/11561	0.0009628348041460431	4	41	0.03386266232482766	G000990, G001757, G001813, G002089, G003914, G004536, G004599, G006004, G007384, G008249, G008471, G010274, G010535, G011783, G012176, G013994, G014040, G015579, G016499, G016977, G018430, G018645, G020370, G020442, G020759, G020769, G021970, G022035, G022119, G022227, G022592, G022867, G023455, G023460, G023698, G023837, G024703, G025568, G025605, G025682, G026703
GO:0006032	BP	p	chitin catabolic process	3/2037	74/11561	0.0010273470820402102	7	3	0.03547460606014605	G018301, G026227, G027379
GO:0007155	BP	p	cell adhesion	47/2037	404/11561	0.0010812769218579957	2	47	0.03711189917039717	G001551, G002431, G002748, G003692, G004536, G004599, G005193, G007384, G008379, G009352, G009355, G009634, G009665, G009734, G010145, G010146, G011476, G011765, G012499, G012500, G012851, G013355, G015579, G015928, G016020, G016499, G018258, G018856, G019530, G020159, G020442, G020865, G020921, G021662, G021902, G022867, G022894, G022913, G023461, G023698, G024071, G024072, G025213, G025538, G027046, G028049, G028862
GO:0034764	BP	p	positive regulation of transmembrane transport	11/2037	141/11561	0.0011566237132778533	6	11	0.039214361583922906	G001085, G004927, G011294, G012176, G012635, G016908, G023494, G023846, G023849, G023850, G026949
GO:0097191	BP	p	extrinsic apoptotic signaling pathway	1/2037	50/11561	0.0012137396315327017	6	1	0.040918825743535905	G028376
GO:1901071	BP	p	glucosamine-containing compound metabolic process	5/2037	90/11561	0.0012177474886124963	5	5	0.04093283962459999	G016397, G018301, G023561, G026227, G027379
GO:0009581	BP	p	detection of external stimulus	14/2037	163/11561	0.0012771509603649502	3	14	0.04280333880399591	G001998, G002340, G004964, G005041, G006553, G006569, G006571, G007698, G008320, G011294, G016241, G018100, G021912, G022462
GO:0003013	BP	p	circulatory system process	8/2037	116/11561	0.0012904904077568498	3	8	0.04312357242342904	G000755, G004927, G005634, G012739, G014682, G018430, G025214, G027188
GO:0009582	BP	p	detection of abiotic stimulus	14/2037	165/11561	0.0012952991345251078	3	14	0.04315770069565381	G001998, G002340, G004964, G005041, G006553, G006569, G006571, G007698, G008320, G011294, G016241, G018100, G021912, G022462
GO:0042742	BP	p	defense response to bacterium	8/2037	117/11561	0.0013260130091348721	6	8	0.04392418092759264	G009631, G013355, G014442, G015602, G017073, G021722, G023024, G027263
GO:0051047	BP	p	positive regulation of secretion	12/2037	148/11561	0.0014866112954582023	6	12	0.048617098207395036	G004927, G008753, G009073, G010765, G012176, G012739, G013355, G013445, G016499, G016583, G020406, G027251
GO:0007165	BP	p	signal transduction	239/2037	1611/11561	0.0015011138153731593	4	239	0.048617098207395036	G000682, G000956, G000990, G001045, G001085, G001130, G001289, G001335, G001355, G001369, G001479, G001553, G001565, G001801, G001813, G001822, G002089, G002126, G002340, G002553, G002610, G003018, G003333, G003350, G003478, G003518, G003730, G003822, G003908, G003931, G004113, G004176, G004283, G004403, G004435, G004599, G004851, G004852, G004927, G005084, G005103, G005287, G005476, G005574, G005634, G005843, G005920, G005979, G005995, G006004, G006264, G006411, G006553, G006569, G006571, G006768, G006843, G006969, G007178, G007266, G007267, G007282, G007384, G007617, G007619, G007800, G007818, G007992, G008215, G008249, G008320, G008379, G008621, G008878, G009397, G009535, G009786, G009893, G009946, G009983, G010200, G010252, G010267, G010464, G010506, G010535, G010548, G010578, G010700, G010765, G010796, G010964, G011120, G011294, G011472, G011505, G011720, G011783, G011799, G011867, G011897, G012059, G012499, G012500, G012635, G012739, G012787, G012796, G012851, G013002, G013038, G013041, G013095, G013194, G013355, G013463, G013771, G013824, G013933, G013994, G014040, G014064, G014095, G014442, G014569, G014615, G014660, G014682, G015579, G015600, G015602, G015603, G015714, G015945, G016020, G016205, G016237, G016258, G016386, G016387, G016417, G016421, G016443, G016583, G016601, G016602, G016750, G016789, G016930, G016977, G017110, G017343, G017709, G017815, G017835, G017941, G018012, G018143, G018272, G018358, G018397, G018398, G018430, G018513, G018657, G019129, G019131, G019148, G019151, G019218, G019530, G019548, G019676, G019688, G019749, G019756, G020090, G020153, G020158, G020159, G020160, G020406, G020497, G020666, G020711, G020865, G021034, G021062, G021298, G021358, G021485, G021628, G021722, G021887, G021940, G022035, G022175, G022227, G022233, G022376, G022459, G022496, G022592, G022693, G023001, G023290, G023343, G023450, G023455, G023703, G023782, G024116, G024203, G024757, G024930, G025214, G025273, G025449, G025564, G025568, G025605, G025923, G026145, G026268, G026423, G026526, G026916, G026949, G026977, G027263, G027314, G027394, G027575, G027738, G027872, G027958, G028310, G028376, G028857
GO:0016477	BP	p	cell migration	44/2037	378/11561	0.0015370589147392394	3	44	0.04947679755212891	G000560, G001045, G001120, G001369, G002748, G004194, G004599, G004964, G005683, G007201, G007384, G008296, G008878, G009470, G010274, G011691, G011720, G013355, G013368, G014040, G014059, G014668, G015579, G015818, G015928, G015945, G016407, G016499, G016583, G017343, G017941, G018430, G019075, G020375, G020406, G020666, G020759, G021693, G022227, G023290, G023455, G023458, G024625, G025431
GO:0140513	CC	e	nuclear protein-containing complex	333/2037	887/11561	3.0970855558314726e-49	2	333	5.280530872692661e-46	G000012, G000217, G000560, G000576, G000577, G000603, G000993, G001068, G001115, G001130, G001200, G001247, G001261, G001371, G001430, G001472, G001642, G001678, G001680, G001871, G002107, G002110, G002270, G002384, G002438, G002459, G002485, G002490, G002502, G002549, G002553, G002591, G003311, G003521, G003700, G003737, G003814, G003822, G003826, G003908, G003942, G003973, G004056, G004132, G004176, G004185, G004259, G004343, G004370, G004435, G004462, G004583, G004848, G004851, G004996, G005127, G005295, G005329, G005477, G005763, G005764, G005765, G005835, G005846, G005941, G005943, G005979, G005981, G006081, G006182, G006260, G006307, G006406, G006438, G006945, G006980, G007050, G007133, G007276, G007410, G007537, G007617, G007619, G007819, G008023, G008146, G008241, G008249, G008403, G008454, G008600, G008685, G008870, G009027, G009173, G009338, G009397, G009401, G009448, G009535, G009546, G009617, G009869, G009894, G009895, G009946, G009991, G010029, G010049, G010131, G010349, G010468, G010493, G010527, G010578, G010677, G010965, G011052, G011197, G011296, G011298, G011332, G011365, G011523, G011595, G011614, G011629, G011630, G011799, G011842, G011847, G011919, G012008, G012016, G012019, G012116, G012146, G012472, G012598, G012787, G012876, G013001, G013032, G013038, G013230, G013598, G013691, G014213, G014269, G014326, G014364, G014646, G014674, G014697, G014710, G014843, G014904, G015600, G015714, G015815, G016040, G016130, G016168, G016205, G016258, G016262, G016282, G016414, G016417, G016421, G016437, G016583, G016643, G016675, G016676, G016680, G016682, G016688, G016789, G016829, G016856, G016930, G016935, G017073, G017098, G017109, G017111, G017314, G017420, G017464, G017480, G017491, G017524, G017527, G017529, G017611, G017621, G017835, G017890, G017983, G018143, G018234, G018290, G018295, G018352, G018363, G018392, G018399, G018420, G018475, G018592, G018656, G018657, G018659, G018726, G018830, G018877, G018891, G018931, G019051, G019114, G019225, G019382, G019432, G019434, G019519, G019554, G019620, G019751, G020090, G020153, G020169, G020175, G020247, G020406, G020501, G020520, G020711, G020917, G020982, G021144, G021197, G021358, G021418, G021462, G021487, G021490, G021520, G021578, G021590, G021841, G022123, G022136, G022137, G022233, G022280, G022282, G022347, G022357, G022459, G022584, G022752, G022797, G022811, G022844, G022929, G023001, G023038, G023196, G023258, G023343, G023345, G023531, G023703, G023819, G023900, G024170, G024256, G024402, G024429, G024464, G024470, G024597, G024781, G024842, G024938, G025013, G025075, G025076, G025228, G025469, G025549, G025688, G025943, G026003, G026050, G026089, G026217, G026259, G026344, G026351, G026426, G026429, G026444, G026450, G026496, G026526, G026624, G026703, G026734, G026758, G026768, G026825, G026858, G026977, G027084, G027188, G027193, G027385, G027633, G027640, G027709, G027765, G027766, G027872, G027913, G027957, G027960, G027989, G027998, G028094, G028151, G028393
GO:0005654	CC	e	nucleoplasm	426/2037	1412/11561	1.8893725386700697e-35	2	426	1.6106900892162345e-32	G000012, G000217, G000576, G000577, G000606, G000993, G001121, G001130, G001200, G001247, G001261, G001355, G001430, G001472, G001479, G001514, G001520, G001544, G001553, G001565, G001678, G001711, G001735, G001757, G001785, G001860, G001871, G001958, G002001, G002008, G002045, G002049, G002110, G002131, G002324, G002339, G002340, G002438, G002459, G002485, G002549, G002552, G002553, G002584, G002591, G002935, G003311, G003313, G003332, G003423, G003549, G003574, G003646, G003730, G003815, G003826, G003931, G003933, G003973, G004013, G004056, G004113, G004132, G004176, G004185, G004194, G004259, G004282, G004343, G004370, G004403, G004435, G004455, G004462, G004727, G004851, G004879, G005003, G005127, G005134, G005156, G005271, G005282, G005329, G005387, G005473, G005514, G005619, G005670, G005744, G005763, G005765, G005920, G005941, G005943, G005979, G006034, G006100, G006130, G006256, G006271, G006274, G006339, G006414, G006415, G006516, G006588, G006607, G006715, G006725, G006730, G006834, G006965, G007002, G007050, G007133, G007159, G007548, G007553, G007619, G007819, G007992, G008023, G008293, G008341, G008600, G008698, G008870, G008971, G008980, G009073, G009249, G009285, G009331, G009397, G009401, G009546, G009549, G009915, G009983, G010029, G010049, G010252, G010265, G010272, G010349, G010493, G010615, G010662, G010677, G010698, G010737, G010794, G010954, G010965, G010982, G011105, G011149, G011197, G011243, G011296, G011298, G011332, G011365, G011447, G011505, G011520, G011609, G011630, G011691, G011847, G011867, G011919, G012016, G012059, G012072, G012116, G012138, G012146, G012449, G012472, G012594, G012633, G012787, G012859, G012879, G012886, G013001, G013016, G013032, G013230, G013265, G013287, G013351, G013443, G013598, G013862, G013926, G014064, G014269, G014326, G014346, G014448, G014569, G014629, G014660, G014664, G014683, G014688, G014703, G014710, G014797, G014855, G014953, G015564, G015600, G015602, G015714, G015815, G015944, G016168, G016205, G016220, G016282, G016358, G016359, G016374, G016414, G016421, G016518, G016579, G016583, G016657, G016675, G016676, G016680, G016682, G016727, G016856, G016930, G016935, G016977, G017027, G017098, G017110, G017126, G017154, G017191, G017314, G017457, G017459, G017464, G017480, G017491, G017571, G017606, G017611, G017621, G017709, G017812, G017835, G017907, G017941, G017972, G018012, G018071, G018143, G018234, G018280, G018295, G018363, G018399, G018421, G018457, G018656, G018657, G018726, G018853, G019051, G019114, G019194, G019398, G019432, G019434, G019506, G019507, G019519, G019551, G019718, G019739, G019756, G019960, G020075, G020089, G020090, G020158, G020160, G020247, G020375, G020406, G020443, G020501, G020520, G020528, G020530, G020634, G020660, G020685, G020702, G020711, G020917, G020982, G021062, G021358, G021487, G021490, G021520, G021637, G021722, G021841, G021919, G021940, G022123, G022137, G022233, G022251, G022282, G022315, G022347, G022357, G022459, G022468, G022533, G022584, G022693, G022727, G022752, G022797, G022845, G023001, G023038, G023164, G023196, G023219, G023273, G023287, G023290, G023343, G023345, G023638, G023658, G023760, G023782, G023819, G023845, G024143, G024429, G024505, G024507, G024597, G024625, G024781, G024840, G024842, G024938, G025013, G025076, G025129, G025184, G025221, G025228, G025352, G025384, G025469, G025549, G025564, G025688, G025691, G025911, G025923, G026003, G026157, G026322, G026323, G026369, G026423, G026426, G026450, G026464, G026526, G026536, G026624, G026638, G026703, G026734, G026754, G026825, G026977, G027084, G027188, G027296, G027350, G027428, G027633, G027709, G027753, G027765, G027872, G027909, G027913, G027960, G027989, G027998, G028034, G028100, G028151, G028274, G028323, G028337, G028376, G028393, G028397, G028531, G028536, G028761, G028875
GO:0032991	CC	e	protein-containing complex	798/2037	3495/11561	2.2622335527520995e-21	1	798	7.714216414884659e-19	G000012, G000217, G000488, G000560, G000576, G000577, G000603, G000956, G000990, G000993, G001037, G001068, G001115, G001130, G001200, G001233, G001247, G001261, G001355, G001362, G001369, G001371, G001394, G001430, G001431, G001472, G001479, G001551, G001565, G001642, G001678, G001680, G001681, G001684, G001685, G001735, G001757, G001766, G001809, G001856, G001860, G001871, G001936, G002001, G002008, G002045, G002089, G002104, G002107, G002110, G002270, G002339, G002340, G002384, G002438, G002439, G002459, G002485, G002490, G002502, G002549, G002552, G002553, G002591, G002614, G002616, G002748, G002935, G003311, G003313, G003332, G003333, G003423, G003478, G003518, G003521, G003544, G003548, G003549, G003574, G003586, G003607, G003608, G003611, G003700, G003737, G003764, G003774, G003814, G003822, G003826, G003908, G003942, G003952, G003973, G003998, G004009, G004026, G004056, G004110, G004114, G004132, G004176, G004185, G004194, G004199, G004209, G004221, G004257, G004259, G004282, G004309, G004343, G004370, G004381, G004435, G004455, G004462, G004583, G004599, G004797, G004848, G004851, G004908, G004926, G004927, G004996, G005041, G005092, G005127, G005146, G005189, G005271, G005282, G005287, G005295, G005329, G005473, G005477, G005485, G005487, G005542, G005556, G005634, G005670, G005722, G005733, G005744, G005763, G005764, G005765, G005835, G005839, G005846, G005860, G005941, G005943, G005979, G005981, G006004, G006081, G006086, G006182, G006199, G006256, G006260, G006271, G006274, G006277, G006307, G006365, G006406, G006411, G006414, G006415, G006432, G006438, G006439, G006553, G006581, G006607, G006617, G006730, G006742, G006768, G006797, G006849, G006853, G006906, G006945, G006965, G006969, G006980, G007050, G007117, G007133, G007178, G007276, G007357, G007384, G007410, G007537, G007548, G007590, G007609, G007617, G007619, G007698, G007819, G007992, G008023, G008039, G008143, G008146, G008241, G008249, G008288, G008296, G008369, G008403, G008415, G008454, G008518, G008576, G008600, G008685, G008698, G008753, G008761, G008845, G008870, G008980, G009027, G009151, G009173, G009285, G009338, G009352, G009355, G009397, G009401, G009412, G009448, G009464, G009514, G009526, G009535, G009546, G009549, G009617, G009682, G009695, G009723, G009852, G009869, G009886, G009894, G009895, G009915, G009916, G009946, G009983, G009991, G010029, G010049, G010063, G010131, G010200, G010240, G010265, G010274, G010349, G010460, G010468, G010493, G010527, G010535, G010548, G010578, G010615, G010616, G010677, G010698, G010700, G010749, G010765, G010891, G010897, G010954, G010956, G010965, G010982, G011052, G011148, G011149, G011181, G011197, G011243, G011281, G011294, G011296, G011298, G011332, G011365, G011387, G011486, G011505, G011523, G011540, G011546, G011548, G011595, G011614, G011629, G011630, G011799, G011842, G011847, G011867, G011897, G011919, G012007, G012008, G012016, G012019, G012072, G012116, G012138, G012146, G012191, G012472, G012589, G012598, G012634, G012696, G012787, G012824, G012859, G012876, G012954, G013001, G013016, G013032, G013038, G013041, G013095, G013159, G013190, G013230, G013263, G013287, G013347, G013450, G013453, G013465, G013545, G013598, G013691, G013846, G013926, G013946, G014002, G014040, G014058, G014059, G014064, G014095, G014213, G014269, G014319, G014326, G014343, G014364, G014442, G014444, G014445, G014523, G014594, G014615, G014629, G014646, G014660, G014664, G014674, G014675, G014682, G014683, G014685, G014692, G014697, G014710, G014732, G014797, G014836, G014842, G014843, G014904, G014953, G015164, G015209, G015231, G015334, G015443, G015510, G015579, G015600, G015602, G015603, G015714, G015815, G015818, G015928, G016020, G016040, G016130, G016168, G016187, G016205, G016258, G016262, G016282, G016347, G016382, G016414, G016417, G016421, G016437, G016443, G016499, G016500, G016518, G016583, G016591, G016606, G016643, G016657, G016675, G016676, G016680, G016682, G016688, G016736, G016750, G016789, G016819, G016821, G016829, G016856, G016908, G016930, G016935, G016969, G017027, G017073, G017098, G017109, G017111, G017191, G017206, G017268, G017314, G017380, G017407, G017420, G017422, G017464, G017480, G017491, G017503, G017524, G017527, G017529, G017606, G017607, G017611, G017621, G017634, G017827, G017835, G017890, G017907, G017972, G017983, G018012, G018082, G018129, G018143, G018169, G018234, G018258, G018290, G018295, G018345, G018352, G018358, G018363, G018364, G018392, G018399, G018420, G018422, G018430, G018475, G018508, G018523, G018592, G018626, G018644, G018656, G018657, G018659, G018701, G018726, G018830, G018877, G018891, G018931, G019039, G019051, G019104, G019114, G019194, G019225, G019275, G019277, G019321, G019382, G019431, G019432, G019434, G019506, G019507, G019519, G019530, G019554, G019620, G019622, G019688, G019718, G019737, G019739, G019751, G019756, G019788, G019839, G019882, G019991, G020002, G020075, G020090, G020095, G020123, G020153, G020158, G020160, G020169, G020175, G020178, G020247, G020285, G020402, G020406, G020423, G020439, G020443, G020484, G020485, G020501, G020520, G020660, G020685, G020711, G020865, G020917, G020919, G020977, G020982, G021040, G021042, G021062, G021069, G021107, G021123, G021144, G021197, G021293, G021298, G021358, G021418, G021435, G021462, G021465, G021487, G021490, G021520, G021578, G021590, G021637, G021702, G021722, G021741, G021839, G021841, G021919, G021940, G021959, G021960, G022007, G022078, G022123, G022136, G022137, G022178, G022227, G022233, G022254, G022268, G022280, G022282, G022296, G022344, G022347, G022357, G022412, G022459, G022462, G022464, G022468, G022533, G022584, G022592, G022693, G022752, G022797, G022810, G022811, G022844, G022929, G022992, G022994, G023001, G023008, G023038, G023164, G023184, G023196, G023219, G023258, G023343, G023345, G023348, G023450, G023494, G023531, G023558, G023638, G023658, G023703, G023760, G023819, G023863, G023892, G023900, G023905, G024111, G024143, G024170, G024214, G024256, G024338, G024402, G024403, G024429, G024464, G024470, G024493, G024505, G024507, G024514, G024597, G024625, G024722, G024781, G024814, G024840, G024842, G024938, G024964, G025013, G025038, G025075, G025076, G025129, G025147, G025214, G025228, G025239, G025368, G025384, G025469, G025538, G025549, G025565, G025605, G025620, G025637, G025642, G025682, G025688, G025721, G025782, G025923, G025943, G026003, G026050, G026089, G026112, G026145, G026157, G026217, G026228, G026259, G026344, G026351, G026369, G026423, G026426, G026427, G026429, G026444, G026450, G026460, G026464, G026496, G026526, G026577, G026624, G026628, G026703, G026734, G026754, G026758, G026764, G026768, G026825, G026858, G026919, G026977, G027046, G027084, G027188, G027193, G027198, G027221, G027263, G027314, G027360, G027385, G027394, G027521, G027633, G027634, G027638, G027640, G027644, G027709, G027726, G027728, G027765, G027766, G027872, G027906, G027909, G027913, G027916, G027957, G027960, G027989, G027998, G028094, G028099, G028100, G028114, G028151, G028194, G028195, G028199, G028274, G028323, G028337, G028393, G028434, G028450, G028466, G028468, G028517, G028573, G028761
GO:1902494	CC	e	catalytic complex	323/2037	1161/11561	9.385978330959967e-20	2	323	2.667182175714457e-17	G000012, G000217, G000488, G000576, G000577, G000603, G000956, G000993, G001037, G001068, G001115, G001200, G001369, G001394, G001431, G001472, G001678, G001680, G001757, G001809, G001871, G002001, G002008, G002045, G002107, G002110, G002270, G002339, G002384, G002439, G002485, G002502, G002549, G002552, G002553, G002591, G002616, G002935, G003311, G003586, G003700, G003774, G003814, G003822, G003826, G004110, G004176, G004257, G004259, G004282, G004435, G004455, G004583, G004996, G005282, G005329, G005670, G005722, G005733, G005744, G005763, G005764, G005835, G005846, G005943, G005979, G006086, G006182, G006256, G006271, G006274, G006406, G006411, G006607, G006742, G006849, G006853, G006965, G006980, G007178, G007276, G007410, G007537, G007548, G007590, G007819, G008039, G008143, G008288, G008403, G008518, G008576, G008685, G008698, G008753, G008870, G009027, G009173, G009338, G009397, G009412, G009448, G009464, G009526, G009535, G009546, G009549, G009617, G009695, G009869, G009915, G009991, G010049, G010131, G010468, G010493, G010615, G010677, G010700, G010891, G010965, G011052, G011148, G011149, G011181, G011197, G011243, G011296, G011332, G011365, G011387, G011486, G011523, G011595, G011614, G011630, G011842, G011847, G011919, G012016, G012472, G012824, G012859, G012876, G013001, G013032, G013230, G013263, G013287, G013450, G013946, G014002, G014064, G014095, G014213, G014319, G014629, G014660, G014685, G014692, G014710, G014732, G014843, G014904, G015443, G016020, G016168, G016187, G016258, G016282, G016347, G016382, G016443, G016606, G016675, G016676, G016680, G016682, G016688, G016789, G016819, G016829, G016930, G016935, G016969, G017073, G017098, G017109, G017111, G017191, G017206, G017407, G017464, G017480, G017491, G017529, G017607, G017611, G017621, G017983, G018012, G018129, G018169, G018234, G018358, G018363, G018399, G018420, G018475, G018523, G018592, G018626, G018659, G018726, G018877, G018931, G019277, G019431, G019432, G019434, G019519, G019554, G019620, G019622, G019739, G019756, G019788, G019839, G019882, G019991, G020002, G020075, G020090, G020123, G020160, G020175, G020247, G020402, G020423, G020484, G020485, G020501, G020520, G020685, G020919, G020982, G021042, G021062, G021107, G021123, G021197, G021293, G021465, G021520, G021839, G021959, G021960, G022136, G022254, G022280, G022282, G022412, G022464, G022468, G022533, G022592, G022797, G022844, G023001, G023038, G023196, G023219, G023258, G023345, G023348, G023558, G023760, G023863, G023900, G024505, G024597, G024722, G024842, G024938, G024964, G025075, G025129, G025147, G025228, G025239, G025469, G025565, G025682, G025923, G026003, G026089, G026112, G026351, G026369, G026423, G026429, G026450, G026703, G026734, G026754, G026764, G027198, G027221, G027263, G027314, G027394, G027633, G027638, G027644, G027709, G027728, G027872, G027906, G027960, G027998, G028099, G028393, G028573
GO:0005634	CC	e	nucleus	728/2037	3197/11561	1.2398144441867996e-18	5	728	3.019833753340705e-16	G000002, G000009, G000012, G000217, G000576, G000577, G000606, G000755, G000843, G000942, G000944, G001060, G001068, G001115, G001121, G001130, G001200, G001215, G001233, G001247, G001261, G001266, G001335, G001355, G001362, G001369, G001394, G001430, G001472, G001479, G001505, G001514, G001520, G001553, G001565, G001650, G001678, G001680, G001681, G001684, G001685, G001711, G001735, G001757, G001766, G001797, G001809, G001855, G001856, G001860, G001871, G001936, G002001, G002008, G002045, G002049, G002110, G002131, G002328, G002339, G002340, G002384, G002438, G002459, G002489, G002502, G002549, G002591, G003018, G003109, G003313, G003381, G003423, G003546, G003548, G003549, G003574, G003607, G003608, G003611, G003646, G003647, G003729, G003737, G003755, G003811, G003814, G003815, G003826, G003908, G003931, G003942, G003952, G003973, G003996, G004009, G004056, G004110, G004113, G004132, G004176, G004185, G004221, G004247, G004259, G004282, G004311, G004343, G004357, G004381, G004403, G004455, G004504, G004582, G004852, G004879, G004908, G004996, G005092, G005127, G005152, G005189, G005217, G005283, G005387, G005473, G005488, G005514, G005540, G005619, G005670, G005832, G005835, G005846, G005860, G005883, G005910, G005943, G005995, G006034, G006100, G006121, G006130, G006172, G006182, G006198, G006271, G006274, G006339, G006356, G006365, G006394, G006414, G006415, G006441, G006447, G006506, G006516, G006581, G006588, G006606, G006715, G006725, G006730, G006768, G006797, G006834, G006917, G006938, G007002, G007050, G007159, G007178, G007193, G007269, G007270, G007276, G007410, G007548, G007617, G007619, G007769, G007806, G007819, G007992, G008023, G008038, G008039, G008143, G008204, G008207, G008241, G008249, G008288, G008341, G008400, G008423, G008454, G008621, G008698, G008740, G008753, G008761, G008870, G008970, G008980, G009020, G009026, G009027, G009249, G009285, G009331, G009332, G009338, G009397, G009401, G009414, G009448, G009464, G009470, G009476, G009480, G009514, G009526, G009535, G009549, G009682, G009786, G009869, G009915, G009946, G009960, G009983, G010027, G010029, G010049, G010063, G010103, G010125, G010265, G010272, G010349, G010468, G010506, G010548, G010578, G010628, G010673, G010677, G010700, G010794, G010897, G010965, G010974, G010989, G011052, G011105, G011120, G011148, G011181, G011227, G011243, G011272, G011296, G011298, G011310, G011313, G011365, G011387, G011408, G011447, G011486, G011505, G011523, G011546, G011630, G011638, G011691, G011842, G011847, G011867, G011873, G012008, G012016, G012019, G012059, G012072, G012116, G012146, G012472, G012568, G012589, G012601, G012617, G012696, G012739, G012787, G012811, G012859, G012876, G012886, G012896, G012962, G013001, G013016, G013038, G013041, G013190, G013191, G013211, G013218, G013230, G013263, G013265, G013287, G013444, G013445, G013447, G013598, G013792, G013926, G013933, G013946, G014002, G014061, G014064, G014095, G014301, G014326, G014343, G014364, G014377, G014412, G014445, G014448, G014523, G014660, G014675, G014683, G014685, G014688, G014710, G014727, G014732, G014797, G014836, G014843, G014855, G014884, G014953, G014975, G015334, G015369, G015510, G015600, G015602, G015603, G015714, G015944, G015945, G016020, G016109, G016130, G016145, G016161, G016168, G016205, G016220, G016237, G016258, G016282, G016347, G016382, G016383, G016386, G016417, G016421, G016437, G016443, G016458, G016498, G016579, G016583, G016606, G016657, G016675, G016676, G016680, G016682, G016688, G016727, G016750, G016803, G016819, G016838, G016930, G016935, G016939, G016969, G017027, G017041, G017062, G017098, G017109, G017110, G017111, G017126, G017154, G017191, G017255, G017422, G017450, G017457, G017464, G017480, G017527, G017529, G017535, G017543, G017545, G017571, G017586, G017606, G017607, G017611, G017621, G017700, G017709, G017780, G017812, G017815, G017835, G017887, G017893, G017907, G017941, G017972, G017983, G018005, G018129, G018143, G018144, G018201, G018234, G018295, G018314, G018349, G018352, G018358, G018397, G018399, G018420, G018462, G018497, G018508, G018654, G018657, G018659, G018726, G018877, G018928, G018931, G019039, G019040, G019051, G019104, G019114, G019194, G019225, G019382, G019431, G019432, G019434, G019506, G019507, G019519, G019551, G019620, G019676, G019688, G019718, G019739, G019751, G019934, G019991, G020075, G020090, G020123, G020153, G020158, G020160, G020169, G020175, G020275, G020370, G020375, G020402, G020406, G020443, G020464, G020501, G020520, G020528, G020530, G020563, G020660, G020685, G020687, G020702, G020711, G020740, G020760, G020765, G020828, G020830, G020973, G020977, G020982, G021040, G021062, G021069, G021149, G021197, G021246, G021298, G021313, G021326, G021358, G021404, G021462, G021490, G021520, G021589, G021590, G021637, G021661, G021672, G021702, G021722, G021841, G021922, G021940, G021947, G021958, G021970, G022058, G022084, G022096, G022119, G022123, G022137, G022175, G022215, G022251, G022280, G022282, G022296, G022300, G022344, G022356, G022363, G022372, G022376, G022459, G022496, G022533, G022550, G022553, G022557, G022580, G022592, G022625, G022633, G022652, G022660, G022670, G022693, G022727, G022752, G022790, G022797, G022801, G022811, G022929, G022992, G022994, G023001, G023008, G023016, G023024, G023038, G023060, G023196, G023219, G023253, G023258, G023273, G023290, G023343, G023348, G023558, G023658, G023694, G023705, G023706, G023782, G023819, G023845, G023846, G023849, G023862, G023918, G024111, G024116, G024143, G024355, G024403, G024464, G024470, G024507, G024647, G024651, G024781, G024814, G024842, G024930, G024933, G025075, G025076, G025129, G025184, G025272, G025368, G025384, G025443, G025469, G025549, G025564, G025568, G025589, G025637, G025642, G025653, G025687, G025688, G025691, G025721, G025732, G025812, G025923, G025955, G026003, G026094, G026157, G026228, G026322, G026323, G026353, G026369, G026423, G026427, G026450, G026460, G026474, G026496, G026503, G026526, G026536, G026628, G026638, G026703, G026734, G026754, G026758, G026768, G026775, G026825, G026858, G026950, G026977, G027009, G027068, G027084, G027188, G027193, G027198, G027314, G027385, G027458, G027521, G027573, G027633, G027640, G027709, G027728, G027765, G027842, G027861, G027872, G027884, G027901, G027906, G027909, G027913, G027916, G027919, G027960, G027989, G027998, G028034, G028100, G028148, G028151, G028194, G028195, G028323, G028324, G028365, G028376, G028393, G028462, G028468, G028559, G028761, G028770, G028857, G028875, G028876
GO:0140535	CC	e	intracellular protein-containing complex	184/2037	603/11561	1.7888522015100654e-15	2	184	3.812491254468327e-13	G000576, G000577, G000993, G001068, G001355, G001369, G001394, G001431, G001479, G001757, G002001, G002008, G002045, G002110, G002485, G002502, G002549, G002552, G002553, G002616, G002935, G003313, G003586, G003700, G003774, G003822, G003826, G003998, G004110, G004114, G004209, G004257, G004282, G004381, G004455, G004583, G005282, G005670, G005744, G005763, G005764, G005835, G005943, G006182, G006199, G006256, G006277, G006406, G006607, G006853, G006969, G007117, G007178, G007276, G007357, G007537, G007548, G007590, G008039, G008143, G008288, G008576, G008685, G008698, G008870, G009448, G009549, G009695, G009915, G009946, G010049, G010063, G010468, G010615, G010700, G010954, G010965, G011148, G011149, G011181, G011197, G011243, G011296, G011365, G011387, G011486, G011595, G011630, G011867, G011919, G012824, G012859, G012876, G013032, G013230, G013287, G013946, G014002, G014213, G014319, G014343, G014442, G014594, G014629, G014660, G014683, G014685, G014732, G014904, G015510, G015600, G015602, G016187, G016443, G016606, G016750, G016789, G016819, G016821, G016969, G017073, G017109, G017191, G017206, G017607, G018012, G018129, G018234, G018345, G018358, G018363, G018659, G019431, G019519, G019554, G019739, G019756, G019839, G019991, G020075, G020158, G020160, G020402, G020685, G020919, G021042, G021435, G021722, G022078, G022268, G022280, G022464, G022468, G022592, G023164, G023196, G023219, G023760, G023900, G024214, G024505, G024597, G024840, G024842, G024964, G025228, G025368, G025565, G025923, G026003, G026369, G026450, G026754, G026764, G027263, G027314, G027521, G027633, G027728, G027906, G027998, G028194, G028393, G028573
GO:0043228	CC	e	non-membrane-bounded organelle	390/2037	1588/11561	5.716948145897174e-14	3	390	8.86126962614062e-12	G000002, G000009, G000012, G000217, G001121, G001130, G001261, G001355, G001362, G001363, G001369, G001394, G001479, G001505, G001560, G001565, G001757, G001855, G001856, G001860, G002169, G002438, G002485, G002502, G002553, G002584, G002591, G003109, G003311, G003313, G003332, G003381, G003389, G003479, G003544, G003608, G003611, G003647, G003730, G003737, G003755, G003815, G003826, G003973, G004093, G004110, G004176, G004199, G004221, G004282, G004309, G004336, G004381, G004385, G004403, G004462, G004504, G004564, G004754, G004797, G004851, G004852, G004996, G005003, G005021, G005084, G005189, G005190, G005193, G005271, G005282, G005283, G005329, G005473, G005514, G005540, G005763, G005764, G005765, G005825, G005835, G005927, G005943, G006100, G006199, G006229, G006260, G006312, G006365, G006394, G006414, G006415, G006581, G006617, G006834, G006906, G006945, G006965, G007050, G007095, G007178, G007205, G007218, G007269, G007277, G007282, G007553, G007590, G007805, G007881, G008006, G008025, G008039, G008146, G008204, G008207, G008296, G008400, G008754, G008878, G008980, G009027, G009201, G009249, G009285, G009401, G009414, G009470, G009514, G009682, G009886, G009894, G009916, G009983, G010027, G010049, G010272, G010468, G010493, G010535, G010673, G010794, G010797, G010914, G010956, G010974, G010982, G010989, G011032, G011100, G011129, G011185, G011227, G011296, G011298, G011365, G011486, G011691, G011783, G011842, G011867, G011897, G012059, G012138, G012176, G012307, G012449, G012472, G012589, G012668, G012696, G012859, G012886, G013016, G013032, G013041, G013082, G013265, G013347, G013443, G013453, G013465, G013598, G013845, G013926, G013933, G014002, G014058, G014059, G014061, G014064, G014269, G014301, G014594, G014615, G014664, G014668, G014683, G014688, G014842, G014914, G014951, G015164, G015209, G015231, G015334, G015510, G015871, G015944, G015945, G016241, G016262, G016374, G016407, G016414, G016436, G016443, G016500, G016657, G016675, G016676, G016682, G016688, G016727, G016750, G016752, G016789, G017062, G017073, G017126, G017206, G017272, G017464, G017634, G017780, G017835, G018129, G018143, G018144, G018280, G018302, G018326, G018352, G018363, G018421, G018422, G018430, G018457, G018475, G018559, G018626, G018644, G018666, G019040, G019194, G019225, G019321, G019348, G019432, G019434, G019519, G019551, G019622, G019688, G019718, G019960, G019991, G020153, G020158, G020247, G020285, G020464, G020515, G020520, G020528, G020530, G020540, G020666, G020687, G020702, G020760, G020919, G020977, G021062, G021166, G021435, G021485, G021591, G021637, G021661, G021672, G021693, G021922, G021940, G022035, G022115, G022136, G022145, G022186, G022208, G022233, G022268, G022282, G022296, G022315, G022356, G022357, G022414, G022459, G022464, G022550, G022580, G022585, G022797, G022812, G022856, G022992, G022994, G023068, G023079, G023149, G023164, G023283, G023287, G023341, G023345, G023638, G023658, G023694, G023782, G023863, G023870, G023905, G023959, G024111, G024116, G024354, G024505, G024507, G024733, G024781, G024842, G024914, G024930, G025038, G025147, G025228, G025384, G025605, G025923, G026012, G026112, G026145, G026293, G026423, G026474, G026496, G026703, G026775, G026883, G026908, G026977, G027198, G027228, G027350, G027489, G027514, G027521, G027574, G027709, G027722, G027731, G027805, G027872, G027909, G027916, G027958, G027960, G027970, G028034, G028199, G028337, G028376, G028397, G028462, G028466, G028560, G028721, G028761, G028770
GO:0043232	CC	e	intracellular non-membrane-bounded organelle	390/2037	1588/11561	5.716948145897174e-14	4	390	8.86126962614062e-12	G000002, G000009, G000012, G000217, G001121, G001130, G001261, G001355, G001362, G001363, G001369, G001394, G001479, G001505, G001560, G001565, G001757, G001855, G001856, G001860, G002169, G002438, G002485, G002502, G002553, G002584, G002591, G003109, G003311, G003313, G003332, G003381, G003389, G003479, G003544, G003608, G003611, G003647, G003730, G003737, G003755, G003815, G003826, G003973, G004093, G004110, G004176, G004199, G004221, G004282, G004309, G004336, G004381, G004385, G004403, G004462, G004504, G004564, G004754, G004797, G004851, G004852, G004996, G005003, G005021, G005084, G005189, G005190, G005193, G005271, G005282, G005283, G005329, G005473, G005514, G005540, G005763, G005764, G005765, G005825, G005835, G005927, G005943, G006100, G006199, G006229, G006260, G006312, G006365, G006394, G006414, G006415, G006581, G006617, G006834, G006906, G006945, G006965, G007050, G007095, G007178, G007205, G007218, G007269, G007277, G007282, G007553, G007590, G007805, G007881, G008006, G008025, G008039, G008146, G008204, G008207, G008296, G008400, G008754, G008878, G008980, G009027, G009201, G009249, G009285, G009401, G009414, G009470, G009514, G009682, G009886, G009894, G009916, G009983, G010027, G010049, G010272, G010468, G010493, G010535, G010673, G010794, G010797, G010914, G010956, G010974, G010982, G010989, G011032, G011100, G011129, G011185, G011227, G011296, G011298, G011365, G011486, G011691, G011783, G011842, G011867, G011897, G012059, G012138, G012176, G012307, G012449, G012472, G012589, G012668, G012696, G012859, G012886, G013016, G013032, G013041, G013082, G013265, G013347, G013443, G013453, G013465, G013598, G013845, G013926, G013933, G014002, G014058, G014059, G014061, G014064, G014269, G014301, G014594, G014615, G014664, G014668, G014683, G014688, G014842, G014914, G014951, G015164, G015209, G015231, G015334, G015510, G015871, G015944, G015945, G016241, G016262, G016374, G016407, G016414, G016436, G016443, G016500, G016657, G016675, G016676, G016682, G016688, G016727, G016750, G016752, G016789, G017062, G017073, G017126, G017206, G017272, G017464, G017634, G017780, G017835, G018129, G018143, G018144, G018280, G018302, G018326, G018352, G018363, G018421, G018422, G018430, G018457, G018475, G018559, G018626, G018644, G018666, G019040, G019194, G019225, G019321, G019348, G019432, G019434, G019519, G019551, G019622, G019688, G019718, G019960, G019991, G020153, G020158, G020247, G020285, G020464, G020515, G020520, G020528, G020530, G020540, G020666, G020687, G020702, G020760, G020919, G020977, G021062, G021166, G021435, G021485, G021591, G021637, G021661, G021672, G021693, G021922, G021940, G022035, G022115, G022136, G022145, G022186, G022208, G022233, G022268, G022282, G022296, G022315, G022356, G022357, G022414, G022459, G022464, G022550, G022580, G022585, G022797, G022812, G022856, G022992, G022994, G023068, G023079, G023149, G023164, G023283, G023287, G023341, G023345, G023638, G023658, G023694, G023782, G023863, G023870, G023905, G023959, G024111, G024116, G024354, G024505, G024507, G024733, G024781, G024842, G024914, G024930, G025038, G025147, G025228, G025384, G025605, G025923, G026012, G026112, G026145, G026293, G026423, G026474, G026496, G026703, G026775, G026883, G026908, G026977, G027198, G027228, G027350, G027489, G027514, G027521, G027574, G027709, G027722, G027731, G027805, G027872, G027909, G027916, G027958, G027960, G027970, G028034, G028199, G028337, G028376, G028397, G028462, G028466, G028560, G028721, G028761, G028770
GO:0005815	CC	e	microtubule organizing center	143/2037	458/11561	4.5410291726874633e-13	2	143	5.955734414947789e-11	G001355, G001369, G001417, G001479, G001565, G001809, G002553, G002584, G002748, G003018, G003313, G003333, G003608, G003611, G003764, G004194, G004199, G004282, G004322, G004381, G004797, G005084, G005634, G006182, G006768, G006906, G007117, G007357, G007800, G008006, G008241, G008293, G008369, G008379, G009414, G009470, G009893, G009916, G009983, G010349, G010548, G010956, G011365, G011847, G011867, G012668, G013001, G013032, G013347, G013443, G013465, G013846, G014002, G014058, G014059, G014594, G014675, G014797, G014947, G015164, G015209, G015818, G015871, G015928, G015944, G015945, G016168, G016374, G016407, G016443, G016583, G016601, G016789, G016803, G016821, G018345, G018387, G018457, G018523, G018626, G018644, G018645, G019225, G019676, G020090, G020178, G020406, G020666, G020701, G021062, G021123, G021313, G021422, G021435, G021485, G021487, G021672, G021741, G021974, G022084, G022177, G022186, G022355, G022356, G022488, G022652, G022727, G022856, G022944, G022992, G022994, G023341, G023638, G023863, G023905, G023959, G024111, G024221, G024354, G024493, G024651, G025228, G025605, G025923, G026376, G026577, G026703, G026734, G026908, G026919, G027198, G027386, G027445, G027552, G027722, G027916, G027998, G028199, G028432, G028466, G028468, G028536, G028761
GO:0000785	CC	e	chromatin	96/2037	281/11561	1.765551408960986e-11	3	96	1.8814157201740507e-09	G001068, G001130, G001261, G001430, G001565, G001860, G003521, G003548, G003549, G003574, G003700, G003814, G005092, G005146, G005329, G005473, G005979, G006182, G006271, G006274, G006730, G006768, G007619, G008403, G008980, G009397, G009983, G009991, G010049, G010493, G010698, G010749, G010982, G011546, G011847, G012138, G012598, G013001, G013016, G014710, G014797, G015600, G015815, G016168, G016437, G016583, G016675, G016676, G016682, G016688, G017422, G017464, G017972, G018290, G019194, G019225, G019432, G019434, G019718, G020247, G020406, G020443, G020520, G021069, G021358, G021520, G021637, G021702, G021940, G022233, G022282, G022693, G022810, G023038, G023196, G023345, G023658, G024143, G024507, G024814, G024938, G025013, G025384, G025637, G025642, G025688, G025721, G026157, G026228, G026423, G026734, G027188, G027633, G028094, G028195, G028274
GO:0005814	CC	e	centriole	47/2037	104/11561	5.966668166236238e-11	5	47	5.98421719025458e-09	G001355, G002169, G002584, G004381, G005003, G006199, G008006, G009414, G009916, G009983, G010956, G014002, G014058, G014061, G014594, G014951, G015164, G015209, G015871, G015945, G016407, G018457, G018644, G020666, G021435, G021485, G021672, G022186, G022356, G022414, G022585, G022856, G022992, G022994, G023068, G023905, G024354, G025605, G025923, G026908, G027198, G027489, G027514, G027722, G027916, G028199, G028560
GO:1990234	CC	e	transferase complex	157/2037	548/11561	8.172243593782854e-11	3	157	7.740930737444315e-09	G000012, G000217, G000576, G000577, G000993, G001037, G001068, G001115, G001369, G001394, G001431, G001809, G002001, G002045, G002110, G002270, G002339, G002485, G002502, G002549, G002553, G002616, G003586, G003700, G003774, G003822, G004110, G004257, G004259, G004435, G004455, G005282, G005670, G005733, G005744, G005835, G005943, G006182, G006256, G006406, G006411, G006607, G006742, G006849, G006853, G006980, G007178, G007276, G007537, G007548, G007590, G008039, G008288, G008403, G008576, G008685, G008753, G008870, G009338, G009448, G009464, G009695, G009915, G010049, G010468, G010700, G010965, G011052, G011181, G011197, G011243, G011296, G011365, G011614, G011630, G011919, G012824, G012859, G012876, G013001, G013230, G013263, G013287, G013946, G014002, G014213, G014319, G014660, G014685, G014843, G016187, G016282, G016382, G016443, G016789, G016819, G017073, G017109, G017191, G017529, G017607, G018012, G018129, G018169, G018358, G018592, G018659, G019432, G019434, G019519, G019554, G019739, G019756, G020002, G020075, G020090, G020160, G020175, G020402, G020484, G020485, G020982, G021042, G021062, G021107, G021293, G021520, G022136, G022254, G022280, G022412, G022464, G022533, G022844, G023038, G023196, G023258, G023760, G023900, G024505, G024597, G024842, G024964, G025129, G025228, G025565, G025923, G026003, G026450, G026754, G027263, G027633, G027728, G027906, G027998, G028393, G028573
GO:0043226	CC	e	organelle	1260/2037	6427/11561	3.092170309884316e-10	2	1260	2.5105477992155994e-08	G000002, G000009, G000012, G000217, G000488, G000560, G000576, G000577, G000606, G000682, G000755, G000832, G000843, G000942, G000944, G000963, G000995, G001037, G001060, G001068, G001115, G001121, G001130, G001200, G001215, G001233, G001247, G001261, G001263, G001266, G001295, G001335, G001354, G001355, G001362, G001363, G001369, G001394, G001430, G001472, G001479, G001505, G001514, G001520, G001544, G001553, G001560, G001565, G001650, G001678, G001680, G001681, G001684, G001685, G001711, G001735, G001757, G001766, G001797, G001809, G001813, G001814, G001855, G001856, G001860, G001871, G001936, G001958, G001998, G002001, G002008, G002045, G002049, G002089, G002110, G002131, G002163, G002169, G002229, G002232, G002328, G002339, G002340, G002384, G002431, G002438, G002439, G002459, G002485, G002489, G002493, G002502, G002549, G002553, G002584, G002591, G003016, G003018, G003109, G003191, G003311, G003313, G003332, G003350, G003381, G003389, G003417, G003423, G003449, G003479, G003543, G003544, G003546, G003548, G003549, G003550, G003574, G003607, G003608, G003611, G003646, G003647, G003697, G003729, G003730, G003737, G003755, G003764, G003811, G003814, G003815, G003826, G003908, G003931, G003933, G003942, G003952, G003973, G003995, G003996, G004009, G004013, G004032, G004043, G004056, G004093, G004110, G004113, G004132, G004133, G004176, G004177, G004185, G004186, G004190, G004199, G004203, G004221, G004247, G004257, G004259, G004273, G004282, G004309, G004311, G004336, G004343, G004357, G004381, G004385, G004403, G004455, G004462, G004504, G004564, G004582, G004599, G004713, G004727, G004754, G004757, G004797, G004851, G004852, G004879, G004908, G004927, G004996, G005003, G005021, G005084, G005092, G005103, G005127, G005146, G005152, G005189, G005190, G005193, G005217, G005271, G005282, G005283, G005329, G005387, G005473, G005476, G005487, G005488, G005514, G005540, G005541, G005556, G005619, G005634, G005651, G005670, G005683, G005692, G005740, G005763, G005764, G005765, G005825, G005832, G005835, G005839, G005846, G005860, G005883, G005910, G005927, G005943, G005995, G006000, G006004, G006034, G006046, G006047, G006086, G006100, G006121, G006130, G006172, G006182, G006198, G006199, G006229, G006256, G006260, G006271, G006274, G006277, G006290, G006312, G006323, G006334, G006339, G006356, G006365, G006394, G006414, G006415, G006432, G006441, G006447, G006503, G006506, G006516, G006581, G006588, G006606, G006617, G006654, G006672, G006679, G006715, G006725, G006730, G006768, G006797, G006834, G006849, G006904, G006906, G006917, G006934, G006938, G006945, G006965, G007002, G007050, G007051, G007095, G007154, G007155, G007159, G007178, G007193, G007205, G007218, G007233, G007269, G007270, G007276, G007277, G007282, G007384, G007410, G007548, G007553, G007554, G007590, G007617, G007619, G007769, G007800, G007805, G007806, G007819, G007846, G007881, G007992, G008006, G008023, G008025, G008038, G008039, G008043, G008045, G008143, G008145, G008146, G008204, G008207, G008215, G008241, G008249, G008288, G008296, G008341, G008365, G008379, G008400, G008423, G008454, G008483, G008518, G008551, G008621, G008698, G008705, G008740, G008753, G008754, G008758, G008761, G008870, G008878, G008970, G008971, G008980, G009020, G009026, G009027, G009163, G009201, G009249, G009285, G009331, G009332, G009338, G009397, G009401, G009414, G009448, G009464, G009470, G009476, G009480, G009486, G009514, G009526, G009535, G009549, G009634, G009682, G009695, G009734, G009786, G009869, G009886, G009893, G009894, G009915, G009916, G009946, G009960, G009983, G010027, G010029, G010049, G010063, G010103, G010105, G010125, G010145, G010146, G010265, G010272, G010302, G010349, G010460, G010464, G010468, G010493, G010506, G010535, G010548, G010578, G010616, G010628, G010673, G010677, G010700, G010769, G010794, G010797, G010799, G010891, G010897, G010914, G010956, G010965, G010974, G010982, G010989, G011032, G011052, G011097, G011100, G011105, G011120, G011129, G011148, G011181, G011185, G011227, G011243, G011272, G011281, G011292, G011296, G011298, G011310, G011313, G011365, G011387, G011408, G011447, G011486, G011505, G011513, G011523, G011546, G011595, G011609, G011629, G011630, G011638, G011691, G011720, G011783, G011842, G011847, G011867, G011873, G011897, G012008, G012016, G012019, G012032, G012059, G012066, G012072, G012116, G012138, G012139, G012146, G012176, G012293, G012307, G012449, G012472, G012500, G012568, G012589, G012601, G012617, G012620, G012633, G012634, G012668, G012696, G012739, G012787, G012796, G012811, G012824, G012851, G012859, G012876, G012886, G012896, G012925, G012926, G012962, G012969, G012970, G013001, G013016, G013032, G013038, G013041, G013082, G013190, G013191, G013194, G013211, G013218, G013230, G013263, G013265, G013287, G013347, G013355, G013443, G013444, G013445, G013447, G013453, G013465, G013474, G013527, G013593, G013598, G013771, G013788, G013792, G013819, G013824, G013845, G013846, G013926, G013933, G013946, G014002, G014040, G014058, G014059, G014061, G014064, G014095, G014159, G014269, G014301, G014302, G014326, G014343, G014346, G014364, G014377, G014412, G014415, G014445, G014448, G014523, G014594, G014615, G014660, G014664, G014668, G014675, G014683, G014685, G014688, G014703, G014710, G014727, G014732, G014797, G014836, G014842, G014843, G014855, G014883, G014884, G014914, G014951, G014953, G014963, G014975, G015164, G015209, G015231, G015301, G015334, G015369, G015507, G015510, G015579, G015600, G015602, G015603, G015714, G015730, G015814, G015818, G015821, G015854, G015864, G015871, G015944, G015945, G015992, G016017, G016020, G016109, G016130, G016145, G016161, G016168, G016205, G016220, G016237, G016241, G016258, G016262, G016282, G016347, G016358, G016359, G016374, G016382, G016383, G016386, G016407, G016414, G016417, G016421, G016436, G016437, G016443, G016458, G016498, G016499, G016500, G016522, G016579, G016583, G016606, G016657, G016675, G016676, G016680, G016682, G016688, G016707, G016710, G016723, G016727, G016750, G016752, G016764, G016789, G016803, G016819, G016838, G016930, G016935, G016939, G016944, G016969, G016977, G017027, G017041, G017062, G017073, G017098, G017109, G017110, G017111, G017126, G017154, G017191, G017206, G017255, G017272, G017343, G017406, G017407, G017422, G017438, G017444, G017450, G017457, G017459, G017464, G017480, G017527, G017529, G017535, G017543, G017545, G017571, G017572, G017586, G017606, G017607, G017611, G017621, G017634, G017700, G017709, G017780, G017812, G017815, G017827, G017835, G017887, G017893, G017895, G017907, G017941, G017972, G017983, G018005, G018082, G018129, G018142, G018143, G018144, G018169, G018201, G018234, G018280, G018295, G018302, G018314, G018326, G018345, G018349, G018350, G018352, G018358, G018363, G018395, G018397, G018399, G018420, G018421, G018422, G018430, G018457, G018462, G018475, G018497, G018508, G018514, G018523, G018528, G018559, G018592, G018626, G018644, G018645, G018654, G018657, G018659, G018666, G018719, G018726, G018877, G018892, G018901, G018928, G018931, G019039, G019040, G019044, G019051, G019104, G019114, G019194, G019225, G019275, G019277, G019321, G019348, G019382, G019398, G019431, G019432, G019434, G019457, G019463, G019475, G019506, G019507, G019519, G019530, G019551, G019620, G019622, G019676, G019688, G019718, G019739, G019751, G019812, G019882, G019934, G019936, G019960, G019961, G019989, G019991, G020075, G020089, G020090, G020117, G020123, G020153, G020158, G020159, G020160, G020169, G020175, G020212, G020247, G020275, G020285, G020370, G020375, G020402, G020406, G020443, G020464, G020469, G020485, G020497, G020501, G020505, G020515, G020520, G020528, G020530, G020540, G020563, G020634, G020660, G020666, G020685, G020687, G020701, G020702, G020708, G020711, G020714, G020740, G020741, G020760, G020765, G020828, G020830, G020919, G020973, G020977, G020982, G021040, G021062, G021069, G021107, G021123, G021144, G021149, G021166, G021197, G021246, G021298, G021313, G021326, G021358, G021404, G021435, G021454, G021462, G021465, G021485, G021486, G021487, G021490, G021512, G021520, G021589, G021590, G021591, G021611, G021637, G021661, G021667, G021672, G021693, G021702, G021722, G021841, G021849, G021887, G021902, G021922, G021926, G021940, G021947, G021958, G021970, G022019, G022035, G022051, G022058, G022084, G022096, G022115, G022119, G022123, G022136, G022137, G022145, G022168, G022175, G022178, G022186, G022208, G022215, G022227, G022233, G022240, G022251, G022254, G022257, G022268, G022280, G022282, G022296, G022300, G022301, G022315, G022344, G022347, G022356, G022357, G022360, G022363, G022372, G022376, G022412, G022414, G022459, G022464, G022468, G022496, G022533, G022550, G022553, G022557, G022565, G022573, G022580, G022585, G022592, G022625, G022633, G022652, G022660, G022670, G022693, G022727, G022747, G022752, G022790, G022797, G022801, G022811, G022812, G022829, G022856, G022867, G022913, G022929, G022990, G022992, G022994, G023001, G023008, G023016, G023024, G023038, G023060, G023068, G023079, G023138, G023149, G023164, G023196, G023219, G023253, G023258, G023273, G023283, G023287, G023290, G023341, G023343, G023345, G023348, G023450, G023461, G023478, G023480, G023491, G023520, G023558, G023561, G023609, G023622, G023638, G023640, G023658, G023694, G023705, G023706, G023782, G023819, G023845, G023846, G023849, G023862, G023863, G023864, G023870, G023905, G023918, G023942, G023959, G024074, G024111, G024116, G024143, G024144, G024354, G024355, G024403, G024464, G024470, G024493, G024505, G024507, G024597, G024625, G024647, G024651, G024703, G024733, G024771, G024781, G024814, G024842, G024907, G024914, G024930, G024933, G024984, G025038, G025075, G025076, G025129, G025147, G025184, G025213, G025221, G025228, G025272, G025273, G025368, G025384, G025385, G025431, G025443, G025449, G025469, G025549, G025564, G025568, G025589, G025605, G025620, G025637, G025642, G025653, G025682, G025687, G025688, G025691, G025721, G025732, G025782, G025812, G025923, G025955, G026003, G026012, G026065, G026094, G026112, G026145, G026157, G026228, G026268, G026293, G026322, G026323, G026353, G026369, G026419, G026423, G026427, G026450, G026460, G026464, G026474, G026496, G026503, G026526, G026536, G026546, G026577, G026628, G026638, G026692, G026703, G026734, G026739, G026748, G026754, G026758, G026768, G026775, G026825, G026858, G026883, G026908, G026950, G026977, G027009, G027068, G027071, G027084, G027188, G027192, G027193, G027197, G027198, G027220, G027221, G027228, G027314, G027350, G027360, G027385, G027386, G027394, G027400, G027413, G027428, G027451, G027458, G027489, G027514, G027521, G027552, G027573, G027574, G027575, G027633, G027634, G027640, G027709, G027722, G027728, G027731, G027736, G027738, G027741, G027748, G027753, G027765, G027805, G027842, G027861, G027872, G027883, G027884, G027901, G027906, G027909, G027913, G027916, G027919, G027958, G027960, G027970, G027989, G027990, G027998, G028034, G028049, G028099, G028100, G028148, G028151, G028194, G028195, G028199, G028201, G028319, G028323, G028324, G028337, G028365, G028376, G028393, G028397, G028432, G028458, G028462, G028466, G028468, G028497, G028517, G028536, G028559, G028560, G028561, G028721, G028761, G028763, G028770, G028857, G028875, G028876, G028896
GO:0005681	CC	e	spliceosomal complex	62/2037	164/11561	6.489309207194574e-10	3	62	5.029214635575795e-08	G000603, G001642, G001680, G001871, G003942, G004185, G004343, G004370, G005295, G005846, G005981, G007410, G008023, G008146, G009027, G009535, G009546, G009869, G010029, G010349, G010677, G011523, G011629, G012016, G013598, G014326, G014364, G014646, G014697, G016258, G016643, G016680, G017098, G017111, G017491, G017611, G017983, G018420, G018726, G018877, G018891, G019620, G019751, G020153, G020169, G020520, G021462, G022459, G023258, G024429, G024781, G025469, G025688, G026089, G026526, G026624, G026758, G026825, G027084, G027385, G027957, G027960
GO:0043229	CC	e	intracellular organelle	1193/2037	6056/11561	7.086768369732051e-10	3	1193	5.034558362663811e-08	G000002, G000009, G000012, G000217, G000488, G000560, G000576, G000577, G000606, G000755, G000832, G000843, G000942, G000944, G000963, G000995, G001037, G001060, G001068, G001115, G001121, G001130, G001200, G001215, G001233, G001247, G001261, G001263, G001266, G001295, G001335, G001354, G001355, G001362, G001363, G001369, G001394, G001430, G001472, G001479, G001505, G001514, G001520, G001544, G001553, G001560, G001565, G001650, G001678, G001680, G001681, G001684, G001685, G001711, G001735, G001757, G001766, G001797, G001809, G001813, G001814, G001855, G001856, G001860, G001871, G001936, G001958, G001998, G002001, G002008, G002045, G002049, G002089, G002110, G002131, G002163, G002169, G002229, G002232, G002328, G002339, G002340, G002384, G002438, G002439, G002459, G002485, G002489, G002502, G002549, G002553, G002584, G002591, G003016, G003018, G003109, G003191, G003311, G003313, G003332, G003381, G003389, G003423, G003479, G003543, G003544, G003546, G003548, G003549, G003550, G003574, G003607, G003608, G003611, G003646, G003647, G003729, G003730, G003737, G003755, G003764, G003811, G003814, G003815, G003826, G003908, G003931, G003933, G003942, G003952, G003973, G003995, G003996, G004009, G004032, G004043, G004056, G004093, G004110, G004113, G004132, G004176, G004177, G004185, G004190, G004199, G004203, G004221, G004247, G004257, G004259, G004273, G004282, G004309, G004311, G004336, G004343, G004357, G004381, G004385, G004403, G004455, G004462, G004504, G004564, G004582, G004599, G004713, G004754, G004757, G004797, G004851, G004852, G004879, G004908, G004996, G005003, G005021, G005084, G005092, G005103, G005127, G005146, G005152, G005189, G005190, G005193, G005217, G005271, G005282, G005283, G005329, G005387, G005473, G005476, G005487, G005488, G005514, G005540, G005541, G005556, G005619, G005651, G005670, G005683, G005692, G005740, G005763, G005764, G005765, G005825, G005832, G005835, G005839, G005846, G005860, G005883, G005910, G005927, G005943, G005995, G006000, G006004, G006034, G006086, G006100, G006121, G006130, G006172, G006182, G006198, G006199, G006229, G006256, G006260, G006271, G006274, G006277, G006290, G006312, G006334, G006339, G006356, G006365, G006394, G006414, G006415, G006432, G006441, G006447, G006503, G006506, G006516, G006581, G006588, G006606, G006617, G006654, G006715, G006725, G006730, G006768, G006797, G006834, G006849, G006904, G006906, G006917, G006934, G006938, G006945, G006965, G007002, G007050, G007095, G007154, G007155, G007159, G007178, G007193, G007205, G007218, G007233, G007269, G007270, G007276, G007277, G007282, G007384, G007410, G007548, G007553, G007554, G007590, G007617, G007619, G007769, G007800, G007805, G007806, G007819, G007846, G007881, G007992, G008006, G008023, G008025, G008038, G008039, G008043, G008143, G008145, G008146, G008204, G008207, G008215, G008241, G008249, G008288, G008296, G008341, G008365, G008400, G008423, G008454, G008483, G008518, G008551, G008621, G008698, G008740, G008753, G008754, G008758, G008761, G008870, G008878, G008970, G008971, G008980, G009020, G009026, G009027, G009163, G009201, G009249, G009285, G009331, G009332, G009338, G009397, G009401, G009414, G009448, G009464, G009470, G009476, G009480, G009514, G009526, G009535, G009549, G009682, G009695, G009786, G009869, G009886, G009893, G009894, G009915, G009916, G009946, G009960, G009983, G010027, G010029, G010049, G010063, G010103, G010105, G010125, G010265, G010272, G010302, G010349, G010460, G010464, G010468, G010493, G010506, G010535, G010548, G010578, G010616, G010628, G010673, G010677, G010700, G010769, G010794, G010797, G010799, G010897, G010914, G010956, G010965, G010974, G010982, G010989, G011032, G011052, G011097, G011100, G011105, G011120, G011129, G011148, G011181, G011185, G011227, G011243, G011272, G011292, G011296, G011298, G011310, G011313, G011365, G011387, G011408, G011447, G011486, G011505, G011513, G011523, G011546, G011595, G011609, G011629, G011630, G011638, G011691, G011720, G011783, G011842, G011847, G011867, G011873, G011897, G012008, G012016, G012019, G012032, G012059, G012066, G012072, G012116, G012138, G012146, G012176, G012293, G012307, G012449, G012472, G012568, G012589, G012601, G012617, G012633, G012634, G012668, G012696, G012739, G012787, G012811, G012824, G012859, G012876, G012886, G012896, G012925, G012926, G012962, G012969, G012970, G013001, G013016, G013032, G013038, G013041, G013082, G013190, G013191, G013194, G013211, G013218, G013230, G013263, G013265, G013287, G013347, G013355, G013443, G013444, G013445, G013447, G013453, G013465, G013474, G013527, G013593, G013598, G013788, G013792, G013819, G013824, G013845, G013926, G013933, G013946, G014002, G014040, G014058, G014059, G014061, G014064, G014095, G014159, G014269, G014301, G014302, G014326, G014343, G014346, G014364, G014377, G014412, G014445, G014448, G014523, G014594, G014615, G014660, G014664, G014668, G014675, G014683, G014685, G014688, G014703, G014710, G014727, G014732, G014797, G014836, G014842, G014843, G014855, G014883, G014884, G014914, G014951, G014953, G014963, G014975, G015164, G015209, G015231, G015301, G015334, G015369, G015507, G015510, G015579, G015600, G015602, G015603, G015714, G015730, G015814, G015821, G015854, G015864, G015871, G015944, G015945, G015992, G016017, G016020, G016109, G016130, G016145, G016161, G016168, G016205, G016220, G016237, G016241, G016258, G016262, G016282, G016347, G016358, G016359, G016374, G016382, G016383, G016386, G016407, G016414, G016417, G016421, G016436, G016437, G016443, G016458, G016498, G016499, G016500, G016522, G016579, G016583, G016606, G016657, G016675, G016676, G016680, G016682, G016688, G016710, G016727, G016750, G016752, G016764, G016789, G016803, G016819, G016838, G016930, G016935, G016939, G016944, G016969, G016977, G017027, G017041, G017062, G017073, G017098, G017109, G017110, G017111, G017126, G017154, G017191, G017206, G017255, G017272, G017343, G017406, G017407, G017422, G017438, G017444, G017450, G017457, G017459, G017464, G017480, G017527, G017529, G017535, G017543, G017545, G017571, G017572, G017586, G017606, G017607, G017611, G017621, G017634, G017700, G017709, G017780, G017812, G017815, G017827, G017835, G017887, G017893, G017895, G017907, G017941, G017972, G017983, G018005, G018082, G018129, G018142, G018143, G018144, G018169, G018201, G018234, G018280, G018295, G018302, G018314, G018326, G018345, G018349, G018350, G018352, G018358, G018363, G018395, G018397, G018399, G018420, G018421, G018422, G018430, G018457, G018462, G018475, G018497, G018508, G018514, G018528, G018559, G018592, G018626, G018644, G018645, G018654, G018657, G018659, G018666, G018719, G018726, G018877, G018892, G018901, G018928, G018931, G019039, G019040, G019051, G019104, G019114, G019194, G019225, G019275, G019277, G019321, G019348, G019382, G019398, G019431, G019432, G019434, G019457, G019463, G019475, G019506, G019507, G019519, G019530, G019551, G019620, G019622, G019676, G019688, G019718, G019739, G019751, G019882, G019934, G019936, G019960, G019961, G019989, G019991, G020075, G020089, G020090, G020117, G020123, G020153, G020158, G020160, G020169, G020175, G020212, G020247, G020275, G020285, G020370, G020375, G020402, G020406, G020443, G020464, G020469, G020485, G020497, G020501, G020505, G020515, G020520, G020528, G020530, G020540, G020563, G020634, G020660, G020666, G020685, G020687, G020702, G020708, G020711, G020714, G020740, G020741, G020760, G020765, G020828, G020830, G020919, G020973, G020977, G020982, G021040, G021062, G021069, G021107, G021144, G021149, G021166, G021197, G021246, G021298, G021313, G021326, G021358, G021404, G021435, G021454, G021462, G021465, G021485, G021486, G021487, G021490, G021512, G021520, G021589, G021590, G021591, G021611, G021637, G021661, G021667, G021672, G021693, G021702, G021722, G021841, G021849, G021887, G021922, G021926, G021940, G021947, G021958, G021970, G022019, G022035, G022051, G022058, G022084, G022096, G022115, G022119, G022123, G022136, G022137, G022145, G022168, G022175, G022178, G022186, G022208, G022215, G022227, G022233, G022240, G022251, G022254, G022257, G022268, G022280, G022282, G022296, G022300, G022301, G022315, G022344, G022347, G022356, G022357, G022360, G022363, G022372, G022376, G022412, G022414, G022459, G022464, G022496, G022533, G022550, G022553, G022557, G022565, G022580, G022585, G022592, G022625, G022633, G022652, G022660, G022670, G022693, G022727, G022747, G022752, G022790, G022797, G022801, G022811, G022812, G022829, G022856, G022867, G022929, G022990, G022992, G022994, G023001, G023008, G023016, G023024, G023038, G023060, G023068, G023079, G023138, G023149, G023164, G023196, G023219, G023253, G023258, G023273, G023283, G023287, G023290, G023341, G023343, G023345, G023348, G023478, G023480, G023520, G023558, G023561, G023609, G023622, G023638, G023640, G023658, G023694, G023705, G023706, G023782, G023819, G023845, G023846, G023849, G023862, G023863, G023864, G023870, G023905, G023918, G023942, G023959, G024074, G024111, G024116, G024143, G024354, G024355, G024403, G024464, G024470, G024493, G024505, G024507, G024597, G024625, G024647, G024651, G024703, G024733, G024771, G024781, G024814, G024842, G024907, G024914, G024930, G024933, G024984, G025038, G025075, G025076, G025129, G025147, G025184, G025221, G025228, G025272, G025273, G025368, G025384, G025385, G025443, G025449, G025469, G025549, G025564, G025568, G025589, G025605, G025620, G025637, G025642, G025653, G025682, G025687, G025688, G025691, G025721, G025732, G025782, G025812, G025923, G025955, G026003, G026012, G026065, G026094, G026112, G026145, G026157, G026228, G026293, G026322, G026323, G026353, G026369, G026419, G026423, G026427, G026450, G026460, G026464, G026474, G026496, G026503, G026526, G026536, G026546, G026628, G026638, G026692, G026703, G026734, G026739, G026748, G026754, G026758, G026768, G026775, G026825, G026858, G026883, G026908, G026950, G026977, G027009, G027068, G027071, G027084, G027188, G027193, G027198, G027220, G027228, G027314, G027350, G027360, G027385, G027386, G027394, G027400, G027413, G027428, G027451, G027458, G027489, G027514, G027521, G027552, G027573, G027574, G027575, G027633, G027634, G027640, G027709, G027722, G027728, G027731, G027736, G027738, G027741, G027753, G027765, G027805, G027842, G027861, G027872, G027883, G027884, G027901, G027906, G027909, G027913, G027916, G027919, G027958, G027960, G027970, G027989, G027998, G028034, G028099, G028100, G028148, G028151, G028194, G028195, G028199, G028201, G028323, G028324, G028337, G028365, G028376, G028393, G028397, G028458, G028462, G028466, G028468, G028497, G028517, G028559, G028560, G028561, G028721, G028761, G028763, G028770, G028857, G028875, G028876, G028896
GO:0005813	CC	e	centrosome	101/2037	325/11561	2.068689569165696e-09	3	101	1.35658296747212e-07	G001355, G001369, G001417, G001565, G001809, G002553, G002584, G003018, G003313, G003333, G003764, G004194, G004199, G004322, G004381, G004797, G005084, G008006, G008241, G008293, G008369, G009414, G009470, G009893, G009916, G009983, G010349, G010548, G010956, G011365, G011847, G011867, G012668, G013001, G013032, G013347, G013443, G013465, G013846, G014002, G014058, G014059, G014594, G014675, G014797, G015164, G015209, G015818, G015871, G015944, G016168, G016407, G016443, G016583, G016601, G016803, G016821, G018345, G018387, G018457, G018626, G018644, G019676, G020090, G020178, G020406, G020666, G021062, G021313, G021435, G021487, G021672, G022084, G022186, G022356, G022488, G022652, G022727, G022856, G022992, G022994, G023638, G023863, G023905, G023959, G024354, G024493, G025228, G025605, G026703, G026919, G027198, G027386, G027445, G027722, G027916, G027998, G028199, G028466, G028536, G028761
GO:0098687	CC	e	chromosomal region	48/2037	117/11561	2.2500430105044625e-09	2	48	1.4208604936704107e-07	G001130, G001261, G001856, G001860, G002339, G004455, G004848, G005092, G006182, G006271, G006274, G007282, G009173, G009526, G009617, G010662, G010966, G011847, G011867, G012138, G012787, G013001, G013263, G014064, G015507, G016436, G016819, G017062, G017607, G017835, G018295, G019051, G019225, G019432, G019434, G019718, G020443, G021062, G021358, G021637, G021940, G023038, G024938, G025637, G025642, G025817, G027009, G028034
GO:0000118	CC	e	histone deacetylase complex	27/2037	50/11561	6.029700431214151e-09	3	27	3.316335237167783e-07	G002384, G002591, G007819, G009338, G009397, G011332, G011842, G011847, G012472, G013230, G016829, G016930, G016935, G017480, G018399, G018659, G018931, G019432, G019434, G020501, G021197, G023001, G023038, G024938, G026351, G026703, G026734
GO:0000776	CC	e	kinetochore	38/2037	86/11561	8.765831364504573e-09	5	38	4.529012871660696e-07	G003608, G003611, G003973, G004199, G004797, G004851, G009514, G009894, G009983, G010049, G010493, G011867, G012138, G013465, G013933, G014059, G014064, G015334, G016262, G016789, G017062, G017835, G019225, G019432, G019434, G019519, G020247, G020977, G021637, G022115, G022296, G022357, G023283, G023345, G023638, G027198, G027872, G028466
GO:0005667	CC	e	transcription regulator complex	65/2037	187/11561	1.6318139762520267e-08	2	65	8.18306714561678e-07	G001247, G001371, G002340, G002591, G003423, G003737, G003908, G003973, G004435, G005271, G005835, G006274, G006307, G007050, G008249, G008454, G008870, G009285, G009338, G010527, G011052, G011332, G011505, G011799, G011847, G011919, G013190, G016040, G016130, G016417, G016421, G016583, G016930, G016935, G017027, G017420, G017606, G017621, G018399, G019432, G019434, G020175, G020406, G020501, G021062, G021418, G021490, G021520, G021919, G022752, G023001, G023038, G023196, G023343, G023703, G024403, G024938, G025076, G026444, G026450, G026460, G027188, G027633, G028274, G028323
GO:0000123	CC	e	histone acetyltransferase complex	31/2037	65/11561	2.2723338171263576e-08	6	31	1.1069511880572687e-06	G001394, G003700, G004110, G005282, G005670, G005835, G006256, G008039, G008288, G008870, G010049, G011181, G011296, G011919, G012876, G013230, G016819, G018129, G018659, G019519, G019554, G019739, G020402, G022280, G023196, G023760, G024505, G024597, G026450, G026754, G027633
GO:0070603	CC	e	SWI/SNF superfamily-type complex	30/2037	62/11561	2.515186644098928e-08	4	30	1.19122034116352e-06	G001200, G002107, G003700, G003814, G003826, G004176, G005979, G009338, G009991, G010049, G010131, G010493, G011296, G011847, G013230, G014710, G016168, G016688, G016935, G017621, G018475, G018659, G020247, G022282, G022797, G023038, G023345, G024938, G026351, G026429
GO:0005829	CC	e	cytosol	473/2037	2173/11561	3.641395097151304e-08	2	473	1.6023535643270312e-06	G000002, G000009, G000606, G000942, G000944, G001037, G001085, G001121, G001233, G001247, G001266, G001295, G001417, G001479, G001544, G001553, G001565, G001757, G001822, G001856, G001860, G001958, G002001, G002008, G002045, G002052, G002089, G002110, G002169, G002229, G002232, G002457, G002459, G002553, G002584, G003191, G003311, G003313, G003423, G003478, G003608, G003611, G003755, G003764, G003774, G003812, G003826, G003914, G003930, G003931, G003933, G004009, G004013, G004066, G004113, G004133, G004194, G004199, G004257, G004322, G004336, G004370, G004381, G004462, G004727, G004797, G004908, G004996, G005003, G005103, G005146, G005156, G005193, G005271, G005282, G005283, G005329, G005471, G005476, G005487, G005488, G005540, G005542, G005634, G005927, G005995, G006100, G006130, G006217, G006307, G006356, G006365, G006394, G006411, G006432, G006506, G006516, G006607, G006654, G006672, G006797, G006834, G006843, G006904, G006917, G006934, G006980, G007002, G007007, G007155, G007159, G007178, G007282, G007548, G007554, G007609, G007619, G007800, G007806, G007992, G008023, G008145, G008207, G008621, G008698, G008705, G008740, G008753, G008870, G008878, G009073, G009151, G009249, G009401, G009412, G009470, G009549, G009893, G009895, G009915, G009946, G009961, G009975, G009983, G009993, G010063, G010460, G010548, G010616, G010673, G010737, G010794, G010891, G010897, G010914, G010954, G010965, G010974, G010995, G011148, G011149, G011243, G011332, G011381, G011447, G011472, G011486, G011520, G011538, G011595, G011638, G011668, G011720, G011867, G011897, G012059, G012176, G012186, G012191, G012307, G012594, G012633, G012668, G012824, G012859, G012970, G013016, G013032, G013038, G013041, G013230, G013287, G013355, G013443, G013453, G013465, G013545, G013598, G013788, G013862, G013926, G013994, G014040, G014058, G014326, G014346, G014442, G014445, G014448, G014569, G014615, G014629, G014660, G014685, G014703, G014836, G014855, G014883, G014953, G015231, G015443, G015564, G015600, G015602, G015603, G015714, G015944, G015945, G016017, G016168, G016220, G016262, G016374, G016383, G016518, G016579, G016583, G016624, G016655, G016675, G016676, G016682, G016723, G016727, G016746, G016752, G016789, G016803, G016864, G016930, G016935, G016977, G017032, G017062, G017098, G017111, G017126, G017191, G017268, G017272, G017454, G017459, G017464, G017480, G017495, G017571, G017572, G017586, G017607, G017799, G017815, G017827, G017835, G017895, G017941, G017972, G018012, G018071, G018082, G018142, G018227, G018234, G018326, G018345, G018348, G018349, G018364, G018397, G018420, G018422, G018430, G018457, G018491, G018559, G018592, G018644, G018645, G018719, G018853, G018931, G018989, G019039, G019040, G019044, G019194, G019348, G019688, G019751, G019756, G019788, G019960, G019970, G020075, G020089, G020090, G020149, G020158, G020160, G020406, G020464, G020497, G020501, G020660, G020666, G020687, G020744, G020759, G020760, G020828, G020919, G020973, G020977, G021062, G021069, G021077, G021166, G021302, G021327, G021422, G021435, G021465, G021486, G021589, G021590, G021637, G021693, G021722, G021785, G021838, G021887, G021951, G021958, G022084, G022119, G022137, G022145, G022178, G022233, G022251, G022254, G022344, G022356, G022360, G022372, G022412, G022464, G022468, G022533, G022553, G022565, G022573, G022592, G022625, G022633, G022652, G022660, G022727, G022768, G022812, G022992, G022994, G023016, G023164, G023184, G023253, G023290, G023348, G023478, G023494, G023819, G023837, G023870, G023891, G023894, G023918, G023959, G024063, G024074, G024111, G024143, G024214, G024493, G024505, G024771, G024781, G024840, G024930, G025013, G025076, G025129, G025221, G025228, G025273, G025352, G025431, G025449, G025469, G025547, G025564, G025620, G025682, G025812, G026145, G026259, G026268, G026369, G026423, G026426, G026427, G026464, G026474, G026496, G026526, G026588, G026628, G026638, G026692, G026703, G026748, G026754, G026764, G026919, G026949, G026977, G027068, G027084, G027214, G027263, G027296, G027314, G027428, G027458, G027552, G027633, G027709, G027753, G027805, G027906, G027916, G027968, G027998, G028100, G028199, G028393, G028397, G028450, G028468, G028531, G028536, G028559, G028626, G028721, G028876
GO:0016604	CC	e	nuclear body	115/2037	403/11561	3.665207566495848e-08	2	115	1.6023535643270312e-06	G000603, G000606, G001130, G001355, G001362, G001479, G001678, G001735, G001856, G001860, G001958, G002049, G002384, G002459, G003549, G003646, G003973, G004056, G004257, G004282, G004322, G004343, G004848, G005215, G005514, G005835, G005941, G006034, G006198, G006588, G007050, G007410, G008341, G009464, G009535, G009546, G009786, G009915, G010265, G010677, G010794, G011523, G011629, G012016, G012072, G012138, G012411, G012824, G013001, G013038, G013287, G013443, G013453, G013545, G014061, G014064, G014301, G014646, G014697, G014797, G015744, G016220, G016378, G016856, G017191, G017234, G017709, G017815, G017907, G017983, G018295, G018877, G018891, G018931, G019040, G019051, G019620, G019718, G020153, G020169, G020464, G020501, G021062, G021069, G021358, G021462, G021637, G021940, G021958, G022123, G022268, G022459, G022533, G022811, G023196, G023819, G024938, G025013, G025184, G025221, G025469, G025568, G025923, G026322, G026423, G026536, G026638, G026734, G026768, G026825, G027385, G027552, G028100, G028114, G028875
GO:0036064	CC	e	ciliary basal body	49/2037	130/11561	4.3192192889863534e-08	3	49	1.8410672219304331e-06	G001355, G002748, G003333, G004381, G005634, G008006, G008379, G009916, G010956, G011867, G013443, G013846, G014594, G014675, G014947, G015164, G015209, G015818, G015871, G015928, G015945, G016374, G016407, G016803, G016821, G018523, G018644, G018645, G020178, G020666, G020701, G021422, G021485, G021741, G022177, G022186, G022356, G022856, G022994, G025605, G025923, G026577, G026703, G026908, G027386, G027722, G027916, G028432, G028536
GO:0099080	CC	e	supramolecular complex	142/2037	536/11561	1.488624372905753e-07	2	142	5.5176185995745845e-06	G001362, G001369, G001417, G001505, G001757, G002584, G003313, G003608, G003611, G003764, G003973, G004194, G004199, G004282, G004381, G004797, G004851, G004908, G004964, G005003, G005021, G005189, G005835, G006365, G006414, G006415, G006617, G007282, G007553, G007805, G007881, G008006, G008025, G008296, G008471, G008878, G009027, G009151, G009514, G009682, G009894, G009983, G010049, G010349, G010493, G010673, G010891, G010974, G011486, G011540, G011867, G012007, G012138, G013347, G013465, G013598, G013845, G013933, G014059, G014064, G014301, G014415, G014594, G014683, G014883, G014914, G015334, G015510, G016262, G016422, G016624, G016686, G016707, G016727, G016750, G016789, G016803, G016935, G017032, G017062, G017073, G017272, G017450, G017835, G018345, G018422, G018626, G019040, G019194, G019225, G019432, G019434, G019519, G019622, G019688, G019991, G020095, G020158, G020247, G020666, G020687, G020701, G020977, G021123, G021637, G021921, G021959, G021960, G022035, G022115, G022268, G022296, G022357, G022797, G023164, G023283, G023341, G023345, G023638, G023837, G024221, G024493, G024733, G024781, G025384, G026293, G026496, G026703, G026919, G027198, G027220, G027228, G027445, G027521, G027872, G027909, G027958, G028432, G028462, G028466, G028536, G028721
GO:0032993	CC	e	protein-DNA complex	120/2037	435/11561	1.6245605240049622e-07	2	120	5.770574361309293e-06	G001068, G001130, G001261, G001430, G001565, G001681, G001684, G001685, G001766, G001860, G001936, G002110, G003521, G003548, G003549, G003574, G003607, G003700, G003814, G003973, G005092, G005146, G005329, G005473, G005764, G005979, G006182, G006271, G006274, G006307, G006730, G006768, G007619, G008241, G008403, G008761, G008980, G009397, G009983, G009991, G010049, G010493, G010698, G010749, G010982, G011546, G011847, G012138, G012589, G012598, G013001, G013016, G013230, G014710, G014797, G015600, G015815, G016168, G016437, G016583, G016675, G016676, G016682, G016688, G017027, G017422, G017464, G017524, G017972, G018290, G018656, G019051, G019104, G019194, G019225, G019432, G019434, G019718, G019739, G020175, G020247, G020406, G020443, G020520, G021069, G021358, G021520, G021637, G021702, G021940, G022233, G022282, G022693, G022810, G023038, G023196, G023345, G023658, G024143, G024507, G024814, G024938, G025013, G025384, G025637, G025642, G025688, G025721, G026157, G026228, G026423, G026450, G026734, G027188, G027633, G027765, G027909, G028094, G028195, G028274
GO:0036038	CC	e	MKS complex	11/2037	13/11561	2.730293523305936e-07	2	11	9.310300914473241e-06	G003333, G008369, G009852, G018644, G018701, G020178, G020285, G022992, G022994, G025605, G027916
GO:0070461	CC	e	SAGA-type complex	17/2037	28/11561	4.2620768056563585e-07	7	17	1.3974694141623252e-05	G001394, G003700, G004110, G005282, G005670, G005835, G008039, G008870, G011919, G012876, G018129, G019554, G020402, G022280, G024597, G026450, G027633
GO:0016607	CC	e	nuclear speck	66/2037	207/11561	4.608533639914011e-07	3	66	1.455101825195072e-05	G000603, G001355, G001362, G001735, G001856, G002384, G003549, G004056, G004322, G004343, G004848, G005215, G005835, G007050, G007410, G008341, G009464, G009535, G009546, G010677, G010794, G011523, G011629, G012016, G012072, G012411, G013287, G014061, G014301, G014646, G014697, G015744, G017191, G017234, G017815, G017907, G017983, G018877, G018891, G019040, G019620, G020153, G020169, G020501, G021462, G021958, G022268, G022459, G022533, G024938, G025013, G025184, G025221, G025469, G025568, G025923, G026322, G026638, G026734, G026768, G026825, G027385, G027552, G028100, G028114, G028875
GO:0031248	CC	e	protein acetyltransferase complex	31/2037	73/11561	5.971722978112447e-07	5	31	1.8181763710145933e-05	G001394, G003700, G004110, G005282, G005670, G005835, G006256, G008039, G008288, G008870, G010049, G011181, G011296, G011919, G012876, G013230, G016819, G018129, G018659, G019519, G019554, G019739, G020402, G022280, G023196, G023760, G024505, G024597, G026450, G026754, G027633
GO:1902493	CC	e	acetyltransferase complex	31/2037	73/11561	5.971722978112447e-07	4	31	1.8181763710145933e-05	G001394, G003700, G004110, G005282, G005670, G005835, G006256, G008039, G008288, G008870, G010049, G011181, G011296, G011919, G012876, G013230, G016819, G018129, G018659, G019519, G019554, G019739, G020402, G022280, G023196, G023760, G024505, G024597, G026450, G026754, G027633
GO:0005694	CC	e	chromosome	64/2037	200/11561	7.415029404126892e-07	5	64	2.1941305311196123e-05	G001130, G001565, G001855, G001856, G001860, G003109, G003647, G003737, G003973, G004504, G005514, G005825, G005943, G006945, G007050, G008400, G008878, G008980, G010468, G010982, G011691, G011842, G012472, G012696, G013016, G014269, G014664, G016436, G016443, G016688, G016727, G017062, G017780, G017835, G018143, G018144, G018363, G018421, G018475, G019718, G020153, G020515, G020528, G020530, G020540, G020760, G021062, G021166, G021591, G021922, G021940, G022136, G022282, G022459, G023658, G023694, G024111, G024116, G024507, G026423, G026883, G027574, G027909, G028034
GO:0000922	CC	e	spindle pole	37/2037	94/11561	7.463904446037392e-07	2	37	2.1941305311196123e-05	G001369, G001417, G001860, G002553, G003764, G004194, G004381, G004797, G006365, G006768, G008006, G009414, G009983, G011867, G012007, G012059, G013347, G013443, G013465, G014594, G016727, G017450, G017835, G021298, G021578, G021672, G022459, G022856, G022944, G024493, G024733, G025923, G026919, G027198, G027220, G027445, G028761
GO:0008023	CC	e	transcription elongation factor complex	18/2037	33/11561	1.7429085468477692e-06	3	18	4.7929985038313654e-05	G000560, G002459, G003737, G004132, G004176, G004583, G008600, G016282, G016414, G018352, G018392, G020917, G023819, G025013, G026217, G027193, G027766, G027913
GO:0000781	CC	e	chromosome, telomeric region	32/2037	80/11561	2.1192217756734936e-06	3	32	5.735354170671915e-05	G001130, G001261, G002339, G004455, G004848, G006182, G006271, G006274, G009173, G009617, G010966, G011847, G012787, G013001, G013263, G014064, G016436, G017607, G018295, G019051, G019225, G019432, G019434, G019718, G020443, G021062, G021358, G021940, G023038, G024938, G025817, G028034
GO:0005737	CC	e	cytoplasm	625/2037	3061/11561	2.887423098534479e-06	2	625	7.459176337880737e-05	G000002, G000009, G000461, G000587, G000606, G000755, G000832, G000942, G000944, G000956, G000993, G001068, G001085, G001130, G001247, G001266, G001355, G001362, G001363, G001369, G001430, G001479, G001505, G001514, G001553, G001565, G001735, G001757, G001809, G001813, G001822, G001831, G002045, G002049, G002054, G002126, G002229, G002328, G002339, G002394, G002431, G002493, G002502, G002539, G002748, G003018, G003191, G003333, G003381, G003389, G003396, G003423, G003478, G003479, G003549, G003562, G003574, G003608, G003611, G003646, G003692, G003755, G003764, G003815, G003822, G003826, G003908, G003996, G004056, G004066, G004093, G004110, G004114, G004132, G004133, G004177, G004257, G004273, G004282, G004455, G004583, G004797, G004852, G004927, G004964, G004996, G005003, G005021, G005084, G005103, G005146, G005190, G005193, G005217, G005287, G005473, G005476, G005485, G005487, G005518, G005540, G005846, G005947, G005981, G005995, G006034, G006046, G006072, G006081, G006100, G006172, G006182, G006190, G006229, G006277, G006312, G006356, G006394, G006411, G006581, G006607, G006617, G006672, G006715, G006725, G006730, G006768, G006834, G006906, G006917, G007002, G007007, G007159, G007201, G007205, G007236, G007269, G007548, G007758, G007805, G007806, G007992, G008025, G008143, G008204, G008215, G008296, G008320, G008379, G008403, G008436, G008471, G008551, G008621, G008705, G008740, G008752, G008903, G009163, G009173, G009201, G009249, G009331, G009397, G009401, G009414, G009464, G009466, G009470, G009514, G009526, G009549, G009617, G009634, G009665, G009682, G009734, G009786, G009915, G009946, G009949, G009960, G009961, G009975, G009983, G010145, G010146, G010200, G010265, G010267, G010272, G010375, G010468, G010535, G010548, G010628, G010698, G010700, G010797, G010954, G010956, G010989, G010995, G011105, G011129, G011148, G011243, G011296, G011298, G011313, G011365, G011387, G011408, G011447, G011538, G011540, G011629, G011668, G011720, G011765, G011783, G011799, G011842, G011847, G011867, G011897, G012007, G012008, G012032, G012059, G012176, G012307, G012411, G012594, G012601, G012617, G012739, G012824, G012896, G013016, G013038, G013041, G013191, G013218, G013230, G013279, G013287, G013347, G013351, G013368, G013433, G013443, G013445, G013447, G013450, G013465, G013545, G013598, G013845, G013926, G013933, G013994, G014002, G014003, G014040, G014059, G014064, G014343, G014363, G014364, G014442, G014445, G014448, G014449, G014569, G014594, G014615, G014660, G014668, G014683, G014685, G014697, G014710, G014727, G014752, G014855, G014883, G014914, G014947, G014951, G014963, G015234, G015334, G015369, G015461, G015516, G015600, G015602, G015714, G015744, G015871, G015928, G015944, G016020, G016109, G016168, G016237, G016241, G016347, G016358, G016359, G016378, G016382, G016383, G016407, G016417, G016422, G016443, G016458, G016499, G016561, G016583, G016592, G016601, G016606, G016624, G016643, G016675, G016676, G016682, G016686, G016727, G016789, G016821, G016871, G016935, G016969, G016977, G017041, G017110, G017126, G017154, G017191, G017272, G017420, G017450, G017464, G017535, G017543, G017571, G017597, G017606, G017607, G017621, G017700, G017780, G017812, G017815, G017835, G017907, G017941, G017972, G018005, G018012, G018066, G018071, G018144, G018234, G018280, G018302, G018314, G018326, G018345, G018349, G018361, G018387, G018397, G018420, G018422, G018430, G018457, G018491, G018508, G018513, G018559, G018592, G018626, G018644, G018645, G018657, G018660, G018726, G018830, G018892, G018901, G018928, G018956, G019039, G019040, G019051, G019194, G019225, G019321, G019431, G019506, G019551, G019622, G019676, G019688, G019718, G019739, G019749, G019812, G020075, G020090, G020117, G020160, G020169, G020178, G020223, G020275, G020285, G020360, G020370, G020375, G020406, G020423, G020464, G020497, G020501, G020543, G020559, G020634, G020660, G020685, G020687, G020701, G020740, G020744, G020828, G020973, G020982, G021034, G021042, G021062, G021069, G021123, G021166, G021197, G021313, G021422, G021485, G021486, G021487, G021527, G021541, G021578, G021589, G021590, G021672, G021693, G021702, G021722, G021741, G021921, G021947, G021958, G021970, G022007, G022035, G022040, G022084, G022119, G022123, G022145, G022175, G022177, G022178, G022186, G022208, G022300, G022347, G022355, G022363, G022398, G022414, G022459, G022468, G022488, G022533, G022550, G022565, G022584, G022585, G022625, G022652, G022660, G022670, G022727, G022752, G022790, G022811, G022812, G022845, G022856, G022913, G022944, G022945, G022994, G023008, G023024, G023038, G023068, G023070, G023079, G023164, G023196, G023219, G023253, G023273, G023290, G023383, G023638, G023706, G023846, G023849, G023862, G023894, G023905, G023918, G023925, G024071, G024072, G024111, G024144, G024221, G024354, G024507, G024625, G024651, G024663, G024703, G024733, G024771, G024781, G024866, G025075, G025129, G025144, G025221, G025228, G025273, G025352, G025384, G025431, G025469, G025490, G025605, G025687, G025688, G025691, G025955, G026094, G026145, G026268, G026293, G026369, G026376, G026397, G026426, G026450, G026474, G026496, G026577, G026588, G026703, G026734, G026754, G026764, G026768, G026775, G026858, G026908, G026949, G026977, G027063, G027068, G027188, G027196, G027198, G027220, G027228, G027314, G027360, G027394, G027445, G027458, G027489, G027514, G027644, G027707, G027722, G027731, G027842, G027861, G027872, G027884, G027901, G027916, G027998, G028034, G028049, G028126, G028194, G028195, G028199, G028365, G028432, G028462, G028468, G028470, G028536, G028560, G028626, G028761
GO:0005819	CC	e	spindle	45/2037	130/11561	3.838797865025474e-06	5	45	9.625221117453578e-05	G001369, G001394, G001479, G002502, G002553, G002584, G002591, G003313, G003381, G003815, G004110, G004199, G005021, G005282, G006365, G006414, G006415, G008039, G009983, G010956, G010989, G011365, G011867, G012059, G013347, G013443, G013933, G014059, G016727, G016789, G017062, G017835, G018129, G019321, G020158, G021637, G023959, G024733, G024930, G025228, G026293, G027228, G027872, G028462, G028761
GO:0090575	CC	e	RNA polymerase II transcription regulator complex	37/2037	101/11561	4.615244138684357e-06	3	37	0.00011241416080652613	G001247, G001371, G003908, G003973, G004435, G005835, G006307, G007050, G008249, G008454, G008870, G010527, G011052, G011799, G011847, G011919, G016040, G016130, G016417, G016421, G016583, G017420, G020175, G020406, G021418, G021490, G021520, G022752, G023001, G023196, G023343, G023703, G025076, G026444, G026450, G027188, G027633
GO:0005684	CC	e	U2-type spliceosomal complex	32/2037	82/11561	5.856712157452602e-06	4	32	0.00013679033189666694	G001680, G001871, G003942, G004343, G007410, G009027, G009535, G009546, G010029, G010349, G010677, G011523, G012016, G013598, G014364, G014646, G016258, G016680, G017098, G017611, G017983, G018420, G018877, G019620, G021462, G022459, G024781, G026089, G026526, G026758, G026825, G027960
GO:0043227	CC	e	membrane-bounded organelle	1111/2037	5782/11561	6.998181133304497e-06	3	1111	0.0001612418761119482	G000002, G000009, G000012, G000217, G000488, G000560, G000576, G000577, G000606, G000755, G000832, G000843, G000942, G000944, G000963, G000995, G001037, G001060, G001068, G001115, G001121, G001130, G001200, G001215, G001233, G001247, G001261, G001263, G001266, G001295, G001335, G001354, G001355, G001362, G001363, G001369, G001394, G001430, G001472, G001479, G001505, G001514, G001520, G001544, G001553, G001565, G001650, G001678, G001680, G001681, G001684, G001685, G001711, G001735, G001757, G001766, G001797, G001809, G001813, G001814, G001855, G001856, G001860, G001871, G001936, G001958, G001998, G002001, G002008, G002045, G002049, G002089, G002110, G002131, G002163, G002229, G002232, G002328, G002339, G002340, G002384, G002431, G002438, G002439, G002459, G002489, G002493, G002502, G002549, G002591, G003016, G003018, G003109, G003191, G003313, G003381, G003389, G003417, G003423, G003449, G003479, G003543, G003546, G003548, G003549, G003550, G003574, G003607, G003608, G003611, G003646, G003647, G003697, G003729, G003737, G003755, G003764, G003811, G003814, G003815, G003826, G003908, G003931, G003933, G003942, G003952, G003973, G003995, G003996, G004009, G004013, G004032, G004043, G004056, G004110, G004113, G004132, G004133, G004176, G004177, G004185, G004186, G004190, G004203, G004221, G004247, G004257, G004259, G004273, G004282, G004311, G004343, G004357, G004381, G004403, G004455, G004504, G004582, G004599, G004713, G004727, G004757, G004852, G004879, G004908, G004996, G005003, G005084, G005092, G005103, G005127, G005146, G005152, G005189, G005217, G005283, G005387, G005473, G005476, G005487, G005488, G005514, G005540, G005541, G005556, G005619, G005634, G005651, G005670, G005683, G005692, G005740, G005832, G005835, G005839, G005846, G005860, G005883, G005910, G005927, G005943, G005995, G006000, G006004, G006034, G006046, G006047, G006086, G006100, G006121, G006130, G006172, G006182, G006198, G006199, G006256, G006271, G006274, G006277, G006290, G006312, G006323, G006334, G006339, G006356, G006365, G006394, G006414, G006415, G006432, G006441, G006447, G006503, G006506, G006516, G006581, G006588, G006606, G006654, G006672, G006679, G006715, G006725, G006730, G006768, G006797, G006834, G006849, G006904, G006906, G006917, G006934, G006938, G007002, G007050, G007051, G007154, G007155, G007159, G007178, G007193, G007233, G007269, G007270, G007276, G007384, G007410, G007548, G007553, G007554, G007617, G007619, G007769, G007800, G007806, G007819, G007846, G007992, G008006, G008023, G008038, G008039, G008043, G008045, G008143, G008145, G008204, G008207, G008215, G008241, G008249, G008288, G008341, G008365, G008400, G008423, G008454, G008483, G008518, G008551, G008621, G008698, G008705, G008740, G008753, G008754, G008758, G008761, G008870, G008878, G008970, G008971, G008980, G009020, G009026, G009027, G009163, G009201, G009249, G009285, G009331, G009332, G009338, G009397, G009401, G009414, G009448, G009464, G009470, G009476, G009480, G009486, G009514, G009526, G009535, G009549, G009634, G009682, G009695, G009734, G009786, G009869, G009886, G009893, G009915, G009916, G009946, G009960, G009983, G010027, G010029, G010049, G010063, G010103, G010105, G010125, G010145, G010146, G010265, G010272, G010302, G010349, G010460, G010464, G010468, G010506, G010548, G010578, G010616, G010628, G010673, G010677, G010700, G010769, G010794, G010799, G010891, G010897, G010914, G010965, G010974, G010989, G011032, G011052, G011097, G011105, G011120, G011148, G011181, G011185, G011227, G011243, G011272, G011281, G011292, G011296, G011298, G011310, G011313, G011365, G011387, G011408, G011447, G011486, G011505, G011513, G011523, G011546, G011595, G011609, G011629, G011630, G011638, G011691, G011720, G011842, G011847, G011867, G011873, G011897, G012008, G012016, G012019, G012032, G012059, G012066, G012072, G012116, G012139, G012146, G012176, G012293, G012472, G012500, G012568, G012589, G012601, G012617, G012620, G012633, G012634, G012668, G012696, G012739, G012787, G012811, G012824, G012851, G012859, G012876, G012886, G012896, G012925, G012926, G012962, G012969, G012970, G013001, G013016, G013038, G013041, G013190, G013191, G013194, G013211, G013218, G013230, G013263, G013265, G013287, G013355, G013443, G013444, G013445, G013447, G013474, G013527, G013593, G013598, G013788, G013792, G013819, G013824, G013846, G013926, G013933, G013946, G014002, G014040, G014058, G014061, G014064, G014095, G014159, G014301, G014302, G014326, G014343, G014346, G014364, G014377, G014412, G014415, G014445, G014448, G014523, G014615, G014660, G014664, G014675, G014683, G014685, G014688, G014703, G014710, G014727, G014732, G014797, G014836, G014843, G014855, G014883, G014884, G014953, G014963, G014975, G015164, G015209, G015231, G015301, G015334, G015369, G015507, G015510, G015579, G015600, G015602, G015603, G015714, G015730, G015814, G015818, G015821, G015854, G015864, G015944, G015945, G015992, G016017, G016020, G016109, G016130, G016145, G016161, G016168, G016205, G016220, G016237, G016241, G016258, G016282, G016347, G016358, G016359, G016374, G016382, G016383, G016386, G016407, G016417, G016421, G016437, G016443, G016458, G016498, G016499, G016522, G016579, G016583, G016606, G016657, G016675, G016676, G016680, G016682, G016688, G016707, G016710, G016723, G016727, G016750, G016752, G016764, G016803, G016819, G016838, G016930, G016935, G016939, G016944, G016969, G016977, G017027, G017041, G017062, G017098, G017109, G017110, G017111, G017126, G017154, G017191, G017255, G017272, G017343, G017406, G017407, G017422, G017438, G017444, G017450, G017457, G017459, G017464, G017480, G017527, G017529, G017535, G017543, G017545, G017571, G017572, G017586, G017606, G017607, G017611, G017621, G017700, G017709, G017780, G017812, G017815, G017827, G017835, G017887, G017893, G017895, G017907, G017941, G017972, G017983, G018005, G018082, G018129, G018142, G018143, G018144, G018169, G018201, G018234, G018295, G018314, G018326, G018345, G018349, G018350, G018352, G018358, G018395, G018397, G018399, G018420, G018422, G018457, G018462, G018497, G018508, G018514, G018523, G018528, G018559, G018592, G018626, G018645, G018654, G018657, G018659, G018719, G018726, G018877, G018892, G018901, G018928, G018931, G019039, G019040, G019044, G019051, G019104, G019114, G019194, G019225, G019275, G019277, G019321, G019348, G019382, G019398, G019431, G019432, G019434, G019457, G019463, G019475, G019506, G019507, G019519, G019530, G019551, G019620, G019676, G019688, G019718, G019739, G019751, G019812, G019882, G019934, G019936, G019961, G019989, G019991, G020075, G020089, G020090, G020117, G020123, G020153, G020158, G020160, G020169, G020175, G020212, G020275, G020370, G020375, G020402, G020406, G020443, G020464, G020469, G020485, G020497, G020501, G020505, G020520, G020528, G020530, G020563, G020634, G020660, G020666, G020685, G020687, G020701, G020702, G020708, G020711, G020714, G020740, G020741, G020760, G020765, G020828, G020830, G020973, G020977, G020982, G021040, G021062, G021069, G021107, G021123, G021144, G021149, G021197, G021246, G021298, G021313, G021326, G021358, G021404, G021454, G021462, G021465, G021485, G021486, G021487, G021490, G021512, G021520, G021589, G021590, G021611, G021637, G021661, G021667, G021672, G021693, G021702, G021722, G021841, G021849, G021887, G021902, G021922, G021926, G021940, G021947, G021958, G021970, G022019, G022035, G022051, G022058, G022084, G022096, G022119, G022123, G022137, G022168, G022175, G022178, G022215, G022227, G022240, G022251, G022254, G022257, G022280, G022282, G022296, G022300, G022301, G022344, G022347, G022356, G022360, G022363, G022372, G022376, G022412, G022459, G022464, G022468, G022496, G022533, G022550, G022553, G022557, G022565, G022573, G022580, G022585, G022592, G022625, G022633, G022652, G022660, G022670, G022693, G022727, G022747, G022752, G022790, G022797, G022801, G022811, G022812, G022829, G022867, G022913, G022929, G022990, G022992, G022994, G023001, G023008, G023016, G023024, G023038, G023060, G023138, G023149, G023196, G023219, G023253, G023258, G023273, G023290, G023341, G023343, G023348, G023450, G023461, G023478, G023480, G023491, G023520, G023558, G023561, G023609, G023622, G023640, G023658, G023694, G023705, G023706, G023782, G023819, G023845, G023846, G023849, G023862, G023864, G023918, G023942, G024074, G024111, G024116, G024143, G024144, G024355, G024403, G024464, G024470, G024493, G024507, G024597, G024625, G024647, G024651, G024703, G024771, G024781, G024814, G024842, G024907, G024930, G024933, G024984, G025075, G025076, G025129, G025147, G025184, G025213, G025221, G025272, G025368, G025384, G025385, G025431, G025443, G025449, G025469, G025549, G025564, G025568, G025589, G025605, G025620, G025637, G025642, G025653, G025682, G025687, G025688, G025691, G025721, G025732, G025782, G025812, G025923, G025955, G026003, G026012, G026065, G026094, G026112, G026157, G026228, G026268, G026322, G026323, G026353, G026369, G026419, G026423, G026427, G026450, G026460, G026464, G026474, G026496, G026503, G026526, G026536, G026546, G026577, G026628, G026638, G026692, G026703, G026734, G026739, G026748, G026754, G026758, G026768, G026775, G026825, G026858, G026950, G026977, G027009, G027068, G027071, G027084, G027188, G027192, G027193, G027197, G027198, G027220, G027221, G027314, G027350, G027360, G027385, G027386, G027394, G027400, G027413, G027428, G027451, G027458, G027521, G027552, G027573, G027575, G027633, G027634, G027640, G027709, G027728, G027736, G027738, G027741, G027748, G027753, G027765, G027842, G027861, G027872, G027883, G027884, G027901, G027906, G027909, G027913, G027916, G027919, G027960, G027989, G027990, G027998, G028034, G028049, G028099, G028100, G028148, G028151, G028194, G028195, G028201, G028319, G028323, G028324, G028337, G028365, G028376, G028393, G028397, G028432, G028458, G028462, G028466, G028468, G028497, G028517, G028536, G028559, G028561, G028761, G028763, G028770, G028857, G028875, G028876, G028896
GO:0071011	CC	e	precatalytic spliceosome	24/2037	56/11561	9.10344965523306e-06	4	24	0.00020695175549563155	G001871, G003942, G005846, G007410, G009027, G009869, G010029, G010349, G012016, G013598, G017098, G017983, G018420, G018877, G019620, G021462, G022459, G023258, G024781, G026089, G026526, G026758, G026825, G027960
GO:0005721	CC	e	pericentric heterochromatin	15/2037	27/11561	9.57493742575339e-06	5	15	0.00021480616198565167	G003700, G006182, G008980, G012138, G016688, G019225, G019432, G019434, G021637, G021940, G022282, G023658, G025637, G025642, G026228
GO:0031519	CC	e	PcG protein complex	16/2037	30/11561	9.726607789560666e-06	3	16	0.00021537488676884333	G003822, G004259, G006438, G006980, G009338, G010468, G011614, G011630, G014843, G017621, G018592, G020982, G022844, G023038, G026858, G027998
GO:0030532	CC	e	small nuclear ribonucleoprotein complex	25/2037	60/11561	1.0866185522677686e-05	3	25	0.00023752367072006993	G001678, G001871, G004343, G005127, G007410, G009027, G009869, G010029, G012016, G012019, G012116, G013598, G014364, G014646, G016856, G017098, G017983, G018420, G019620, G020520, G024781, G026758, G027084, G027385, G027960
GO:0140672	CC	e	ATAC complex	9/2037	12/11561	2.1204943211194118e-05	8	9	0.0004409076606717801	G001394, G003700, G004110, G005282, G008039, G011919, G012876, G018129, G022280
GO:0051233	CC	e	spindle midzone	12/2037	20/11561	2.6903331315678888e-05	2	12	0.0005396491752145	G003608, G003611, G004908, G007282, G009983, G012059, G016727, G017062, G019718, G020158, G021637, G028761
GO:0005730	CC	e	nucleolus	117/2037	463/11561	2.7696989269336486e-05	5	117	0.0005491089151653339	G000012, G000217, G001121, G001261, G002438, G002485, G003311, G003332, G003544, G003730, G003755, G003826, G004176, G004199, G004221, G004282, G004309, G004403, G004462, G004564, G004754, G004797, G005271, G005282, G005283, G005329, G005473, G005514, G005763, G005764, G005765, G005927, G006260, G006834, G006965, G007095, G007178, G007218, G007282, G007590, G008146, G008204, G008207, G008980, G009249, G009285, G009401, G010027, G010272, G010794, G010797, G010914, G010982, G010989, G011296, G011897, G012449, G012472, G012589, G012859, G013016, G013032, G013082, G013265, G013443, G013453, G013465, G013926, G014269, G014664, G014688, G014914, G015231, G015944, G016414, G016500, G016657, G016675, G016676, G016682, G017206, G017464, G018280, G018302, G018352, G018666, G019432, G019434, G019551, G020464, G020520, G020702, G020919, G021591, G021661, G022233, G022282, G022315, G022580, G022797, G023149, G023287, G023782, G024781, G024842, G024914, G026423, G026474, G026977, G027350, G027574, G027709, G027909, G027960, G028337, G028376, G028770
GO:0030014	CC	e	CCR4-NOT complex	8/2037	10/11561	2.9444378422432948e-05	3	8	0.0005770421288534273	G010063, G014343, G015510, G016750, G022268, G023164, G027521, G028194
GO:0005838	CC	e	proteasome regulatory particle	7/2037	8/11561	3.538937866670111e-05	2	7	0.0006704321180747265	G002935, G009723, G010615, G016518, G016736, G019839, G020660
GO:0034451	CC	e	centriolar satellite	20/2037	46/11561	3.9080466328557304e-05	2	20	0.0007242629901107631	G001085, G001355, G002584, G009983, G015507, G015818, G016407, G016422, G016821, G020666, G021313, G022186, G022356, G022585, G022652, G022727, G022992, G022994, G027916, G028114
GO:1904949	CC	e	ATPase complex	30/2037	83/11561	5.8950296219975465e-05	3	30	0.0010692580325006187	G001200, G002107, G003700, G003814, G003826, G004176, G005979, G009338, G009991, G010049, G010131, G010493, G011296, G011847, G013230, G014710, G016168, G016688, G016935, G017621, G018475, G018659, G020247, G022282, G022797, G023038, G023345, G024938, G026351, G026429
GO:0005874	CC	e	microtubule	69/2037	248/11561	6.494045505855549e-05	6	69	0.0011655102723667065	G001362, G001369, G001417, G002584, G003313, G003608, G003611, G003764, G004194, G004381, G004908, G004964, G005003, G005021, G006365, G006414, G006415, G006617, G007282, G008006, G008296, G008471, G008878, G009151, G009514, G010891, G011540, G012007, G013347, G013933, G014059, G014415, G014883, G015334, G016422, G016624, G016686, G016707, G016727, G016803, G016935, G017032, G017062, G017450, G018626, G020095, G020158, G020666, G020701, G021123, G021637, G021921, G021959, G021960, G022035, G023341, G024221, G024493, G024733, G026293, G026703, G026919, G027198, G027220, G027228, G027445, G028432, G028462, G028536
GO:0120114	CC	e	Sm-like protein family complex	26/2037	69/11561	8.297174640036326e-05	2	26	0.001443539057271626	G001678, G001871, G004343, G005127, G007410, G009027, G009869, G010029, G012016, G012019, G012116, G013598, G014364, G014646, G016856, G017098, G017983, G018420, G019620, G020520, G024781, G026427, G026758, G027084, G027385, G027960
GO:0031261	CC	e	DNA replication preinitiation complex	8/2037	11/11561	9.118501693630655e-05	3	8	0.0015547045387640267	G008241, G012598, G016437, G017524, G018290, G018656, G027765, G028094
GO:0071162	CC	e	CMG complex	8/2037	11/11561	9.118501693630655e-05	4	8	0.0015547045387640267	G008241, G012598, G016437, G017524, G018290, G018656, G027765, G028094
GO:0000151	CC	e	ubiquitin ligase complex	52/2037	177/11561	9.474873024929367e-05	4	52	0.0015994711393568883	G001369, G002001, G002045, G002502, G002553, G002616, G003586, G003774, G004257, G004455, G005744, G006182, G006607, G007178, G007537, G007548, G007590, G008576, G009448, G009695, G009915, G010468, G010700, G010965, G011243, G011365, G011630, G012824, G012859, G013287, G014002, G014319, G014660, G014685, G016187, G016443, G016789, G017191, G017607, G018012, G018358, G019756, G021042, G022464, G024964, G025228, G025565, G025923, G027263, G027998, G028393, G028573
GO:0071005	CC	e	U2-type precatalytic spliceosome	19/2037	45/11561	9.85925388546799e-05	5	19	0.0016358119222011865	G003942, G007410, G009027, G010029, G010349, G012016, G013598, G017098, G017983, G018877, G019620, G021462, G022459, G024781, G026089, G026526, G026758, G026825, G027960
GO:0043231	CC	e	intracellular membrane-bounded organelle	1027/2037	5380/11561	0.00012138300987703293	4	1027	0.0019710288746699156	G000002, G000009, G000012, G000217, G000488, G000560, G000576, G000577, G000606, G000755, G000832, G000843, G000942, G000944, G000963, G000995, G001037, G001060, G001068, G001115, G001121, G001130, G001200, G001215, G001233, G001247, G001261, G001263, G001266, G001295, G001335, G001354, G001355, G001362, G001369, G001394, G001430, G001472, G001479, G001505, G001514, G001520, G001544, G001553, G001565, G001650, G001678, G001680, G001681, G001684, G001685, G001711, G001735, G001757, G001766, G001797, G001809, G001813, G001814, G001855, G001856, G001860, G001871, G001936, G001958, G001998, G002001, G002008, G002045, G002049, G002089, G002110, G002131, G002163, G002229, G002232, G002328, G002339, G002340, G002384, G002438, G002439, G002459, G002489, G002502, G002549, G002591, G003016, G003018, G003109, G003191, G003313, G003381, G003423, G003543, G003546, G003548, G003549, G003550, G003574, G003607, G003608, G003611, G003646, G003647, G003729, G003737, G003755, G003764, G003811, G003814, G003815, G003826, G003908, G003931, G003933, G003942, G003952, G003973, G003995, G003996, G004009, G004032, G004043, G004056, G004110, G004113, G004132, G004176, G004177, G004185, G004190, G004203, G004221, G004247, G004257, G004259, G004273, G004282, G004311, G004343, G004357, G004381, G004403, G004455, G004504, G004582, G004599, G004713, G004757, G004852, G004879, G004908, G004996, G005092, G005103, G005127, G005146, G005152, G005189, G005217, G005283, G005387, G005473, G005476, G005487, G005488, G005514, G005540, G005541, G005556, G005619, G005651, G005670, G005683, G005692, G005740, G005832, G005835, G005839, G005846, G005860, G005883, G005910, G005927, G005943, G005995, G006000, G006004, G006034, G006086, G006100, G006121, G006130, G006172, G006182, G006198, G006199, G006256, G006271, G006274, G006277, G006290, G006334, G006339, G006356, G006365, G006394, G006414, G006415, G006432, G006441, G006447, G006503, G006506, G006516, G006581, G006588, G006606, G006654, G006715, G006725, G006730, G006768, G006797, G006834, G006849, G006904, G006906, G006917, G006934, G006938, G007002, G007050, G007154, G007155, G007159, G007178, G007193, G007233, G007269, G007270, G007276, G007384, G007410, G007548, G007553, G007554, G007617, G007619, G007769, G007800, G007806, G007819, G007846, G007992, G008023, G008038, G008039, G008043, G008143, G008145, G008204, G008207, G008215, G008241, G008249, G008288, G008341, G008365, G008400, G008423, G008454, G008483, G008518, G008551, G008621, G008698, G008740, G008753, G008754, G008758, G008761, G008870, G008878, G008970, G008971, G008980, G009020, G009026, G009027, G009163, G009249, G009285, G009331, G009332, G009338, G009397, G009401, G009414, G009448, G009464, G009470, G009476, G009480, G009514, G009526, G009535, G009549, G009682, G009695, G009786, G009869, G009886, G009893, G009915, G009916, G009946, G009960, G009983, G010027, G010029, G010049, G010063, G010103, G010105, G010125, G010265, G010272, G010302, G010349, G010460, G010464, G010468, G010506, G010548, G010578, G010616, G010628, G010673, G010677, G010700, G010769, G010794, G010799, G010897, G010914, G010965, G010974, G010989, G011032, G011052, G011097, G011105, G011120, G011148, G011181, G011185, G011227, G011243, G011272, G011292, G011296, G011298, G011310, G011313, G011365, G011387, G011408, G011447, G011486, G011505, G011513, G011523, G011546, G011595, G011609, G011629, G011630, G011638, G011691, G011720, G011842, G011847, G011867, G011873, G012008, G012016, G012019, G012032, G012059, G012066, G012072, G012116, G012146, G012176, G012293, G012472, G012568, G012589, G012601, G012617, G012633, G012634, G012668, G012696, G012739, G012787, G012811, G012824, G012859, G012876, G012886, G012896, G012925, G012926, G012962, G012969, G012970, G013001, G013016, G013038, G013041, G013190, G013191, G013194, G013211, G013218, G013230, G013263, G013265, G013287, G013355, G013444, G013445, G013447, G013474, G013527, G013593, G013598, G013788, G013792, G013819, G013824, G013926, G013933, G013946, G014002, G014040, G014061, G014064, G014095, G014159, G014301, G014302, G014326, G014343, G014346, G014364, G014377, G014412, G014445, G014448, G014523, G014615, G014660, G014664, G014675, G014683, G014685, G014688, G014703, G014710, G014727, G014732, G014797, G014836, G014843, G014855, G014883, G014884, G014953, G014963, G014975, G015231, G015301, G015334, G015369, G015507, G015510, G015579, G015600, G015602, G015603, G015714, G015730, G015814, G015821, G015854, G015864, G015944, G015945, G015992, G016017, G016020, G016109, G016130, G016145, G016161, G016168, G016205, G016220, G016237, G016241, G016258, G016282, G016347, G016358, G016359, G016374, G016382, G016383, G016386, G016417, G016421, G016437, G016443, G016458, G016498, G016499, G016522, G016579, G016583, G016606, G016657, G016675, G016676, G016680, G016682, G016688, G016710, G016727, G016750, G016752, G016764, G016803, G016819, G016838, G016930, G016935, G016939, G016944, G016969, G016977, G017027, G017041, G017062, G017098, G017109, G017110, G017111, G017126, G017154, G017191, G017255, G017272, G017343, G017406, G017407, G017422, G017438, G017444, G017450, G017457, G017459, G017464, G017480, G017527, G017529, G017535, G017543, G017545, G017571, G017572, G017586, G017606, G017607, G017611, G017621, G017700, G017709, G017780, G017812, G017815, G017827, G017835, G017887, G017893, G017895, G017907, G017941, G017972, G017983, G018005, G018082, G018129, G018142, G018143, G018144, G018169, G018201, G018234, G018295, G018314, G018326, G018345, G018349, G018350, G018352, G018358, G018395, G018397, G018399, G018420, G018422, G018462, G018497, G018508, G018514, G018528, G018592, G018645, G018654, G018657, G018659, G018719, G018726, G018877, G018892, G018901, G018928, G018931, G019039, G019040, G019051, G019104, G019114, G019194, G019225, G019275, G019277, G019321, G019348, G019382, G019398, G019431, G019432, G019434, G019457, G019463, G019475, G019506, G019507, G019519, G019530, G019551, G019620, G019676, G019688, G019718, G019739, G019751, G019882, G019934, G019936, G019961, G019989, G019991, G020075, G020089, G020090, G020117, G020123, G020153, G020158, G020160, G020169, G020175, G020212, G020275, G020370, G020375, G020402, G020406, G020443, G020464, G020469, G020485, G020497, G020501, G020505, G020520, G020528, G020530, G020563, G020634, G020660, G020666, G020685, G020687, G020702, G020708, G020711, G020714, G020740, G020741, G020760, G020765, G020828, G020830, G020973, G020977, G020982, G021040, G021062, G021069, G021107, G021144, G021149, G021197, G021246, G021298, G021313, G021326, G021358, G021404, G021454, G021462, G021465, G021486, G021487, G021490, G021512, G021520, G021589, G021590, G021611, G021637, G021661, G021667, G021672, G021693, G021702, G021722, G021841, G021849, G021887, G021922, G021926, G021940, G021947, G021958, G021970, G022019, G022035, G022051, G022058, G022084, G022096, G022119, G022123, G022137, G022168, G022175, G022178, G022215, G022227, G022240, G022251, G022254, G022257, G022280, G022282, G022296, G022300, G022301, G022344, G022347, G022356, G022360, G022363, G022372, G022376, G022412, G022459, G022496, G022533, G022550, G022553, G022557, G022565, G022580, G022592, G022625, G022633, G022652, G022660, G022670, G022693, G022727, G022747, G022752, G022790, G022797, G022801, G022811, G022812, G022829, G022867, G022929, G022990, G022992, G022994, G023001, G023008, G023016, G023024, G023038, G023060, G023138, G023149, G023196, G023219, G023253, G023258, G023273, G023290, G023343, G023348, G023478, G023480, G023520, G023558, G023561, G023609, G023622, G023640, G023658, G023694, G023705, G023706, G023782, G023819, G023845, G023846, G023849, G023862, G023864, G023918, G023942, G024074, G024111, G024116, G024143, G024355, G024403, G024464, G024470, G024493, G024507, G024597, G024625, G024647, G024651, G024703, G024771, G024781, G024814, G024842, G024907, G024930, G024933, G024984, G025075, G025076, G025129, G025147, G025184, G025221, G025272, G025368, G025384, G025385, G025443, G025449, G025469, G025549, G025564, G025568, G025589, G025620, G025637, G025642, G025653, G025682, G025687, G025688, G025691, G025721, G025732, G025782, G025812, G025923, G025955, G026003, G026012, G026065, G026094, G026157, G026228, G026322, G026323, G026353, G026369, G026419, G026423, G026427, G026450, G026460, G026464, G026474, G026496, G026503, G026526, G026536, G026546, G026628, G026638, G026692, G026703, G026734, G026739, G026748, G026754, G026758, G026768, G026775, G026825, G026858, G026950, G026977, G027009, G027068, G027071, G027084, G027188, G027193, G027198, G027220, G027314, G027350, G027360, G027385, G027386, G027394, G027400, G027413, G027428, G027451, G027458, G027521, G027552, G027573, G027575, G027633, G027634, G027640, G027709, G027728, G027736, G027738, G027741, G027753, G027765, G027842, G027861, G027872, G027883, G027884, G027901, G027906, G027909, G027913, G027916, G027919, G027960, G027989, G027998, G028034, G028099, G028100, G028148, G028151, G028194, G028195, G028201, G028323, G028324, G028365, G028376, G028393, G028397, G028458, G028462, G028466, G028468, G028497, G028517, G028559, G028561, G028761, G028763, G028770, G028857, G028875, G028876, G028896
GO:0097539	CC	e	ciliary transition fiber	7/2037	9/11561	0.00013483838563905397	3	7	0.0021485929674260468	G001355, G004381, G006199, G011867, G014594, G018345, G021435
GO:0035098	CC	e	ESC/E(Z) complex	9/2037	14/11561	0.00013714490847562108	6	9	0.0021651117495456846	G004259, G006980, G009338, G011614, G014843, G018592, G020982, G022844, G023038
GO:0030015	CC	e	CCR4-NOT core complex	5/2037	5/11561	0.00016912984117493167	3	5	0.002621512538211441	G015510, G016750, G022268, G023164, G027521
GO:0008622	CC	e	epsilon DNA polymerase complex	5/2037	5/11561	0.00016912984117493167	6	5	0.002621512538211441	G000576, G000577, G003700, G008685, G012876
GO:0010369	CC	e	chromocenter	6/2037	7/11561	0.00017681409278822444	5	6	0.002715928182017321	G019432, G019434, G020528, G020530, G021637, G023658
GO:0031461	CC	e	cullin-RING ubiquitin ligase complex	35/2037	108/11561	0.00018255713173543053	5	35	0.0027791063357938306	G001369, G002001, G002502, G002553, G002616, G003586, G003774, G004257, G004455, G005744, G006182, G006607, G007537, G007548, G007590, G009448, G009695, G009915, G010965, G011365, G012824, G012859, G014002, G014685, G016187, G016443, G016789, G019756, G022464, G024964, G025228, G025565, G027998, G028393, G028573
GO:0035097	CC	e	histone methyltransferase complex	27/2037	76/11561	0.00019626683447456321	5	27	0.0029613712635321266	G000012, G000217, G001115, G002270, G002485, G004259, G006182, G006980, G008403, G008870, G009338, G010468, G011296, G011614, G014843, G017529, G018592, G019432, G019434, G019519, G020982, G021520, G022136, G022280, G022844, G023038, G027633
GO:0097525	CC	e	spliceosomal snRNP complex	21/2037	54/11561	0.0002054205100976907	4	21	0.0030722979799698478	G001871, G004343, G005127, G007410, G009027, G009869, G010029, G012016, G013598, G014364, G014646, G017098, G017983, G018420, G019620, G020520, G024781, G026758, G027084, G027385, G027960
GO:0000792	CC	e	heterochromatin	18/2037	44/11561	0.00024191408986304854	4	18	0.003586639332317372	G003700, G006182, G008980, G012138, G016688, G017972, G019225, G019432, G019434, G021637, G021940, G022233, G022282, G023658, G025637, G025642, G025721, G026228
GO:1905354	CC	e	exoribonuclease complex	12/2037	24/11561	0.000287516489815899	3	12	0.004085130126134232	G002485, G003311, G005329, G015443, G016675, G016676, G016682, G017464, G019622, G023558, G024722, G027709
GO:0000791	CC	e	euchromatin	12/2037	24/11561	0.000287516489815899	4	12	0.004085130126134232	G001068, G003574, G003814, G005329, G008403, G016675, G016676, G016682, G017464, G025013, G025721, G026734
GO:0001673	CC	e	male germ cell nucleus	11/2037	21/11561	0.00030722322203429305	7	11	0.004329054492301402	G003574, G006394, G009397, G010103, G013001, G019051, G021062, G024116, G026450, G027633, G027909
GO:0034708	CC	e	methyltransferase complex	31/2037	94/11561	0.0003152982740142502	4	31	0.004370598025969891	G000012, G000217, G001115, G002270, G002485, G004259, G006182, G006980, G008403, G008870, G009338, G009464, G010468, G011296, G011614, G014843, G017529, G018592, G019432, G019434, G019519, G020982, G021520, G022136, G022280, G022533, G022844, G023038, G023258, G025129, G027633
GO:0072686	CC	e	mitotic spindle	22/2037	59/11561	0.0003998163887170451	6	22	0.005410213831448904	G001369, G001394, G001479, G002591, G003313, G003815, G004110, G005282, G006365, G008039, G010956, G011365, G012059, G013443, G017062, G017835, G018129, G020158, G025228, G026293, G027228, G027872
GO:0042575	CC	e	DNA polymerase complex	12/2037	25/11561	0.0004647518140525772	5	12	0.006239384590233417	G000576, G000577, G000993, G003700, G008685, G011197, G012876, G014213, G017109, G023900, G024842, G026003
GO:0090734	CC	e	site of DNA damage	25/2037	72/11561	0.0004765449109664242	2	25	0.00630362150815639	G001130, G001261, G004176, G004455, G006447, G008600, G009786, G011120, G013265, G014064, G017314, G017607, G018144, G018295, G019432, G019434, G019718, G020123, G020711, G022282, G022315, G023658, G026775, G026977, G028376
GO:0000775	CC	e	chromosome, centromeric region	15/2037	36/11561	0.0006249843642779142	3	15	0.007893321045139583	G001856, G001860, G005092, G009526, G010662, G011867, G012138, G015507, G017062, G017835, G021637, G021940, G025637, G025642, G027009
GO:0000178	CC	e	exosome (RNase complex)	11/2037	23/11561	0.0008341998388395511	4	11	0.009980490317369396	G003311, G005329, G015443, G016675, G016676, G016682, G017464, G019622, G023558, G024722, G027709
GO:0005575	CC	e	cellular_component	1898/2037	10556/11561	0.0008370733814567881	0	1898	0.009980490317369396	G000002, G000009, G000012, G000217, G000461, G000488, G000560, G000576, G000577, G000587, G000603, G000606, G000682, G000755, G000832, G000843, G000942, G000944, G000956, G000963, G000990, G000993, G000995, G001037, G001045, G001060, G001068, G001085, G001115, G001120, G001121, G001130, G001161, G001200, G001215, G001233, G001247, G001261, G001263, G001266, G001289, G001295, G001335, G001354, G001355, G001362, G001363, G001369, G001371, G001394, G001407, G001417, G001430, G001431, G001462, G001468, G001472, G001479, G001505, G001514, G001520, G001544, G001551, G001553, G001560, G001565, G001642, G001650, G001678, G001680, G001681, G001684, G001685, G001711, G001735, G001757, G001766, G001782, G001785, G001797, G001801, G001809, G001813, G001814, G001822, G001831, G001855, G001856, G001860, G001871, G001936, G001958, G001993, G001998, G002001, G002008, G002045, G002049, G002052, G002054, G002089, G002100, G002104, G002107, G002110, G002126, G002131, G002163, G002169, G002229, G002232, G002242, G002270, G002324, G002328, G002339, G002340, G002384, G002394, G002400, G002431, G002438, G002439, G002457, G002459, G002485, G002489, G002490, G002493, G002502, G002539, G002549, G002552, G002553, G002584, G002591, G002610, G002614, G002616, G002748, G002935, G003016, G003018, G003109, G003191, G003311, G003313, G003332, G003333, G003350, G003381, G003389, G003396, G003417, G003423, G003449, G003478, G003479, G003518, G003521, G003543, G003544, G003546, G003548, G003549, G003550, G003562, G003574, G003586, G003607, G003608, G003611, G003646, G003647, G003692, G003697, G003700, G003729, G003730, G003737, G003755, G003764, G003774, G003782, G003811, G003812, G003813, G003814, G003815, G003819, G003822, G003826, G003908, G003914, G003930, G003931, G003932, G003933, G003942, G003952, G003967, G003973, G003995, G003996, G003998, G004009, G004013, G004026, G004032, G004036, G004043, G004056, G004066, G004093, G004110, G004113, G004114, G004121, G004132, G004133, G004176, G004177, G004185, G004186, G004190, G004194, G004199, G004203, G004205, G004209, G004212, G004220, G004221, G004244, G004247, G004257, G004259, G004273, G004282, G004283, G004309, G004311, G004322, G004336, G004343, G004357, G004370, G004381, G004385, G004403, G004435, G004455, G004462, G004495, G004504, G004536, G004564, G004582, G004583, G004599, G004611, G004713, G004727, G004754, G004757, G004797, G004848, G004851, G004852, G004877, G004879, G004908, G004926, G004927, G004964, G004996, G005003, G005021, G005041, G005084, G005092, G005103, G005127, G005134, G005146, G005152, G005156, G005189, G005190, G005193, G005215, G005217, G005271, G005282, G005283, G005287, G005295, G005329, G005387, G005471, G005473, G005476, G005477, G005485, G005487, G005488, G005514, G005518, G005540, G005541, G005542, G005556, G005619, G005631, G005634, G005651, G005670, G005683, G005692, G005722, G005733, G005740, G005744, G005763, G005764, G005765, G005825, G005832, G005835, G005839, G005846, G005860, G005883, G005910, G005920, G005927, G005941, G005943, G005947, G005979, G005981, G005995, G006000, G006004, G006034, G006046, G006047, G006072, G006081, G006083, G006086, G006100, G006116, G006121, G006130, G006172, G006178, G006182, G006190, G006198, G006199, G006205, G006217, G006229, G006256, G006260, G006271, G006274, G006277, G006290, G006299, G006301, G006307, G006308, G006312, G006323, G006334, G006336, G006339, G006356, G006365, G006383, G006385, G006394, G006406, G006411, G006414, G006415, G006432, G006433, G006438, G006439, G006441, G006446, G006447, G006483, G006488, G006503, G006506, G006516, G006518, G006553, G006554, G006569, G006571, G006581, G006588, G006606, G006607, G006617, G006654, G006672, G006676, G006679, G006715, G006725, G006730, G006742, G006763, G006768, G006797, G006834, G006843, G006849, G006853, G006904, G006906, G006917, G006934, G006938, G006945, G006965, G006969, G006980, G006998, G007002, G007007, G007050, G007051, G007095, G007117, G007133, G007154, G007155, G007159, G007178, G007193, G007201, G007205, G007218, G007233, G007236, G007266, G007267, G007269, G007270, G007276, G007277, G007282, G007357, G007384, G007410, G007425, G007428, G007464, G007516, G007537, G007548, G007553, G007554, G007590, G007609, G007617, G007619, G007698, G007700, G007701, G007758, G007769, G007800, G007805, G007806, G007819, G007846, G007881, G007882, G007981, G007992, G008006, G008023, G008025, G008038, G008039, G008043, G008045, G008104, G008106, G008107, G008110, G008143, G008145, G008146, G008204, G008207, G008215, G008241, G008249, G008288, G008293, G008296, G008300, G008320, G008341, G008365, G008369, G008379, G008381, G008400, G008403, G008415, G008423, G008436, G008454, G008471, G008483, G008493, G008502, G008518, G008551, G008576, G008600, G008621, G008685, G008698, G008705, G008740, G008752, G008753, G008754, G008758, G008761, G008845, G008870, G008878, G008890, G008903, G008970, G008971, G008972, G008980, G009020, G009025, G009026, G009027, G009073, G009151, G009163, G009173, G009201, G009249, G009285, G009316, G009331, G009332, G009338, G009352, G009355, G009397, G009401, G009412, G009414, G009448, G009464, G009466, G009470, G009476, G009480, G009486, G009514, G009526, G009535, G009540, G009546, G009549, G009617, G009631, G009634, G009665, G009682, G009683, G009695, G009723, G009734, G009786, G009789, G009826, G009852, G009869, G009886, G009893, G009894, G009895, G009915, G009916, G009946, G009949, G009960, G009961, G009964, G009975, G009983, G009991, G009993, G010027, G010029, G010049, G010063, G010103, G010105, G010125, G010131, G010145, G010146, G010200, G010240, G010252, G010265, G010267, G010272, G010274, G010302, G010349, G010375, G010460, G010464, G010468, G010493, G010506, G010527, G010535, G010548, G010578, G010615, G010616, G010628, G010662, G010673, G010674, G010677, G010698, G010700, G010737, G010749, G010765, G010769, G010794, G010797, G010799, G010891, G010897, G010914, G010954, G010956, G010964, G010965, G010966, G010974, G010982, G010989, G010995, G011032, G011052, G011097, G011100, G011105, G011120, G011129, G011148, G011149, G011181, G011185, G011197, G011227, G011243, G011272, G011281, G011292, G011294, G011296, G011298, G011310, G011313, G011332, G011365, G011381, G011387, G011408, G011447, G011472, G011476, G011486, G011500, G011505, G011513, G011520, G011523, G011538, G011540, G011546, G011548, G011595, G011609, G011614, G011629, G011630, G011638, G011668, G011691, G011720, G011726, G011765, G011783, G011799, G011842, G011847, G011867, G011873, G011897, G011919, G012007, G012008, G012016, G012019, G012032, G012059, G012066, G012072, G012107, G012116, G012138, G012139, G012146, G012151, G012176, G012186, G012191, G012268, G012293, G012307, G012411, G012449, G012472, G012499, G012500, G012568, G012589, G012594, G012598, G012601, G012617, G012620, G012633, G012634, G012635, G012668, G012696, G012738, G012739, G012787, G012796, G012811, G012823, G012824, G012851, G012859, G012876, G012879, G012886, G012896, G012925, G012926, G012954, G012962, G012969, G012970, G013001, G013002, G013016, G013032, G013038, G013041, G013082, G013095, G013159, G013190, G013191, G013194, G013211, G013218, G013230, G013263, G013265, G013279, G013287, G013347, G013348, G013351, G013355, G013368, G013376, G013433, G013443, G013444, G013445, G013447, G013450, G013453, G013465, G013474, G013480, G013527, G013545, G013593, G013598, G013691, G013761, G013771, G013788, G013792, G013819, G013824, G013845, G013846, G013862, G013926, G013931, G013933, G013946, G013994, G014002, G014003, G014040, G014058, G014059, G014061, G014064, G014095, G014159, G014213, G014269, G014301, G014302, G014319, G014326, G014343, G014346, G014363, G014364, G014377, G014412, G014415, G014442, G014444, G014445, G014448, G014449, G014523, G014562, G014569, G014594, G014615, G014629, G014646, G014660, G014664, G014668, G014674, G014675, G014676, G014682, G014683, G014685, G014688, G014692, G014697, G014703, G014710, G014727, G014732, G014752, G014797, G014836, G014842, G014843, G014855, G014883, G014884, G014904, G014914, G014929, G014947, G014951, G014953, G014963, G014975, G015164, G015209, G015231, G015234, G015257, G015301, G015334, G015358, G015369, G015396, G015423, G015424, G015443, G015461, G015485, G015489, G015507, G015510, G015516, G015564, G015579, G015600, G015602, G015603, G015659, G015665, G015714, G015730, G015744, G015814, G015815, G015818, G015821, G015833, G015854, G015864, G015871, G015928, G015944, G015945, G015992, G016017, G016020, G016040, G016109, G016126, G016130, G016145, G016161, G016168, G016187, G016205, G016220, G016236, G016237, G016241, G016258, G016262, G016282, G016347, G016358, G016359, G016373, G016374, G016378, G016382, G016383, G016386, G016387, G016397, G016407, G016414, G016417, G016421, G016422, G016426, G016436, G016437, G016443, G016458, G016498, G016499, G016500, G016516, G016518, G016522, G016561, G016579, G016583, G016591, G016592, G016601, G016603, G016605, G016606, G016611, G016624, G016643, G016655, G016657, G016675, G016676, G016680, G016682, G016686, G016688, G016707, G016710, G016723, G016727, G016736, G016746, G016750, G016752, G016764, G016789, G016803, G016819, G016821, G016829, G016838, G016856, G016864, G016871, G016908, G016914, G016930, G016935, G016939, G016944, G016969, G016977, G017027, G017032, G017041, G017062, G017073, G017098, G017109, G017110, G017111, G017126, G017154, G017164, G017191, G017206, G017234, G017255, G017268, G017272, G017314, G017343, G017380, G017406, G017407, G017420, G017422, G017438, G017444, G017450, G017454, G017457, G017459, G017464, G017480, G017491, G017495, G017503, G017524, G017527, G017529, G017535, G017543, G017545, G017553, G017571, G017572, G017586, G017597, G017606, G017607, G017611, G017621, G017634, G017680, G017700, G017709, G017780, G017799, G017810, G017812, G017815, G017827, G017835, G017887, G017890, G017893, G017895, G017907, G017941, G017967, G017972, G017983, G018005, G018012, G018066, G018071, G018082, G018100, G018129, G018142, G018143, G018144, G018169, G018201, G018227, G018234, G018256, G018257, G018258, G018280, G018290, G018295, G018302, G018314, G018326, G018345, G018348, G018349, G018350, G018352, G018358, G018361, G018363, G018364, G018387, G018392, G018395, G018397, G018399, G018420, G018421, G018422, G018430, G018453, G018457, G018462, G018472, G018475, G018491, G018497, G018508, G018513, G018514, G018518, G018523, G018528, G018559, G018592, G018593, G018595, G018626, G018644, G018645, G018654, G018656, G018657, G018659, G018660, G018666, G018701, G018719, G018726, G018830, G018853, G018856, G018877, G018891, G018892, G018901, G018928, G018931, G018932, G018956, G018989, G019020, G019039, G019040, G019043, G019044, G019051, G019075, G019104, G019114, G019129, G019131, G019148, G019151, G019194, G019218, G019225, G019275, G019277, G019321, G019348, G019382, G019398, G019431, G019432, G019434, G019454, G019457, G019463, G019475, G019506, G019507, G019519, G019530, G019548, G019551, G019554, G019620, G019622, G019644, G019653, G019659, G019676, G019688, G019718, G019736, G019737, G019739, G019749, G019751, G019756, G019788, G019812, G019839, G019882, G019934, G019936, G019960, G019961, G019970, G019989, G019991, G020002, G020075, G020089, G020090, G020095, G020117, G020120, G020123, G020149, G020153, G020155, G020158, G020159, G020160, G020169, G020175, G020178, G020205, G020212, G020223, G020232, G020233, G020247, G020275, G020285, G020360, G020370, G020375, G020402, G020406, G020423, G020439, G020442, G020443, G020449, G020464, G020469, G020484, G020485, G020497, G020501, G020505, G020515, G020520, G020528, G020530, G020540, G020543, G020557, G020559, G020563, G020634, G020660, G020666, G020685, G020687, G020697, G020701, G020702, G020708, G020711, G020714, G020740, G020741, G020744, G020759, G020760, G020765, G020769, G020828, G020830, G020831, G020840, G020865, G020881, G020917, G020919, G020921, G020963, G020973, G020977, G020982, G021034, G021040, G021042, G021062, G021069, G021077, G021081, G021107, G021123, G021144, G021149, G021166, G021197, G021246, G021293, G021298, G021302, G021313, G021321, G021326, G021327, G021343, G021358, G021404, G021418, G021422, G021435, G021454, G021462, G021465, G021485, G021486, G021487, G021488, G021490, G021512, G021520, G021527, G021531, G021541, G021578, G021589, G021590, G021591, G021611, G021637, G021661, G021662, G021667, G021672, G021693, G021702, G021722, G021741, G021785, G021819, G021838, G021839, G021841, G021849, G021885, G021887, G021902, G021912, G021919, G021921, G021922, G021924, G021926, G021940, G021947, G021951, G021958, G021959, G021960, G021970, G021974, G022007, G022019, G022035, G022040, G022051, G022058, G022075, G022078, G022084, G022096, G022115, G022119, G022123, G022136, G022137, G022145, G022149, G022168, G022175, G022177, G022178, G022186, G022208, G022215, G022227, G022233, G022240, G022251, G022254, G022257, G022268, G022280, G022282, G022286, G022296, G022300, G022301, G022315, G022344, G022347, G022355, G022356, G022357, G022360, G022363, G022372, G022376, G022388, G022398, G022412, G022414, G022459, G022462, G022464, G022468, G022488, G022496, G022533, G022538, G022550, G022553, G022557, G022565, G022573, G022580, G022584, G022585, G022592, G022625, G022633, G022652, G022660, G022670, G022693, G022727, G022747, G022752, G022768, G022790, G022797, G022801, G022810, G022811, G022812, G022829, G022844, G022845, G022856, G022867, G022884, G022913, G022929, G022944, G022945, G022990, G022992, G022994, G022995, G023001, G023008, G023016, G023024, G023038, G023060, G023064, G023068, G023070, G023075, G023079, G023138, G023149, G023164, G023184, G023196, G023219, G023253, G023258, G023273, G023283, G023287, G023290, G023341, G023343, G023345, G023348, G023383, G023450, G023455, G023458, G023460, G023461, G023478, G023480, G023491, G023494, G023520, G023531, G023534, G023558, G023561, G023605, G023609, G023618, G023622, G023638, G023640, G023658, G023694, G023698, G023703, G023705, G023706, G023713, G023760, G023782, G023819, G023837, G023845, G023846, G023849, G023862, G023863, G023864, G023870, G023891, G023892, G023894, G023900, G023905, G023918, G023925, G023942, G023959, G024061, G024063, G024071, G024072, G024074, G024111, G024116, G024143, G024144, G024170, G024203, G024214, G024221, G024256, G024338, G024354, G024355, G024402, G024403, G024429, G024445, G024464, G024465, G024470, G024493, G024505, G024507, G024514, G024597, G024625, G024647, G024651, G024663, G024703, G024722, G024733, G024757, G024771, G024781, G024814, G024840, G024842, G024866, G024894, G024907, G024914, G024930, G024933, G024938, G024963, G024964, G024984, G025013, G025038, G025075, G025076, G025129, G025144, G025147, G025184, G025213, G025214, G025221, G025228, G025239, G025252, G025272, G025273, G025343, G025352, G025368, G025384, G025385, G025431, G025443, G025449, G025455, G025469, G025490, G025538, G025547, G025549, G025564, G025565, G025568, G025589, G025605, G025620, G025637, G025642, G025653, G025682, G025687, G025688, G025691, G025721, G025726, G025732, G025782, G025812, G025817, G025911, G025923, G025943, G025955, G026003, G026012, G026050, G026065, G026089, G026094, G026112, G026145, G026157, G026175, G026217, G026227, G026228, G026259, G026268, G026286, G026293, G026295, G026301, G026322, G026323, G026344, G026351, G026353, G026369, G026376, G026397, G026419, G026423, G026426, G026427, G026429, G026444, G026450, G026460, G026464, G026474, G026496, G026503, G026526, G026536, G026546, G026577, G026588, G026623, G026624, G026628, G026638, G026692, G026703, G026734, G026739, G026748, G026754, G026758, G026764, G026768, G026771, G026775, G026825, G026858, G026862, G026883, G026904, G026908, G026919, G026949, G026950, G026977, G027009, G027046, G027063, G027068, G027071, G027084, G027188, G027192, G027193, G027196, G027197, G027198, G027214, G027220, G027221, G027222, G027228, G027251, G027263, G027284, G027296, G027314, G027350, G027353, G027360, G027379, G027385, G027386, G027394, G027400, G027413, G027428, G027445, G027451, G027458, G027489, G027497, G027514, G027521, G027552, G027573, G027574, G027575, G027586, G027600, G027610, G027633, G027634, G027638, G027640, G027644, G027707, G027709, G027722, G027726, G027728, G027731, G027736, G027738, G027741, G027748, G027753, G027765, G027766, G027785, G027805, G027842, G027861, G027872, G027879, G027883, G027884, G027901, G027906, G027909, G027913, G027916, G027919, G027957, G027958, G027960, G027968, G027970, G027989, G027990, G027998, G028034, G028049, G028094, G028099, G028100, G028114, G028126, G028148, G028151, G028194, G028195, G028199, G028201, G028262, G028274, G028310, G028319, G028323, G028324, G028337, G028365, G028376, G028393, G028397, G028416, G028432, G028434, G028444, G028450, G028455, G028458, G028462, G028466, G028468, G028470, G028497, G028517, G028531, G028536, G028559, G028560, G028561, G028573, G028595, G028626, G028637, G028721, G028761, G028763, G028770, G028857, G028862, G028875, G028876, G028896
GO:0016581	CC	e	NuRD complex	5/2037	6/11561	0.0008660806058695448	6	5	0.010114160500051875	G009338, G011847, G016935, G023038, G024938
GO:0090545	CC	e	CHD-type complex	5/2037	6/11561	0.0008660806058695448	5	5	0.010114160500051875	G009338, G011847, G016935, G023038, G024938
GO:0097526	CC	e	spliceosomal tri-snRNP complex	13/2037	30/11561	0.0009183468487914844	5	13	0.010608764345040232	G005127, G007410, G009027, G012016, G013598, G017098, G017983, G018420, G020520, G024781, G026758, G027084, G027385
GO:0071013	CC	e	catalytic step 2 spliceosome	26/2037	79/11561	0.0009208780780445481	4	26	0.010608764345040232	G000603, G001680, G001871, G005846, G007410, G009027, G009535, G009546, G009869, G011523, G012016, G016258, G016680, G017098, G017111, G017491, G017611, G017983, G018420, G018726, G018877, G019620, G020520, G025469, G026089, G027960
GO:0000796	CC	e	condensin complex	4/2037	4/11561	0.0009614528157739485	2	4	0.010784717440095935	G001856, G006797, G010897, G013016
GO:0033256	CC	e	I-kappaB/NF-kappaB complex	4/2037	4/11561	0.0009614528157739485	3	4	0.010784717440095935	G009946, G015600, G015602, G021722
GO:0005658	CC	e	alpha DNA polymerase:primase complex	4/2037	4/11561	0.0009614528157739485	8	4	0.010784717440095935	G011197, G017109, G023900, G024842
GO:0032021	CC	e	NELF complex	4/2037	4/11561	0.0009614528157739485	4	4	0.010784717440095935	G002459, G003737, G004132, G027193
GO:0000177	CC	e	cytoplasmic exosome (RNase complex)	9/2037	17/11561	0.0010007082375111439	5	9	0.011099736966949677	G003311, G005329, G015443, G016675, G016676, G016682, G017464, G024722, G027709
GO:0070822	CC	e	Sin3-type complex	8/2037	14/11561	0.0010025568873373901	4	8	0.011099736966949677	G002384, G007819, G016829, G017480, G018399, G018931, G023001, G023038
GO:0043073	CC	e	germ cell nucleus	12/2037	27/11561	0.0010985751483039545	6	12	0.0120843266313435	G003574, G003973, G006394, G009397, G010103, G013001, G019051, G021062, G024116, G026450, G027633, G027909
GO:0042555	CC	e	MCM complex	6/2037	9/11561	0.0015335879342052749	2	6	0.01634229642387496	G008241, G012598, G016437, G018290, G021040, G028094
GO:0046540	CC	e	U4/U6 x U5 tri-snRNP complex	12/2037	28/11561	0.0016173475694965928	6	12	0.017127811217339695	G005127, G007410, G009027, G012016, G013598, G017098, G017983, G020520, G024781, G026758, G027084, G027385
GO:0005680	CC	e	anaphase-promoting complex	9/2037	18/11561	0.0016902868843068188	6	9	0.017680608207013043	G002502, G002553, G007537, G009448, G010965, G011365, G016789, G025228, G028393
GO:0005849	CC	e	mRNA cleavage factor complex	9/2037	18/11561	0.0016902868843068188	3	9	0.017680608207013043	G004056, G005941, G007133, G012146, G022347, G022811, G022929, G027640, G027989
GO:0016514	CC	e	SWI/SNF complex	7/2037	12/11561	0.0018064207550430058	5	7	0.01855905741336756	G005979, G009991, G010049, G010493, G016168, G020247, G023345
GO:0000124	CC	e	SAGA complex	8/2037	15/11561	0.0018178079695204588	8	8	0.01855905741336756	G005670, G005835, G008039, G008870, G019554, G020402, G024597, G026450
GO:0032039	CC	e	integrator complex	8/2037	15/11561	0.0018178079695204588	3	8	0.01855905741336756	G002438, G002490, G017527, G017890, G019382, G022123, G025549, G028151
GO:0022624	CC	e	proteasome accessory complex	8/2037	15/11561	0.0018178079695204588	2	8	0.01855905741336756	G002008, G008698, G009549, G009723, G011486, G016736, G019839, G022344
GO:0000932	CC	e	P-body	23/2037	70/11561	0.0022873399764503513	7	23	0.02294067446969323	G001505, G001757, G005189, G007881, G008025, G009027, G010673, G010974, G011486, G013598, G015510, G016750, G019040, G019622, G019991, G020687, G022268, G023164, G024781, G027521, G027909, G027958, G028721
GO:0017053	CC	e	transcription repressor complex	12/2037	29/11561	0.0023217695048349768	3	12	0.02314980705113237	G002591, G003423, G003737, G011505, G011919, G013190, G017606, G018399, G019432, G019434, G020501, G028323
GO:0097550	CC	e	transcription preinitiation complex	5/2037	7/11561	0.002589246888505081	3	5	0.02537164336150094	G003973, G006307, G017027, G020175, G026450
GO:0016586	CC	e	RSC-type complex	5/2037	7/11561	0.002589246888505081	5	5	0.02537164336150094	G010049, G010493, G020247, G023345, G026429
GO:0061695	CC	e	transferase complex, transferring phosphorus-containing groups	43/2037	158/11561	0.0030055201264152366	4	43	0.028788830424370665	G000576, G000577, G000993, G001068, G001431, G001809, G002110, G002485, G002549, G002616, G003700, G003822, G004435, G005733, G005943, G006406, G006411, G007276, G008685, G008753, G011052, G011197, G012876, G013001, G013946, G014002, G014213, G016282, G016382, G017073, G017109, G020075, G020090, G020160, G020175, G021062, G021293, G023900, G024842, G025565, G026003, G027728, G027906
GO:0080008	CC	e	Cul4-RING E3 ubiquitin ligase complex	12/2037	30/11561	0.0032573846087706883	6	12	0.030735528509534843	G002001, G004455, G005744, G006182, G006607, G007590, G009448, G009915, G016187, G016443, G024964, G028573
GO:1902562	CC	e	H4 histone acetyltransferase complex	12/2037	30/11561	0.0032573846087706883	7	12	0.030735528509534843	G001394, G006256, G008288, G010049, G011296, G013230, G016819, G018659, G019519, G019739, G020402, G024505
GO:0000940	CC	e	outer kinetochore	6/2037	10/11561	0.003262833231803992	2	6	0.030735528509534843	G009983, G011867, G016789, G021298, G023196, G023638
GO:0005847	CC	e	mRNA cleavage and polyadenylation specificity factor complex	7/2037	13/11561	0.0033212032532328024	4	7	0.031113470037153448	G004056, G005941, G007133, G012146, G022929, G027640, G027989
GO:0005669	CC	e	transcription factor TFIID complex	10/2037	23/11561	0.0034672671718579406	4	10	0.03230431982523382	G003973, G006307, G008870, G017420, G020175, G021418, G021490, G021520, G026450, G027633
GO:0035869	CC	e	ciliary transition zone	18/2037	53/11561	0.0034973879088368645	2	18	0.03240786078568942	G002748, G003333, G008369, G015164, G015209, G015928, G015945, G016374, G018645, G018701, G020285, G021422, G021485, G022992, G022994, G025923, G027916, G028536
GO:0000307	CC	e	cyclin-dependent protein kinase holoenzyme complex	9/2037	20/11561	0.004170218275832022	7	9	0.038022578397291965	G001809, G002616, G013001, G014002, G016282, G016382, G020090, G021062, G025565
GO:0099513	CC	e	polymeric cytoskeletal fiber	72/2037	299/11561	0.004308361358657456	5	72	0.038866434478893985	G001362, G001369, G001417, G002584, G003313, G003608, G003611, G003764, G004194, G004381, G004908, G004964, G005003, G005021, G006365, G006414, G006415, G006617, G007282, G008006, G008296, G008471, G008878, G009151, G009514, G010891, G011540, G012007, G013347, G013933, G014059, G014415, G014594, G014883, G015334, G016422, G016624, G016686, G016707, G016727, G016803, G016935, G017032, G017062, G017450, G018345, G018626, G020095, G020158, G020666, G020701, G021123, G021637, G021921, G021959, G021960, G022035, G023341, G023837, G024221, G024493, G024733, G026293, G026703, G026919, G027198, G027220, G027228, G027445, G028432, G028462, G028536
GO:0005657	CC	e	replication fork	13/2037	34/11561	0.004914688280852637	2	13	0.04364345582736326	G001130, G001565, G003782, G010662, G013001, G013230, G013444, G014064, G018234, G021487, G022282, G025721, G027728
GO:0033257	CC	e	Bcl3/NF-kappaB2 complex	3/2037	3/11561	0.005463358724037093	4	3	0.04704558901254163	G009946, G015602, G021722
GO:0032301	CC	e	MutSalpha complex	3/2037	3/11561	0.005463358724037093	3	3	0.04704558901254163	G006945, G007617, G007619
GO:0032299	CC	e	ribonuclease H2 complex	3/2037	3/11561	0.005463358724037093	3	3	0.04704558901254163	G002552, G014629, G014732
GO:0042382	CC	e	paraspeckles	3/2037	3/11561	0.005463358724037093	3	3	0.04704558901254163	G004056, G007050, G022811
GO:0097149	CC	e	centralspindlin complex	3/2037	3/11561	0.005463358724037093	3	3	0.04704558901254163	G001479, G003313, G020158
GO:0031010	CC	e	ISWI-type complex	7/2037	14/11561	0.005639849619206082	5	7	0.0480306384125118	G001200, G003700, G003814, G010131, G014710, G016688, G022282
GO:0005839	CC	e	proteasome core complex	7/2037	14/11561	0.005639849619206082	3	7	0.0480306384125118	G011149, G011387, G016606, G016969, G019431, G019991, G023219
GO:1902911	CC	e	protein kinase complex	21/2037	67/11561	0.005662262944818107	5	21	0.0480306384125118	G001431, G001809, G002485, G002616, G003822, G004435, G005733, G006411, G011052, G013001, G014002, G016282, G016382, G020075, G020090, G020160, G020175, G021062, G021293, G025565, G027906
GO:0120115	CC	e	Lsm2-8 complex	5/2037	8/11561	0.005902844644152238	3	5	0.04885606853533769	G009027, G013598, G017098, G024781, G026758
GO:0044545	CC	e	NSL complex	5/2037	8/11561	0.005902844644152238	8	5	0.04885606853533769	G006256, G008288, G011296, G019519, G024505
GO:0019774	CC	e	proteasome core complex, beta-subunit complex	5/2037	8/11561	0.005902844644152238	2	5	0.04885606853533769	G011149, G011387, G016606, G019431, G023219
GO:1990023	CC	e	mitotic spindle midzone	5/2037	8/11561	0.005902844644152238	3	5	0.04885606853533769	G003608, G003611, G007282, G016727, G017062
GO:0000930	CC	e	gamma-tubulin complex	5/2037	8/11561	0.005902844644152238	2	5	0.04885606853533769	G003764, G004194, G024493, G025923, G026919
GO:0005886	CC	p	plasma membrane	240/2037	2226/11561	6.107636516511072e-23	3	240	3.4711734202171263e-20	G000576, G000577, G000682, G000990, G000995, G001085, G001120, G001233, G001369, G001998, G002100, G002232, G002400, G002493, G002610, G003350, G003389, G003417, G003478, G003697, G003813, G003822, G003932, G003933, G003967, G004009, G004036, G004093, G004495, G004536, G004599, G004611, G004727, G004797, G004877, G004927, G005920, G005927, G006083, G006100, G006205, G006229, G006301, G006323, G006553, G006569, G006571, G006676, G006834, G006906, G006917, G007178, G007266, G007267, G007282, G007384, G007428, G008038, G008045, G008215, G008249, G008296, G008320, G008379, G008551, G008878, G009151, G009285, G009470, G009893, G009964, G010049, G010200, G010252, G010302, G010460, G010535, G010673, G010737, G010765, G010974, G011100, G011476, G011595, G011609, G011897, G012032, G012066, G012307, G012499, G012500, G012738, G012739, G012796, G012851, G013095, G013159, G013355, G013465, G013771, G013926, G013994, G014040, G014159, G014302, G014346, G014363, G014442, G014562, G014615, G014682, G014855, G015358, G015423, G015485, G015489, G015564, G015579, G015602, G015603, G015665, G015730, G015854, G015864, G016020, G016383, G016387, G016426, G016499, G016603, G016611, G016727, G016746, G016764, G016803, G016908, G017126, G017164, G017380, G017553, G017680, G017700, G017815, G018066, G018100, G018169, G018345, G018430, G018645, G018726, G018932, G019075, G019129, G019131, G019148, G019151, G019218, G019454, G019457, G019463, G019475, G019530, G019548, G019644, G019688, G019718, G019756, G019882, G019989, G020155, G020159, G020370, G020442, G020497, G020840, G020865, G021034, G021069, G021293, G021662, G021667, G021693, G021722, G021887, G021902, G021912, G021970, G022035, G022177, G022227, G022233, G022360, G022388, G023001, G023075, G023138, G023164, G023345, G023450, G023455, G023458, G023460, G023534, G023605, G023870, G024144, G024214, G024465, G024505, G024894, G024907, G025213, G025214, G025273, G025449, G025490, G026175, G026322, G026376, G026419, G026536, G026754, G026977, G027314, G027353, G027360, G027497, G027552, G027575, G027600, G027638, G027753, G027805, G027861, G028100, G028310, G028393, G028497, G028517, G028536
GO:0016020	CC	p	membrane	645/2037	4774/11561	9.25696762596195e-23	2	645	3.9457824505662813e-20	G000002, G000009, G000488, G000560, G000576, G000577, G000682, G000990, G000995, G001037, G001085, G001120, G001161, G001233, G001295, G001369, G001407, G001468, G001479, G001514, G001553, G001757, G001782, G001801, G001813, G001998, G002008, G002089, G002100, G002104, G002163, G002229, G002232, G002242, G002400, G002431, G002485, G002493, G002610, G002748, G003016, G003018, G003191, G003311, G003333, G003350, G003389, G003417, G003478, G003543, G003550, G003562, G003608, G003611, G003692, G003697, G003755, G003812, G003813, G003819, G003822, G003908, G003914, G003930, G003932, G003933, G003967, G003995, G004009, G004032, G004036, G004043, G004066, G004093, G004121, G004190, G004199, G004205, G004209, G004212, G004220, G004244, G004273, G004283, G004309, G004462, G004495, G004536, G004582, G004599, G004611, G004727, G004757, G004797, G004877, G004908, G004927, G005021, G005103, G005193, G005329, G005514, G005541, G005542, G005556, G005631, G005634, G005692, G005740, G005765, G005839, G005920, G005927, G006000, G006004, G006083, G006100, G006116, G006205, G006229, G006290, G006299, G006301, G006323, G006336, G006365, G006383, G006385, G006432, G006433, G006446, G006483, G006488, G006503, G006518, G006553, G006569, G006571, G006617, G006676, G006679, G006742, G006763, G006834, G006849, G006853, G006906, G006917, G006998, G007050, G007051, G007178, G007233, G007266, G007267, G007282, G007384, G007425, G007428, G007464, G007516, G007701, G007800, G007882, G008038, G008043, G008045, G008145, G008215, G008241, G008249, G008296, G008300, G008320, G008365, G008369, G008379, G008415, G008483, G008551, G008740, G008753, G008754, G008758, G008878, G008890, G008971, G009025, G009151, G009285, G009316, G009397, G009470, G009540, G009634, G009665, G009683, G009734, G009826, G009852, G009893, G009949, G009964, G010049, G010105, G010145, G010146, G010200, G010252, G010265, G010302, G010460, G010464, G010535, G010548, G010616, G010628, G010673, G010674, G010737, G010765, G010769, G010799, G010914, G010954, G010964, G010966, G010974, G011097, G011100, G011185, G011197, G011227, G011292, G011294, G011298, G011476, G011486, G011500, G011513, G011520, G011548, G011595, G011609, G011720, G011726, G011765, G011847, G011897, G012032, G012066, G012107, G012151, G012176, G012268, G012293, G012307, G012499, G012500, G012635, G012668, G012696, G012738, G012739, G012796, G012851, G012925, G012926, G012969, G012970, G013095, G013159, G013191, G013194, G013265, G013348, G013351, G013355, G013465, G013480, G013527, G013593, G013598, G013761, G013771, G013788, G013824, G013926, G013931, G013946, G013994, G014040, G014159, G014302, G014346, G014363, G014442, G014562, G014569, G014615, G014675, G014676, G014682, G014797, G014855, G014929, G014953, G015257, G015301, G015358, G015396, G015423, G015424, G015485, G015489, G015564, G015579, G015602, G015603, G015659, G015665, G015730, G015818, G015833, G015854, G015864, G015928, G015992, G016020, G016126, G016220, G016241, G016262, G016373, G016383, G016387, G016397, G016426, G016499, G016516, G016591, G016601, G016603, G016605, G016611, G016675, G016676, G016680, G016682, G016710, G016727, G016746, G016752, G016764, G016803, G016908, G016977, G017062, G017073, G017110, G017111, G017126, G017164, G017268, G017343, G017380, G017407, G017438, G017444, G017450, G017543, G017553, G017572, G017611, G017680, G017700, G017780, G017812, G017815, G017890, G017895, G017941, G017967, G018012, G018066, G018071, G018082, G018100, G018142, G018169, G018280, G018345, G018350, G018364, G018397, G018422, G018430, G018453, G018472, G018514, G018528, G018592, G018593, G018595, G018644, G018645, G018657, G018701, G018726, G018892, G018928, G018932, G019020, G019075, G019114, G019129, G019131, G019148, G019151, G019194, G019218, G019275, G019321, G019382, G019398, G019454, G019457, G019463, G019475, G019530, G019548, G019644, G019653, G019659, G019688, G019718, G019736, G019739, G019756, G019882, G019989, G020095, G020117, G020120, G020155, G020158, G020159, G020205, G020370, G020439, G020442, G020449, G020469, G020485, G020497, G020505, G020557, G020634, G020697, G020708, G020714, G020741, G020759, G020840, G020865, G020881, G020963, G020973, G021034, G021069, G021081, G021107, G021123, G021293, G021321, G021343, G021531, G021611, G021662, G021667, G021693, G021722, G021839, G021885, G021887, G021902, G021912, G021926, G021970, G022019, G022035, G022051, G022075, G022078, G022149, G022177, G022178, G022227, G022233, G022254, G022301, G022356, G022360, G022388, G022468, G022538, G022550, G022565, G022625, G022693, G022747, G022812, G022829, G022884, G022913, G022994, G023001, G023064, G023075, G023138, G023149, G023164, G023184, G023273, G023345, G023450, G023455, G023458, G023460, G023478, G023531, G023534, G023561, G023605, G023609, G023622, G023640, G023698, G023713, G023837, G023846, G023849, G023870, G023891, G023892, G023942, G024061, G024071, G024072, G024143, G024144, G024203, G024214, G024445, G024465, G024505, G024722, G024894, G024907, G024930, G024963, G024984, G025213, G025214, G025252, G025273, G025343, G025449, G025455, G025490, G025620, G025726, G025732, G025782, G025817, G026012, G026050, G026145, G026175, G026259, G026295, G026322, G026369, G026376, G026419, G026464, G026536, G026588, G026692, G026703, G026754, G026771, G026775, G026862, G026883, G026977, G027197, G027214, G027222, G027251, G027284, G027314, G027353, G027360, G027394, G027413, G027497, G027552, G027575, G027586, G027600, G027610, G027634, G027638, G027644, G027736, G027738, G027753, G027805, G027861, G027872, G027879, G027883, G027901, G027990, G028049, G028099, G028100, G028195, G028201, G028262, G028310, G028319, G028393, G028416, G028450, G028455, G028458, G028468, G028497, G028517, G028536, G028595, G028721, G028862
GO:0012506	CC	p	vesicle membrane	52/2037	673/11561	4.9381588985615845e-14	4	52	8.86126962614062e-12	G001037, G001085, G001998, G002100, G002232, G002610, G004009, G004212, G004495, G007282, G007384, G007800, G008369, G008483, G008551, G010460, G010464, G010616, G011476, G011720, G012066, G013527, G013788, G014040, G014159, G014302, G014855, G015579, G015603, G016764, G016977, G018082, G018169, G018593, G018595, G019275, G019475, G019530, G020634, G020697, G020708, G021531, G021693, G022078, G022812, G023184, G023460, G025455, G025726, G027360, G027413, G028468
GO:0030659	CC	p	cytoplasmic vesicle membrane	51/2037	658/11561	9.557833569964287e-14	5	51	1.358008853065759e-11	G001037, G001085, G001998, G002100, G002232, G002610, G004009, G004212, G004495, G007282, G007384, G007800, G008369, G008483, G008551, G010460, G010464, G010616, G011476, G012066, G013527, G013788, G014040, G014159, G014302, G014855, G015579, G015603, G016764, G016977, G018082, G018169, G018593, G018595, G019275, G019475, G019530, G020634, G020697, G020708, G021531, G021693, G022078, G022812, G023184, G023460, G025455, G025726, G027360, G027413, G028468
GO:0097708	CC	p	intracellular vesicle	89/2037	914/11561	4.588287240096347e-12	5	89	5.587878388831622e-10	G000832, G001544, G001650, G001735, G001998, G002089, G002229, G003016, G003543, G004009, G004599, G006004, G006277, G006432, G006654, G006904, G007178, G007233, G007384, G007554, G007800, G008365, G008483, G008878, G009163, G009695, G009893, G009916, G010302, G010460, G010548, G010616, G010914, G011032, G012032, G012668, G013355, G013819, G014040, G014159, G014302, G014615, G015507, G015579, G015730, G015854, G015864, G016017, G016764, G017407, G017444, G017827, G018082, G018719, G019275, G019321, G019475, G019530, G020117, G020158, G020497, G020634, G020708, G020714, G021062, G021144, G021512, G021590, G021693, G021926, G022178, G022227, G022550, G022812, G022992, G023024, G023138, G023846, G023849, G024493, G024625, G026546, G026748, G027386, G027413, G027428, G027916, G028468, G028497
GO:0031410	CC	p	cytoplasmic vesicle	89/2037	912/11561	5.968477825914452e-12	6	89	6.784169795456093e-10	G000832, G001544, G001650, G001735, G001998, G002089, G002229, G003016, G003543, G004009, G004599, G006004, G006277, G006432, G006654, G006904, G007178, G007233, G007384, G007554, G007800, G008365, G008483, G008878, G009163, G009695, G009893, G009916, G010302, G010460, G010548, G010616, G010914, G011032, G012032, G012668, G013355, G013819, G014040, G014159, G014302, G014615, G015507, G015579, G015730, G015854, G015864, G016017, G016764, G017407, G017444, G017827, G018082, G018719, G019275, G019321, G019475, G019530, G020117, G020158, G020497, G020634, G020708, G020714, G021062, G021144, G021512, G021590, G021693, G021926, G022178, G022227, G022550, G022812, G022992, G023024, G023138, G023846, G023849, G024493, G024625, G026546, G026748, G027386, G027413, G027428, G027916, G028468, G028497
GO:0098796	CC	p	membrane protein complex	61/2037	673/11561	1.4825364801505116e-10	2	61	1.3303814203455906e-08	G000956, G000990, G001735, G004009, G004026, G004599, G004926, G004927, G005542, G005556, G005839, G006277, G006411, G006553, G006906, G007384, G007698, G008576, G009695, G009886, G010200, G010240, G010460, G010616, G011294, G011298, G011548, G012954, G013041, G013095, G014953, G015579, G016020, G016908, G017827, G018169, G019039, G019275, G019530, G020484, G020485, G021107, G021435, G021839, G022178, G022412, G022462, G023184, G023494, G023892, G024338, G024514, G025782, G027263, G027360, G027394, G027634, G027638, G027644, G027726, G028099
GO:0031982	CC	p	vesicle	143/2037	1248/11561	2.719959019022488e-10	4	143	2.3187650637166707e-08	G000832, G001544, G001650, G001735, G001757, G001998, G002008, G002089, G002229, G002431, G002493, G003016, G003417, G003543, G003646, G004009, G004013, G004455, G004599, G004727, G006004, G006100, G006277, G006339, G006432, G006654, G006672, G006904, G007178, G007233, G007384, G007554, G007800, G008045, G008365, G008483, G008705, G008758, G008878, G009163, G009634, G009695, G009734, G009893, G009916, G010145, G010146, G010302, G010460, G010548, G010616, G010914, G010989, G011032, G011298, G011638, G011897, G012032, G012066, G012500, G012668, G012851, G013001, G013016, G013355, G013788, G013819, G014040, G014159, G014302, G014615, G014710, G015507, G015579, G015730, G015854, G015864, G016017, G016579, G016723, G016764, G017407, G017444, G017827, G018082, G018457, G018719, G019044, G019194, G019275, G019321, G019475, G019530, G020117, G020158, G020497, G020520, G020634, G020708, G020714, G021062, G021123, G021144, G021512, G021590, G021693, G021902, G021926, G022178, G022227, G022468, G022550, G022573, G022812, G022913, G022992, G023024, G023138, G023450, G023461, G023520, G023622, G023846, G023849, G024493, G024625, G025213, G025431, G026268, G026546, G026748, G027192, G027197, G027386, G027413, G027428, G027748, G027916, G027990, G028049, G028319, G028468, G028497
GO:0005773	CC	p	vacuole	22/2037	347/11561	7.011480542397985e-10	5	22	5.034558362663811e-08	G000963, G001037, G001544, G001998, G002232, G005476, G005683, G006654, G006904, G010460, G012032, G014040, G019688, G022812, G023024, G023622, G023640, G026065, G026419, G026546, G027413, G028201
GO:0000323	CC	p	lytic vacuole	16/2037	290/11561	1.0103624208937848e-09	6	16	6.890671710495612e-08	G000963, G001544, G001998, G002232, G005476, G005683, G006654, G006904, G012032, G014040, G019688, G022812, G023622, G023640, G026065, G027413
GO:0043005	CC	p	neuron projection	70/2037	712/11561	2.3348723233519015e-09	4	70	1.4217704683267828e-07	G000682, G000990, G001362, G001757, G001998, G002229, G003350, G003389, G004257, G004536, G004927, G004964, G005021, G005485, G005634, G006100, G006581, G006906, G007384, G007428, G008296, G009151, G009470, G009514, G010200, G010265, G010535, G010548, G010673, G010914, G010974, G011296, G011783, G012739, G012796, G012824, G013095, G013443, G013598, G013771, G013846, G014040, G014562, G014615, G014675, G014842, G015579, G016407, G016499, G016977, G017812, G017941, G018430, G018645, G019457, G019463, G019688, G020159, G020370, G020973, G021069, G021693, G023455, G023460, G023846, G023849, G025273, G026397, G026703, G027198
GO:0098590	CC	p	plasma membrane region	85/2037	817/11561	3.872536178750129e-09	3	85	2.2767842016444724e-07	G000002, G000009, G000682, G000995, G001085, G001479, G002089, G002431, G002748, G003018, G003350, G003417, G003562, G003608, G003611, G003692, G003697, G004199, G004599, G004927, G005634, G006083, G006229, G006906, G007425, G007428, G008215, G008249, G008320, G008369, G008551, G008753, G009634, G009665, G009734, G009893, G010105, G010145, G010146, G010200, G011294, G011298, G011765, G011897, G012307, G012739, G012796, G013095, G013771, G014040, G014615, G014675, G015818, G015928, G016020, G016499, G016601, G017553, G018701, G019321, G019475, G019653, G019659, G019688, G020158, G020159, G020442, G021531, G021887, G022035, G022565, G022747, G022913, G023450, G023460, G023698, G024071, G024072, G024144, G025449, G026295, G026703, G027360, G027634, G028049
GO:0005764	CC	p	lysosome	16/2037	281/11561	4.097745117662552e-09	7	16	2.3288851418715503e-07	G000963, G001544, G001998, G002232, G005476, G005683, G006654, G006904, G012032, G014040, G019688, G022812, G023622, G023640, G026065, G027413
GO:0005768	CC	p	endosome	40/2037	476/11561	8.182363378738674e-09	7	40	4.3596654877342e-07	G000832, G001544, G001650, G001735, G001998, G002229, G004009, G004599, G006004, G006277, G006432, G007384, G007554, G008483, G008878, G009163, G010548, G010616, G012032, G014040, G014159, G014302, G014615, G015579, G017827, G018082, G018719, G019275, G020117, G020497, G020634, G020708, G021062, G022227, G022812, G023024, G024493, G027386, G027413, G028468
GO:0005774	CC	p	vacuolar membrane	20/2037	301/11561	3.484806279379887e-08	5	20	1.6023535643270312e-06	G001037, G002232, G004209, G004212, G006301, G010460, G011609, G012066, G013788, G015485, G015489, G016020, G020697, G022078, G022360, G022812, G023622, G023640, G027413, G028468
GO:0097060	CC	p	synaptic membrane	20/2037	294/11561	6.404773091775671e-08	4	20	2.626976143270601e-06	G000682, G003350, G004927, G006229, G007425, G007428, G008551, G010105, G010200, G012796, G013095, G013771, G014615, G016499, G019688, G020159, G021531, G023450, G023460, G023698
GO:0042995	CC	p	cell projection	141/2037	1167/11561	6.4711435787311e-08	2	141	2.626976143270601e-06	G000682, G000990, G001362, G001363, G001369, G001560, G001757, G001814, G001998, G002229, G003350, G003389, G003449, G003479, G003608, G003611, G003697, G004133, G004186, G004257, G004336, G004381, G004536, G004852, G004927, G004964, G005003, G005021, G005084, G005485, G005634, G006046, G006047, G006100, G006229, G006312, G006323, G006581, G006679, G006906, G007117, G007384, G007428, G008006, G008215, G008296, G008551, G009151, G009201, G009470, G009486, G009514, G009916, G010200, G010265, G010535, G010548, G010673, G010891, G010914, G010974, G011129, G011281, G011296, G011783, G011897, G012139, G012307, G012620, G012739, G012796, G012824, G013095, G013443, G013474, G013598, G013771, G013846, G014040, G014058, G014061, G014415, G014562, G014615, G014675, G014842, G015164, G015209, G015507, G015579, G015818, G016407, G016499, G016707, G016803, G016977, G017700, G017812, G017941, G018430, G018523, G018559, G018626, G018645, G019457, G019463, G019688, G019812, G020090, G020159, G020370, G020666, G020701, G020973, G021069, G021485, G021512, G021693, G022356, G022363, G022464, G022585, G023341, G023455, G023460, G023491, G023846, G023849, G024144, G025273, G025605, G026112, G026397, G026577, G026703, G026748, G027198, G027221, G028337, G028432, G028536
GO:0098852	CC	p	lytic vacuole membrane	16/2037	259/11561	8.516888213346585e-08	6	16	3.3770452101757974e-06	G001037, G002232, G004209, G004212, G011609, G012066, G013788, G016020, G020697, G022078, G022360, G022812, G023622, G023640, G027413, G028468
GO:0010008	CC	p	endosome membrane	28/2037	357/11561	9.542950679097036e-08	6	28	3.6978933881501014e-06	G001037, G001998, G002100, G004009, G004212, G007282, G007384, G008483, G010616, G011476, G012066, G013527, G013788, G014159, G015579, G015603, G016977, G018082, G019275, G019475, G019530, G020634, G020697, G020708, G022078, G022812, G027413, G028468
GO:0120025	CC	p	plasma membrane bounded cell projection	134/2037	1109/11561	1.312783505108082e-07	3	134	4.973990836020621e-06	G000682, G000990, G001362, G001363, G001369, G001560, G001757, G001814, G001998, G002229, G003350, G003389, G003449, G003479, G003608, G003611, G003697, G004133, G004186, G004257, G004336, G004381, G004536, G004927, G004964, G005003, G005021, G005084, G005485, G005634, G006046, G006047, G006100, G006229, G006312, G006323, G006581, G006679, G006906, G007384, G007428, G008006, G008215, G008296, G009151, G009201, G009470, G009486, G009514, G009916, G010200, G010265, G010535, G010548, G010673, G010891, G010914, G010974, G011281, G011296, G011783, G012139, G012307, G012620, G012739, G012796, G012824, G013095, G013443, G013474, G013598, G013771, G013846, G014040, G014058, G014415, G014562, G014615, G014675, G014842, G015164, G015209, G015507, G015579, G015818, G016407, G016499, G016707, G016803, G016977, G017700, G017812, G017941, G018430, G018523, G018559, G018626, G018645, G019457, G019463, G019688, G019812, G020090, G020159, G020370, G020666, G020701, G020973, G021069, G021485, G021512, G021693, G022356, G022363, G022464, G022585, G023341, G023455, G023460, G023491, G023846, G023849, G024144, G025273, G025605, G026112, G026397, G026577, G026703, G027198, G027221, G028337, G028432, G028536
GO:0005765	CC	p	lysosomal membrane	16/2037	253/11561	1.60995664327104e-07	7	16	5.770574361309293e-06	G001037, G002232, G004209, G004212, G011609, G012066, G013788, G016020, G020697, G022078, G022360, G022812, G023622, G023640, G027413, G028468
GO:0005615	CC	p	extracellular space	43/2037	468/11561	2.2454059343006698e-07	2	43	7.813096159148248e-06	G000002, G000009, G001551, G001565, G001993, G002089, G003933, G004455, G005041, G005084, G005763, G006000, G006654, G006904, G008045, G008600, G009352, G010274, G010302, G014346, G015814, G015945, G017606, G020160, G020921, G021313, G022178, G022867, G023520, G023558, G023561, G024703, G025213, G025538, G026227, G026376, G027197, G027314, G027379, G027753, G027990, G028319, G028455
GO:0016324	CC	p	apical plasma membrane	12/2037	212/11561	3.7103608813746896e-07	4	12	1.24042456916546e-05	G002748, G003417, G003697, G006906, G008249, G008753, G009893, G011294, G012739, G015928, G016020, G019475
GO:0030054	CC	p	cell junction	99/2037	857/11561	4.493867843313306e-07	2	99	1.4456688061979597e-05	G000682, G000995, G001369, G001479, G001998, G002431, G002539, G002748, G003313, G003350, G003692, G003697, G003764, G004536, G004599, G004927, G005021, G005193, G005540, G006581, G006834, G008320, G008379, G008878, G009634, G009665, G009734, G010145, G010146, G010200, G010535, G010673, G010974, G011294, G011298, G011595, G011720, G011765, G011783, G011847, G011897, G012186, G012796, G013095, G013771, G013994, G014003, G014040, G014569, G014594, G014615, G015231, G015944, G016020, G016407, G016499, G016592, G016914, G016969, G017110, G017126, G017941, G018071, G018234, G018345, G018430, G018626, G019457, G019463, G019530, G019688, G020159, G020370, G020982, G021486, G021490, G021531, G021693, G022208, G022592, G022913, G023450, G023455, G023494, G023658, G023698, G023870, G024071, G024072, G025273, G025605, G026145, G026397, G026419, G026949, G027998, G028049, G028536, G028862
GO:0098797	CC	p	plasma membrane protein complex	23/2037	297/11561	9.631986667574471e-07	3	23	2.7834808929177073e-05	G000956, G000990, G004026, G004599, G004926, G004927, G007384, G007698, G010200, G010240, G011294, G012954, G013041, G015579, G016020, G016908, G019530, G022462, G023494, G024338, G027263, G027360, G027634
GO:0045202	CC	p	synapse	53/2037	526/11561	1.0195022841346058e-06	3	53	2.8970856574158377e-05	G000682, G001369, G001998, G002539, G002748, G003350, G004536, G004599, G004927, G005540, G006581, G006834, G008379, G008878, G010200, G010535, G010673, G010974, G011294, G011720, G011783, G011847, G011897, G012186, G012796, G013095, G013771, G014003, G014040, G014569, G014615, G016020, G016499, G016592, G016969, G017941, G018430, G018626, G019457, G019463, G019530, G019688, G020159, G020370, G021486, G021531, G021693, G022592, G023450, G023494, G023698, G025273, G026397
GO:0098588	CC	p	bounding membrane of organelle	156/2037	1223/11561	1.221223210057725e-06	4	156	3.413418972374461e-05	G000560, G001037, G001514, G001813, G001998, G002100, G002104, G002163, G002229, G002232, G002400, G002610, G003191, G003908, G003914, G003933, G004009, G004190, G004209, G004212, G004273, G004309, G004495, G004582, G004757, G005542, G005634, G005692, G005740, G006000, G006205, G006301, G006518, G006742, G006763, G007233, G007282, G007384, G007701, G007800, G007882, G008215, G008365, G008369, G008483, G008551, G008758, G010105, G010302, G010460, G010464, G010616, G011097, G011298, G011476, G011513, G011548, G011609, G011726, G012066, G012176, G012293, G012969, G012970, G013351, G013527, G013788, G014040, G014159, G014302, G014346, G014675, G014676, G014855, G015485, G015489, G015579, G015603, G015818, G015854, G015864, G016020, G016241, G016397, G016605, G016710, G016764, G016977, G017073, G017268, G017438, G017444, G017450, G017812, G017941, G018082, G018142, G018169, G018472, G018514, G018592, G018593, G018595, G018701, G019275, G019321, G019475, G019530, G020449, G020634, G020697, G020708, G020973, G021081, G021531, G022051, G022078, G022178, G022254, G022301, G022360, G022812, G023064, G023149, G023184, G023460, G023478, G023561, G023609, G023622, G023640, G023846, G023849, G024214, G024907, G025455, G025620, G025732, G025782, G026295, G026464, G026692, G026775, G027197, G027214, G027413, G027634, G027736, G027738, G027753, G027883, G027990, G028319, G028450, G028458, G028468
GO:0005576	CC	p	extracellular region	66/2037	610/11561	2.395907029611303e-06	2	66	6.382846071073861e-05	G000963, G001289, G001363, G001462, G001551, G002748, G003016, G003692, G004203, G006178, G007700, G008104, G008106, G008107, G008110, G008493, G008502, G008698, G009201, G009355, G009470, G009631, G009665, G009789, G011185, G011765, G012823, G013376, G015507, G015600, G015821, G015928, G017810, G018256, G018257, G018258, G018348, G018518, G018559, G018856, G019043, G019530, G019688, G020232, G020701, G021081, G021819, G021849, G022227, G022257, G022286, G022356, G022573, G022994, G023520, G023618, G024071, G024072, G025213, G026286, G026623, G026904, G026908, G027046, G027221, G027497
GO:0044391	CC	p	ribosomal subunit	4/2037	120/11561	2.7762679184766795e-06	3	4	7.282364309234982e-05	G012634, G013545, G016591, G017503
GO:0099503	CC	p	secretory vesicle	16/2037	230/11561	2.9313496894874653e-06	7	16	7.459628687427057e-05	G001998, G002089, G003543, G009916, G010914, G012668, G014040, G014615, G015507, G019321, G020158, G021144, G021512, G021590, G023138, G026748
GO:1990351	CC	p	transporter complex	17/2037	237/11561	3.952629641975716e-06	2	17	9.76700512980956e-05	G004026, G004926, G004927, G005556, G006553, G006906, G007698, G010240, G011294, G012954, G013095, G016908, G022462, G023494, G024338, G025620, G027360
GO:0098793	CC	p	presynapse	12/2037	191/11561	5.374814075843466e-06	2	12	0.0001290712394269452	G002748, G005476, G010914, G011783, G012739, G014040, G014302, G014842, G016764, G019457, G019463, G021069
GO:1902495	CC	p	transmembrane transporter complex	16/2037	225/11561	5.491093820913512e-06	3	16	0.00013003215228691025	G004026, G004926, G004927, G005556, G006553, G006906, G007698, G010240, G011294, G012954, G013095, G016908, G022462, G023494, G024338, G027360
GO:0030027	CC	p	lamellipodium	5/2037	122/11561	1.1287225984395776e-05	4	5	0.0002436040544733519	G006100, G010548, G012307, G017700, G020370
GO:0031090	CC	p	organelle membrane	315/2037	2175/11561	1.6035181301544712e-05	3	315	0.00034174980148917166	G000488, G000560, G001037, G001085, G001407, G001514, G001813, G001998, G002100, G002104, G002163, G002229, G002232, G002242, G002400, G002610, G003016, G003191, G003311, G003550, G003755, G003819, G003908, G003914, G003933, G003967, G003995, G004009, G004032, G004043, G004121, G004190, G004205, G004209, G004212, G004220, G004244, G004273, G004283, G004309, G004462, G004495, G004582, G004757, G005103, G005329, G005541, G005542, G005556, G005634, G005692, G005740, G005765, G005927, G006000, G006004, G006116, G006205, G006290, G006301, G006336, G006433, G006446, G006483, G006503, G006518, G006679, G006742, G006763, G006834, G006849, G006853, G006998, G007051, G007233, G007282, G007384, G007701, G007800, G007882, G008038, G008043, G008145, G008215, G008241, G008365, G008369, G008415, G008483, G008551, G008758, G008890, G008971, G009025, G009316, G010105, G010302, G010460, G010464, G010616, G010674, G010769, G010799, G010966, G011097, G011227, G011292, G011298, G011476, G011486, G011513, G011548, G011609, G011720, G011726, G012066, G012107, G012151, G012176, G012268, G012293, G012635, G012696, G012925, G012926, G012969, G012970, G013191, G013194, G013351, G013527, G013593, G013788, G013824, G013946, G014040, G014159, G014302, G014346, G014615, G014675, G014676, G014797, G014855, G014929, G015257, G015301, G015485, G015489, G015579, G015603, G015659, G015818, G015854, G015864, G015992, G016020, G016126, G016241, G016262, G016373, G016397, G016499, G016516, G016591, G016605, G016710, G016752, G016764, G016977, G017073, G017110, G017268, G017343, G017438, G017444, G017450, G017543, G017780, G017812, G017890, G017941, G017967, G018012, G018082, G018100, G018142, G018169, G018280, G018350, G018472, G018514, G018528, G018592, G018593, G018595, G018657, G018701, G018892, G019020, G019275, G019321, G019382, G019398, G019475, G019530, G019718, G019736, G019739, G019989, G020095, G020120, G020449, G020469, G020485, G020505, G020557, G020634, G020697, G020708, G020759, G020973, G021081, G021107, G021321, G021343, G021531, G021611, G021667, G021693, G021839, G021885, G021887, G021926, G022019, G022051, G022075, G022078, G022149, G022178, G022254, G022301, G022360, G022538, G022693, G022812, G022829, G023064, G023149, G023184, G023458, G023460, G023478, G023531, G023561, G023609, G023622, G023640, G023713, G023846, G023849, G023892, G023942, G024214, G024445, G024465, G024722, G024907, G024963, G024984, G025343, G025449, G025455, G025620, G025726, G025732, G025782, G025817, G026012, G026050, G026175, G026295, G026369, G026464, G026588, G026692, G026775, G026883, G027197, G027214, G027222, G027251, G027360, G027394, G027413, G027552, G027575, G027586, G027634, G027644, G027736, G027738, G027753, G027872, G027883, G027901, G027990, G028099, G028201, G028319, G028416, G028450, G028458, G028468, G028517
GO:0098858	CC	p	actin-based cell projection	4/2037	108/11561	1.8912312338076522e-05	4	4	0.0003980925004496354	G004336, G005634, G006906, G014040
GO:0030425	CC	p	dendrite	26/2037	294/11561	2.4489821615694617e-05	5	26	0.0004987708390681649	G000990, G001362, G001757, G001998, G002229, G004257, G004536, G004927, G004964, G005485, G007384, G009151, G010548, G010673, G010974, G011296, G012824, G014040, G014615, G015579, G016977, G020370, G023846, G023849, G025273, G026703
GO:0043235	CC	p	receptor complex	17/2037	222/11561	2.4572874182830417e-05	2	17	0.0004987708390681649	G000990, G007384, G010200, G010765, G010954, G013041, G013159, G014682, G015579, G015603, G017380, G020439, G020865, G022227, G023450, G025214, G027263
GO:0030139	CC	p	endocytic vesicle	3/2037	94/11561	3.070766183369475e-05	7	3	0.0005949609480278358	G009893, G013355, G021693
GO:0098800	CC	p	inner mitochondrial membrane protein complex	2/2037	82/11561	3.147076769674432e-05	3	2	0.0006028950440780794	G027394, G028099
GO:0098798	CC	p	mitochondrial protein-containing complex	11/2037	169/11561	3.785811566152742e-05	2	11	0.0007093196395923545	G000488, G005487, G008518, G012634, G016591, G017503, G024514, G025147, G025682, G027394, G028099
GO:0098685	CC	p	Schaffer collateral - CA1 synapse	3/2037	93/11561	4.8181048408153264e-05	4	3	0.0008833192208161432	G018430, G023450, G023698
GO:0016323	CC	p	basolateral plasma membrane	8/2037	137/11561	6.614061292243396e-05	4	8	0.0011746848440911447	G000995, G008551, G011294, G012739, G017553, G019653, G019659, G027360
GO:0030175	CC	p	filopodium	0/2037	52/11561	6.82258790817035e-05	5	0	0.0011992280807660255	
GO:0044306	CC	p	neuron projection terminus	3/2037	86/11561	9.88203096696318e-05	2	3	0.0016358119222011865	G005476, G012739, G013445
GO:0015934	CC	p	large ribosomal subunit	2/2037	75/11561	0.00010549200575522366	4	2	0.0017294602866601571	G016591, G017503
GO:0070382	CC	p	exocytic vesicle	7/2037	125/11561	0.00012543453092661285	8	7	0.0020176025965082537	G001998, G010914, G014040, G014615, G019321, G021144, G021590
GO:0030141	CC	p	secretory granule	8/2037	128/11561	0.0002533876802473539	8	8	0.0037243620243253305	G002089, G003543, G009916, G015507, G020158, G021512, G023138, G026748
GO:0030424	CC	p	axon	33/2037	321/11561	0.0002573105410175866	5	33	0.0037363499603545076	G000682, G001362, G001998, G002229, G003350, G004257, G004927, G005021, G005485, G007384, G009151, G009514, G010265, G010548, G012739, G012796, G012824, G013771, G014040, G014562, G015579, G016499, G016977, G018430, G019688, G020159, G020370, G023455, G023460, G023846, G023849, G026703, G027198
GO:0098803	CC	p	respiratory chain complex	0/2037	45/11561	0.0002585860969629513	3	0	0.0037363499603545076	
GO:0044297	CC	p	cell body	29/2037	291/11561	0.00031277962691321536	2	29	0.004370598025969891	G000990, G001998, G002229, G002748, G004536, G004599, G004927, G004964, G006100, G006323, G007384, G007428, G008296, G010535, G010548, G010673, G010974, G011783, G012739, G014040, G015579, G016020, G016241, G016499, G019530, G020370, G020973, G021069, G026703
GO:0043679	CC	p	axon terminus	2/2037	68/11561	0.0003495819884222987	3	2	0.004768298322080154	G005476, G012739
GO:0008076	CC	p	voltage-gated potassium channel complex	2/2037	68/11561	0.0003495819884222987	7	2	0.004768298322080154	G016908, G027360
GO:0031902	CC	p	late endosome membrane	7/2037	114/11561	0.0004782558155791174	7	7	0.00630362150815639	G004009, G012066, G013527, G020634, G022078, G022812, G028468
GO:0098552	CC	p	side of membrane	10/2037	140/11561	0.00048062803287995937	2	10	0.00630362150815639	G000990, G001045, G006411, G013041, G014040, G014855, G020697, G022051, G022175, G027263
GO:0042734	CC	p	presynaptic membrane	8/2037	123/11561	0.0004884520451721771	5	8	0.006357333870370702	G000682, G003350, G004927, G012796, G013771, G014615, G020159, G023698
GO:0045335	CC	p	phagocytic vesicle	1/2037	55/11561	0.0005330620235291642	8	1	0.0068853844705850376	G013355
GO:0098802	CC	p	plasma membrane signaling receptor complex	4/2037	86/11561	0.0005413307390249916	4	4	0.006939615864944441	G000990, G010200, G013041, G027263
GO:0098978	CC	p	glutamatergic synapse	27/2037	268/11561	0.000624537634750126	4	27	0.007893321045139583	G000682, G001369, G003350, G004927, G005540, G006581, G008379, G010200, G010535, G011783, G011847, G011897, G012796, G013771, G014040, G014569, G014615, G016499, G016592, G017941, G018430, G018626, G021531, G022592, G023698, G025273, G026397
GO:0033646	CC	p	host intracellular part	0/2037	41/11561	0.0006441027815613184	4	0	0.008074965018838587	
GO:0008021	CC	p	synaptic vesicle	7/2037	112/11561	0.0006686504043775881	9	7	0.008321525105575092	G001998, G010914, G014040, G014615, G019321, G021144, G021590
GO:0099501	CC	p	exocytic vesicle membrane	8/2037	121/11561	0.0006802802481003876	7	8	0.008344444769864467	G002232, G004495, G008551, G014040, G018593, G018595, G021531, G023460
GO:0030672	CC	p	synaptic vesicle membrane	8/2037	121/11561	0.0006802802481003876	8	8	0.008344444769864467	G002232, G004495, G008551, G014040, G018593, G018595, G021531, G023460
GO:0030666	CC	p	endocytic vesicle membrane	1/2037	52/11561	0.0007983153332001236	6	1	0.009722340307901506	G010464
GO:0034702	CC	p	monoatomic ion channel complex	16/2037	183/11561	0.0008273809507093771	4	16	0.009980490317369396	G004026, G004926, G004927, G005556, G006553, G006906, G007698, G010240, G011294, G012954, G013095, G016908, G022462, G023494, G024338, G027360
GO:0045211	CC	p	postsynaptic membrane	11/2037	144/11561	0.0008618114285982444	5	11	0.010114160500051875	G000682, G003350, G004927, G006229, G007425, G007428, G010105, G010200, G012796, G013095, G013771
GO:0005925	CC	p	focal adhesion	12/2037	151/11561	0.001126119202177072	5	12	0.01230790538276864	G003313, G005021, G005193, G011298, G015231, G015944, G017110, G018071, G020982, G021693, G023450, G023455
GO:0070161	CC	p	anchoring junction	43/2037	374/11561	0.001148315312674202	3	43	0.012470558013436397	G001479, G002431, G003313, G003692, G003697, G005021, G005193, G008320, G008379, G009634, G009665, G009734, G010145, G010146, G011298, G011765, G013994, G014594, G015231, G015944, G016407, G016499, G016914, G017110, G017126, G018071, G018345, G020982, G021693, G022208, G022913, G023450, G023455, G023870, G024071, G024072, G025605, G026419, G026949, G027998, G028049, G028536, G028862
GO:0031901	CC	p	early endosome membrane	8/2037	117/11561	0.0013260130091348721	7	8	0.014309191016297197	G004212, G007282, G011476, G014159, G019275, G019530, G020708, G028468
GO:0034705	CC	p	potassium channel complex	3/2037	71/11561	0.0014467881313278588	6	3	0.015514300401974837	G005556, G016908, G027360
GO:0009986	CC	p	cell surface	26/2037	251/11561	0.0018374151027854935	2	26	0.01864757589434087	G001998, G002100, G002493, G002539, G004599, G004927, G005683, G008104, G008106, G008107, G008110, G010302, G010799, G012739, G016020, G017941, G019075, G019457, G019463, G019530, G019688, G020442, G021485, G022867, G023959, G028517
GO:0009897	CC	p	external side of plasma membrane	3/2037	68/11561	0.0020600175319547952	3	3	0.020783017112325004	G000990, G001045, G006411
GO:0043025	CC	p	neuronal cell body	27/2037	252/11561	0.0025675394878011916	3	27	0.02537164336150094	G000990, G001998, G002229, G002748, G004536, G004599, G004927, G004964, G006323, G007384, G007428, G008296, G010535, G010548, G010673, G010974, G011783, G012739, G014040, G015579, G016020, G016241, G016499, G019530, G020370, G020973, G026703
GO:0044423	CC	p	virion component	0/2037	35/11561	0.0026383696453763216	1	0	0.025678512223476	
GO:0030136	CC	p	clathrin-coated vesicle	2/2037	58/11561	0.0026506851327459096	8	2	0.025678512223476	G010914, G018719
GO:0033643	CC	p	host cell part	1/2037	46/11561	0.002841905101040163	3	1	0.027375413543917954	G019348
GO:0030133	CC	p	transport vesicle	14/2037	154/11561	0.003836377445545859	7	14	0.03535688402516589	G001998, G006277, G007800, G010914, G011032, G014040, G014615, G015730, G019321, G021144, G021590, G022178, G023846, G023849
GO:0022625	CC	p	cytosolic large ribosomal subunit	0/2037	32/11561	0.0038878646926329735	5	0	0.03563875968246893	
GO:0005905	CC	p	clathrin-coated pit	1/2037	43/11561	0.004193178198789439	3	1	0.03802855760072337	G005021
GO:0031526	CC	p	brush border membrane	1/2037	44/11561	0.004372775961078132	5	1	0.03923991059809587	G006083
GO:0005770	CC	p	late endosome	7/2037	97/11561	0.004647294783587261	8	7	0.04148501364406429	G001544, G001735, G001998, G004009, G006004, G020634, G022812
GO:0030658	CC	p	transport vesicle membrane	14/2037	151/11561	0.004999810952311661	6	14	0.04416931437145794	G002232, G002610, G004495, G007800, G008551, G010460, G014040, G014159, G014302, G018593, G018595, G021531, G023184, G023460
GO:0003682	MF	e	chromatin binding	121/2037	265/11561	1.1660536938943748e-26	3	121	4.4251737683291525e-23	G000576, G000577, G000606, G001068, G001856, G001860, G002270, G002459, G003423, G003549, G003574, G003700, G003822, G003973, G004176, G004259, G004282, G004357, G004435, G004504, G005473, G005943, G005979, G006034, G006271, G006274, G006441, G006447, G006730, G006768, G007050, G007619, G008403, G008980, G009332, G009397, G010049, G010468, G010662, G010982, G011614, G011630, G011799, G011842, G011847, G011867, G012472, G012589, G012696, G012787, G013001, G013016, G013447, G014412, G014688, G014727, G014843, G014884, G015600, G015815, G016583, G016819, G016935, G017524, G017607, G017621, G017709, G017812, G017972, G018129, G018352, G018392, G018592, G018656, G018657, G019225, G019432, G019434, G019507, G020175, G020406, G020982, G021922, G021940, G022096, G022136, G022280, G022282, G022296, G022550, G022557, G022810, G023001, G023038, G023196, G023845, G024507, G024597, G024842, G025076, G025564, G025637, G025642, G025943, G026228, G026429, G026450, G026474, G026638, G026858, G026883, G027188, G027428, G027728, G027872, G027909, G027913, G027919, G028094, G028274, G028376
GO:0042393	MF	e	histone binding	67/2037	156/11561	1.6397759432484259e-13	3	67	1.0371582841046294e-10	G000012, G000217, G001200, G001394, G002591, G002616, G003548, G003549, G003574, G004564, G006607, G006730, G007619, G008039, G009338, G010125, G010131, G010493, G011181, G011630, G011847, G012589, G012896, G013211, G014064, G014412, G014688, G014710, G014727, G014884, G016168, G016421, G016819, G017154, G017607, G017709, G017907, G018352, G018392, G018659, G019225, G019432, G019434, G019507, G020247, G020443, G020982, G021246, G021520, G021940, G022233, G022282, G022797, G023001, G023845, G023894, G024507, G025384, G025565, G025721, G025732, G026474, G026638, G026734, G027068, G027573, G028148
GO:0008134	MF	e	transcription factor binding	78/2037	226/11561	8.56109558785713e-10	3	78	4.0611697194897263e-07	G000606, G001247, G001394, G003423, G003574, G003822, G003973, G004259, G004435, G004852, G005634, G005846, G005979, G006271, G006274, G006980, G007410, G008249, G008870, G009332, G009397, G009470, G009960, G010265, G010954, G011505, G011799, G011842, G011847, G011867, G011919, G012568, G013001, G013230, G014064, G014675, G015334, G015600, G015602, G015603, G015818, G016258, G016583, G016930, G016935, G017027, G017606, G017621, G018399, G019114, G019432, G019434, G020406, G020501, G020982, G021069, G021490, G021520, G021722, G021958, G021970, G022268, G022550, G023038, G023164, G023196, G023862, G025076, G025568, G026228, G026450, G026536, G026703, G026977, G027521, G027633, G028323, G028761
GO:0140297	MF	e	DNA-binding transcription factor binding	63/2037	176/11561	5.924947149433764e-09	4	63	2.4983527146779036e-06	G000606, G001247, G003423, G003574, G003822, G003973, G004435, G005634, G005979, G006271, G006274, G007410, G008249, G008870, G009332, G009397, G009470, G009960, G010954, G011505, G011799, G011842, G011847, G011867, G012568, G013001, G013230, G014064, G014675, G015334, G015602, G015603, G015818, G016258, G016583, G016930, G016935, G017621, G019114, G019432, G019434, G020406, G020501, G021069, G021490, G021520, G021722, G021970, G022268, G022550, G023038, G023196, G023862, G025076, G025568, G026228, G026450, G026536, G026977, G027521, G027633, G028323, G028761
GO:0003676	MF	e	nucleic acid binding	508/2037	2360/11561	4.7857189600491726e-08	3	508	1.4394949687889137e-05	G000002, G000009, G000012, G000217, G000576, G000577, G000603, G000606, G001068, G001115, G001215, G001233, G001247, G001261, G001335, G001371, G001472, G001505, G001617, G001642, G001678, G001680, G001681, G001684, G001685, G001711, G001757, G001766, G001797, G001856, G001871, G001936, G002001, G002110, G002131, G002270, G002328, G002340, G002485, G002489, G002549, G002591, G003311, G003332, G003396, G003521, G003544, G003574, G003607, G003646, G003647, G003700, G003730, G003737, G003755, G003764, G003782, G003908, G003952, G003973, G003996, G003998, G004056, G004132, G004176, G004185, G004221, G004259, G004282, G004343, G004357, G004403, G004455, G004462, G004564, G004727, G004848, G004879, G004996, G005127, G005134, G005152, G005189, G005215, G005217, G005287, G005295, G005329, G005387, G005473, G005477, G005485, G005514, G005619, G005763, G005765, G005832, G005860, G005883, G005910, G005941, G005943, G005979, G005981, G006004, G006034, G006182, G006198, G006260, G006271, G006274, G006339, G006356, G006406, G006439, G006447, G006503, G006581, G006617, G006725, G006768, G006811, G006938, G006945, G007007, G007050, G007095, G007133, G007193, G007201, G007218, G007236, G007270, G007276, G007282, G007410, G007553, G007617, G007619, G007769, G007800, G007805, G007819, G007881, G007992, G008025, G008038, G008146, G008241, G008293, G008296, G008381, G008400, G008423, G008454, G008685, G008761, G008845, G008870, G008980, G009027, G009173, G009332, G009397, G009401, G009546, G009617, G009682, G009869, G009946, G009949, G009960, G010027, G010029, G010063, G010125, G010265, G010413, G010527, G010578, G010662, G010673, G010698, G010794, G010966, G010974, G010982, G010989, G011120, G011272, G011296, G011310, G011505, G011523, G011546, G011630, G011799, G011847, G011897, G011919, G012008, G012019, G012059, G012066, G012072, G012116, G012138, G012411, G012449, G012472, G012568, G012589, G012598, G012787, G012811, G012876, G012962, G013001, G013016, G013032, G013190, G013218, G013265, G013351, G013368, G013433, G013444, G013445, G013447, G013450, G013453, G013545, G013598, G013691, G013862, G013946, G014064, G014095, G014213, G014269, G014301, G014326, G014364, G014377, G014412, G014449, G014523, G014629, G014646, G014664, G014683, G014697, G014710, G014797, G014843, G014884, G014914, G014963, G015231, G015369, G015443, G015600, G015744, G015815, G015833, G015834, G016130, G016145, G016161, G016220, G016358, G016378, G016382, G016386, G016414, G016417, G016436, G016437, G016500, G016583, G016643, G016657, G016675, G016676, G016682, G016688, G016856, G016930, G016935, G016939, G017027, G017073, G017098, G017109, G017111, G017206, G017272, G017314, G017407, G017422, G017464, G017480, G017491, G017503, G017543, G017545, G017606, G017611, G017621, G017709, G017812, G017893, G017907, G017983, G018012, G018129, G018143, G018201, G018227, G018234, G018280, G018290, G018295, G018326, G018352, G018363, G018364, G018392, G018420, G018421, G018422, G018462, G018475, G018508, G018654, G018657, G018659, G018877, G019040, G019051, G019104, G019194, G019225, G019506, G019507, G019551, G019620, G019622, G019751, G019989, G020123, G020153, G020169, G020175, G020375, G020406, G020501, G020520, G020540, G020685, G020687, G020702, G020765, G020830, G020919, G020982, G021040, G021069, G021125, G021149, G021358, G021404, G021462, G021486, G021487, G021520, G021578, G021591, G021661, G021841, G021919, G021922, G021940, G021947, G021958, G022018, G022035, G022096, G022115, G022119, G022175, G022233, G022251, G022254, G022268, G022282, G022347, G022376, G022468, G022495, G022496, G022660, G022693, G022752, G022797, G022801, G022811, G022844, G022845, G022929, G023001, G023008, G023038, G023060, G023196, G023258, G023343, G023345, G023703, G023705, G023782, G023819, G023900, G024143, G024170, G024355, G024403, G024429, G024507, G024722, G024781, G024842, G024884, G024914, G024938, G025013, G025038, G025075, G025129, G025221, G025368, G025431, G025564, G025568, G025589, G025653, G025677, G025687, G025688, G025691, G025721, G025923, G025955, G026003, G026157, G026322, G026353, G026426, G026427, G026429, G026444, G026450, G026460, G026496, G026526, G026536, G026624, G026703, G026754, G026758, G026768, G026775, G026858, G026862, G026883, G026950, G026977, G027188, G027193, G027196, G027228, G027314, G027350, G027428, G027458, G027574, G027633, G027640, G027709, G027872, G027879, G027909, G027919, G027958, G027960, G027989, G028034, G028094, G028100, G028114, G028126, G028274, G028365, G028376, G028434, G028721, G028770, G028875
GO:0003723	MF	e	RNA binding	223/2037	911/11561	4.9310763094218384e-08	4	223	1.4394949687889137e-05	G000002, G000009, G000603, G001233, G001505, G001642, G001678, G001680, G001711, G001757, G001871, G002131, G002485, G003311, G003332, G003396, G003544, G003646, G003737, G003755, G003952, G003996, G003998, G004056, G004132, G004185, G004221, G004282, G004343, G004727, G004848, G004996, G005215, G005295, G005329, G005485, G005514, G005763, G005765, G005860, G005941, G005981, G006182, G006271, G006274, G006339, G006356, G006406, G006439, G006503, G006581, G006617, G007007, G007050, G007095, G007133, G007201, G007218, G007236, G007282, G007410, G007553, G007800, G007805, G007881, G007992, G008025, G008038, G008146, G008296, G008381, G008845, G009027, G009173, G009401, G009546, G009617, G009682, G009869, G009949, G010027, G010029, G010063, G010265, G010413, G010662, G010673, G010794, G010974, G010989, G011296, G011505, G011523, G011897, G012008, G012019, G012066, G012116, G012411, G012449, G013351, G013368, G013433, G013445, G013450, G013453, G013545, G013598, G013691, G013862, G014269, G014301, G014326, G014364, G014449, G014629, G014646, G014664, G014697, G014914, G014963, G015231, G015744, G016130, G016220, G016378, G016382, G016414, G016500, G016643, G016675, G016676, G016682, G016856, G017073, G017098, G017111, G017206, G017272, G017407, G017464, G017491, G017503, G017543, G017611, G017621, G017907, G017983, G018227, G018280, G018326, G018363, G018420, G018422, G018462, G018508, G018877, G019040, G019194, G019506, G019551, G019620, G019622, G020169, G020375, G020520, G020685, G020687, G020702, G020919, G021069, G021404, G021462, G021486, G021578, G021591, G021661, G022035, G022119, G022233, G022254, G022268, G022347, G022468, G022495, G022660, G022811, G022845, G022929, G023008, G023038, G023258, G024429, G024722, G024781, G025038, G025075, G025368, G025677, G025688, G026322, G026426, G026427, G026496, G026526, G026624, G026758, G026768, G027193, G027196, G027228, G027314, G027458, G027709, G027872, G027909, G027958, G027960, G028100, G028114, G028434, G028721, G028770
GO:0061629	MF	e	RNA polymerase II-specific DNA-binding transcription factor binding	49/2037	131/11561	8.518992790507662e-08	5	49	2.1553051759984386e-05	G000606, G003574, G003822, G003973, G004435, G005634, G005979, G006271, G006274, G007410, G008249, G008870, G009332, G009397, G009470, G010954, G011505, G011799, G011847, G012568, G013001, G013230, G014064, G014675, G015334, G015603, G015818, G016258, G016583, G016930, G016935, G019114, G020406, G020501, G021069, G021490, G021520, G021970, G022550, G023038, G023196, G023862, G025568, G026228, G026450, G026977, G027521, G027633, G028761
GO:0140030	MF	e	modification-dependent protein binding	42/2037	112/11561	5.283971784497195e-07	3	42	0.00011140373845648252	G001394, G001785, G003548, G003549, G003574, G004259, G007619, G008039, G008980, G009549, G011181, G012589, G012896, G014064, G014412, G014710, G014884, G014953, G016168, G016421, G017422, G017983, G019039, G019225, G019432, G019434, G020982, G021246, G021520, G021940, G022233, G023001, G023024, G023845, G024507, G025721, G026474, G026703, G026734, G027263, G027573, G028148
GO:0003712	MF	e	transcription coregulator activity	73/2037	237/11561	6.377044192541945e-07	3	73	0.00012737306689840358	G001200, G001362, G002591, G003423, G003574, G004282, G005271, G005670, G005832, G005835, G005846, G006034, G006271, G006274, G007410, G008870, G009285, G009331, G009397, G010493, G010749, G010954, G011332, G011505, G012589, G013230, G014064, G014343, G014797, G015602, G016040, G016130, G016168, G016258, G016421, G016750, G016819, G016930, G016935, G017606, G018129, G018399, G018421, G018592, G019114, G019554, G020247, G021069, G021722, G022268, G022280, G022550, G022592, G023196, G023290, G024143, G024464, G024470, G024597, G024651, G024914, G025076, G025129, G025568, G026344, G026503, G026536, G026638, G026734, G026977, G027068, G028323, G028324
GO:0016796	MF	e	exonuclease activity, active with either ribo- or deoxyribonucleic acids and producing 5'-phosphomonoesters	24/2037	50/11561	7.549448759664499e-07	6	24	0.00013124800000126596	G000576, G000577, G001130, G001354, G005189, G007133, G007270, G010673, G010974, G016378, G016498, G016675, G016676, G016682, G017464, G018143, G019622, G020702, G022268, G023164, G024722, G026003, G026775, G027709
GO:0030674	MF	e	protein-macromolecule adaptor activity	113/2037	418/11561	1.1059320009218547e-06	2	113	0.00017487549764576827	G000956, G001200, G001362, G002001, G002008, G002591, G003423, G003548, G003574, G004259, G004282, G004455, G004462, G005271, G005542, G005670, G005832, G005835, G005846, G006034, G006271, G006274, G007410, G008025, G008379, G008870, G009285, G009331, G009397, G009915, G010460, G010493, G010749, G010914, G010954, G011298, G011332, G011505, G011720, G012589, G012668, G013230, G013994, G014040, G014064, G014343, G014615, G014660, G014668, G014797, G015301, G015602, G016040, G016130, G016168, G016258, G016421, G016443, G016750, G016819, G016930, G016935, G017606, G017812, G018129, G018399, G018421, G018457, G018592, G019114, G019432, G019434, G019554, G019739, G019756, G020247, G020687, G021069, G021722, G022208, G022268, G022280, G022550, G022592, G023196, G023290, G023638, G023837, G023870, G023892, G024143, G024464, G024470, G024597, G024651, G024914, G025076, G025129, G025273, G025568, G025782, G026322, G026344, G026474, G026503, G026536, G026638, G026734, G026977, G027068, G027998, G028323, G028324
GO:0008094	MF	e	ATP-dependent activity, acting on DNA	43/2037	119/11561	1.2706200941885148e-06	4	43	0.00019288013029781655	G001200, G001472, G003647, G003814, G004176, G004282, G005910, G005979, G006447, G006945, G007617, G007619, G010265, G011847, G012962, G013444, G014095, G014523, G015815, G016436, G016657, G018234, G018290, G018363, G018657, G018659, G019751, G020123, G020175, G021040, G021487, G021841, G021940, G022115, G022282, G022376, G024355, G024507, G025637, G025642, G025653, G028034, G028094
GO:0060090	MF	e	molecular adaptor activity	122/2037	466/11561	2.8261843103434695e-06	1	122	0.00038304890920548096	G000956, G001200, G001355, G001362, G002001, G002008, G002459, G002591, G003423, G003548, G003574, G004259, G004282, G004455, G004462, G005271, G005487, G005542, G005670, G005832, G005835, G005846, G006034, G006271, G006274, G007410, G008025, G008379, G008870, G009285, G009331, G009397, G009549, G009915, G010460, G010493, G010749, G010914, G010954, G011298, G011332, G011505, G011720, G012589, G012668, G013230, G013994, G014040, G014064, G014343, G014615, G014660, G014668, G014797, G014842, G015301, G015602, G016040, G016130, G016168, G016258, G016421, G016443, G016750, G016819, G016930, G016935, G017606, G017812, G018129, G018399, G018421, G018457, G018592, G019114, G019321, G019432, G019434, G019554, G019739, G019756, G020247, G020666, G020687, G021069, G021722, G022208, G022268, G022280, G022550, G022592, G023196, G023290, G023638, G023837, G023870, G023892, G024143, G024464, G024470, G024597, G024651, G024914, G025076, G025129, G025273, G025568, G025782, G026322, G026344, G026474, G026496, G026503, G026536, G026638, G026734, G026977, G027068, G027521, G027998, G028323, G028324
GO:0042826	MF	e	histone deacetylase binding	17/2037	31/11561	3.074406921518795e-06	4	17	0.0004023232505918561	G002553, G003423, G006607, G011847, G013041, G013190, G015602, G016829, G016935, G018931, G019432, G019434, G020501, G021722, G023038, G025075, G026703
GO:0003684	MF	e	damaged DNA binding	21/2037	44/11561	4.157744967112058e-06	5	21	0.0005229067634088487	G001261, G002001, G004455, G005134, G005387, G007619, G012072, G013001, G013265, G014064, G017314, G018143, G018295, G018363, G020702, G021358, G023196, G026536, G026977, G028034, G028376
GO:0140110	MF	e	transcription regulator activity	132/2037	525/11561	9.983456604167793e-06	1	132	0.001052422717022688	G001200, G001247, G001335, G001362, G002328, G002340, G002489, G002591, G003423, G003574, G003730, G003908, G004282, G004403, G004879, G005217, G005271, G005619, G005670, G005832, G005835, G005846, G005883, G005981, G006034, G006198, G006271, G006274, G006938, G007193, G007410, G007769, G008423, G008454, G008870, G009285, G009331, G009397, G009946, G009960, G010493, G010527, G010749, G010954, G010982, G011272, G011332, G011505, G011546, G011799, G012589, G013230, G013447, G014064, G014343, G014412, G014797, G014884, G015369, G015600, G015602, G016040, G016130, G016145, G016161, G016168, G016258, G016386, G016417, G016421, G016583, G016750, G016819, G016930, G016935, G016939, G017545, G017606, G017621, G017709, G017812, G017893, G018129, G018399, G018421, G018592, G019114, G019554, G020247, G020406, G021069, G021722, G021947, G021958, G022175, G022268, G022280, G022496, G022550, G022592, G022693, G022752, G023060, G023196, G023290, G023343, G023703, G023705, G023819, G024143, G024464, G024470, G024597, G024651, G024914, G025076, G025129, G025568, G025691, G025955, G026344, G026353, G026444, G026503, G026536, G026638, G026734, G026977, G027068, G027188, G028323, G028324
GO:0140034	MF	e	methylation-dependent protein binding	23/2037	53/11561	1.0846395705336771e-05	4	23	0.0010832124132040275	G007619, G008039, G011181, G012589, G012896, G014064, G014412, G014710, G014884, G016168, G016421, G019225, G019432, G019434, G020982, G021246, G021940, G022233, G023001, G024507, G025721, G026734, G028148
GO:0035064	MF	e	methylated histone binding	23/2037	53/11561	1.0846395705336771e-05	5	23	0.0010832124132040275	G007619, G008039, G011181, G012589, G012896, G014064, G014412, G014710, G014884, G016168, G016421, G019225, G019432, G019434, G020982, G021246, G021940, G022233, G023001, G024507, G025721, G026734, G028148
GO:0016896	MF	e	RNA exonuclease activity, producing 5'-phosphomonoesters	17/2037	34/11561	1.5823477779461764e-05	7	17	0.0015397461070014717	G001354, G005189, G007133, G010673, G010974, G016378, G016498, G016675, G016676, G016682, G017464, G019622, G022268, G023164, G024722, G026775, G027709
GO:0140640	MF	e	catalytic activity, acting on a nucleic acid	155/2037	645/11561	2.485748981873647e-05	2	155	0.002246051758621545	G000576, G000577, G001068, G001130, G001200, G001261, G001354, G001472, G001505, G001757, G003396, G003647, G003814, G003878, G004176, G004282, G004357, G005134, G005189, G005387, G005763, G005910, G005943, G005979, G006406, G006447, G006725, G006945, G007007, G007133, G007270, G007276, G007617, G007619, G008045, G008241, G008293, G008381, G009020, G009173, G009682, G009949, G010265, G010673, G010769, G010974, G010989, G011120, G011197, G011847, G012019, G012072, G012449, G012598, G012962, G013001, G013032, G013405, G013444, G013445, G013450, G013946, G014095, G014377, G014449, G014523, G014629, G014904, G014914, G014963, G015516, G015815, G016378, G016436, G016437, G016498, G016561, G016657, G016675, G016676, G016682, G017073, G017109, G017111, G017206, G017464, G017611, G017895, G018143, G018234, G018280, G018290, G018302, G018363, G018657, G018659, G019622, G019751, G019960, G020123, G020175, G020223, G020458, G020464, G020520, G020702, G020919, G021040, G021404, G021487, G021841, G021940, G021957, G021997, G022115, G022119, G022254, G022268, G022282, G022376, G022468, G022660, G022801, G023164, G023253, G024355, G024507, G024722, G024842, G025272, G025352, G025431, G025637, G025642, G025653, G025677, G026003, G026369, G026427, G026536, G026734, G026764, G026775, G027196, G027314, G027350, G027458, G027574, G027709, G027728, G027909, G028034, G028094, G028770, G028875
GO:0004532	MF	e	RNA exonuclease activity	17/2037	35/11561	2.5738183671562304e-05	6	17	0.002271544349618115	G001354, G005189, G007133, G010673, G010974, G016378, G016498, G016675, G016676, G016682, G017464, G019622, G022268, G023164, G024722, G026775, G027709
GO:0032451	MF	e	demethylase activity	14/2037	27/11561	5.344188951607929e-05	2	14	0.0044089558850765416	G002270, G005271, G006271, G006274, G009397, G012568, G012589, G018302, G018421, G020744, G022557, G026228, G026503, G026536
GO:0000175	MF	e	3'-5'-RNA exonuclease activity	14/2037	27/11561	5.344188951607929e-05	8	14	0.0044089558850765416	G001354, G005189, G016378, G016498, G016675, G016676, G016682, G017464, G019622, G022268, G023164, G024722, G026775, G027709
GO:0016922	MF	e	nuclear receptor binding	24/2037	63/11561	9.708808757817594e-05	6	24	0.007368985847183554	G000606, G003574, G003973, G004435, G005979, G006271, G006274, G007410, G009397, G009470, G012568, G013001, G015334, G015603, G016258, G016930, G019114, G021069, G021520, G022550, G025568, G026228, G026450, G027521
GO:0140658	MF	e	ATP-dependent chromatin remodeler activity	14/2037	29/11561	0.00014529346951331918	5	14	0.010342117542713105	G001200, G003814, G004176, G005979, G006447, G011847, G018659, G019751, G021940, G022115, G022282, G024507, G025637, G025642
GO:0004527	MF	e	exonuclease activity	25/2037	68/11561	0.00015841234367806826	5	25	0.010342117542713105	G000576, G000577, G001130, G001354, G005189, G007133, G007270, G010673, G010974, G016378, G016498, G016675, G016676, G016682, G017464, G018143, G019622, G020702, G022268, G023164, G024722, G026003, G026775, G027350, G027709
GO:0003714	MF	e	transcription corepressor activity	25/2037	68/11561	0.00015841234367806826	4	25	0.010342117542713105	G002591, G003423, G005271, G005846, G006271, G010749, G011332, G011505, G013230, G014343, G015602, G016258, G016930, G016935, G017606, G018399, G021722, G022268, G023196, G024914, G025076, G026638, G027068, G028323, G028324
GO:1990841	MF	e	promoter-specific chromatin binding	13/2037	26/11561	0.00016032704796205182	4	13	0.010342117542713105	G001068, G003973, G004282, G006271, G006274, G008980, G011614, G013447, G020175, G023038, G026450, G027188, G028274
GO:0030374	MF	e	nuclear receptor coactivator activity	12/2037	23/11561	0.0001710761549594489	5	12	0.010643180460182108	G006034, G006271, G006274, G016750, G016930, G019114, G022550, G023290, G024464, G024470, G024597, G025129
GO:0140993	MF	e	histone modifying activity	43/2037	141/11561	0.0001985382351714909	3	43	0.012152461330254967	G001115, G001362, G001565, G002270, G003109, G003973, G004110, G004504, G005271, G005473, G006182, G006271, G006274, G006980, G008970, G009332, G009397, G010131, G011120, G011614, G011691, G011842, G012568, G012589, G016458, G016819, G018421, G018931, G020443, G020501, G021197, G021520, G022251, G022557, G023038, G023196, G023694, G026157, G026228, G026503, G026703, G026734, G027009
GO:0003713	MF	e	transcription coactivator activity	44/2037	148/11561	0.0002882388763364168	4	44	0.016381496459903066	G001362, G003574, G004282, G005670, G005832, G005835, G006034, G006271, G006274, G007410, G008870, G009331, G010954, G012589, G014797, G015602, G016040, G016130, G016258, G016421, G016750, G016930, G016935, G018129, G018592, G019114, G019554, G020247, G021069, G021722, G022280, G022550, G022592, G023196, G023290, G024143, G024464, G024470, G024597, G024651, G025129, G026344, G026734, G026977
GO:0050681	MF	e	nuclear androgen receptor binding	9/2037	15/11561	0.0002892121904646918	7	9	0.016381496459903066	G000606, G006271, G006274, G007410, G009397, G012568, G021069, G025568, G026228
GO:0032452	MF	e	histone demethylase activity	11/2037	21/11561	0.00030722322203429305	4	11	0.01648536261799041	G002270, G005271, G006271, G006274, G009397, G012568, G012589, G018421, G022557, G026228, G026503
GO:0141052	MF	e	histone H3 demethylase activity	11/2037	21/11561	0.00030722322203429305	5	11	0.01648536261799041	G002270, G005271, G006271, G006274, G009397, G012568, G012589, G018421, G022557, G026228, G026503
GO:0140457	MF	e	protein demethylase activity	11/2037	21/11561	0.00030722322203429305	3	11	0.01648536261799041	G002270, G005271, G006271, G006274, G009397, G012568, G012589, G018421, G022557, G026228, G026503
GO:0003677	MF	e	DNA binding	294/2037	1389/11561	0.0003084218039202422	4	294	0.01648536261799041	G000012, G000217, G000576, G000577, G000606, G001068, G001115, G001215, G001247, G001261, G001335, G001371, G001472, G001681, G001684, G001685, G001757, G001766, G001797, G001856, G001936, G002001, G002110, G002270, G002328, G002340, G002489, G002549, G002591, G003332, G003521, G003574, G003607, G003646, G003647, G003700, G003730, G003764, G003782, G003908, G003973, G004176, G004259, G004282, G004357, G004403, G004455, G004462, G004564, G004879, G004996, G005134, G005152, G005215, G005217, G005387, G005473, G005477, G005514, G005619, G005832, G005860, G005883, G005910, G005943, G005979, G005981, G006004, G006034, G006182, G006198, G006271, G006447, G006768, G006811, G006938, G006945, G007050, G007193, G007218, G007270, G007276, G007617, G007619, G007769, G007819, G008241, G008293, G008400, G008423, G008454, G008685, G008761, G008870, G008980, G009332, G009397, G009946, G009960, G010027, G010125, G010265, G010527, G010578, G010662, G010673, G010698, G010966, G010974, G010982, G011120, G011272, G011310, G011505, G011546, G011630, G011799, G011847, G011919, G012008, G012059, G012072, G012138, G012472, G012568, G012589, G012598, G012787, G012811, G012876, G012962, G013001, G013016, G013190, G013218, G013265, G013444, G013445, G013447, G013946, G014064, G014095, G014213, G014326, G014377, G014412, G014523, G014683, G014710, G014797, G014843, G014884, G014914, G015369, G015600, G015815, G016145, G016161, G016386, G016414, G016417, G016436, G016437, G016583, G016657, G016688, G016930, G016935, G016939, G017027, G017109, G017314, G017422, G017480, G017543, G017545, G017606, G017621, G017709, G017812, G017893, G018129, G018143, G018201, G018234, G018290, G018295, G018352, G018363, G018364, G018392, G018421, G018475, G018654, G018657, G018659, G019051, G019104, G019194, G019225, G019507, G019751, G019989, G020123, G020175, G020406, G020501, G020540, G020685, G020702, G020765, G020830, G020982, G021040, G021358, G021487, G021520, G021841, G021919, G021922, G021940, G021947, G021958, G022096, G022115, G022119, G022175, G022251, G022282, G022376, G022496, G022693, G022752, G022797, G022844, G023001, G023038, G023060, G023196, G023343, G023345, G023703, G023705, G023782, G023819, G023900, G024143, G024170, G024355, G024403, G024507, G024842, G024914, G024938, G025013, G025075, G025129, G025564, G025568, G025589, G025687, G025688, G025691, G025721, G025923, G025955, G026003, G026157, G026353, G026427, G026429, G026444, G026450, G026460, G026496, G026536, G026703, G026754, G026858, G026883, G026950, G026977, G027188, G027350, G027428, G027633, G027640, G027909, G027919, G028034, G028094, G028274, G028376, G028875
GO:0003697	MF	e	single-stranded DNA binding	29/2037	87/11561	0.00034171301724576027	5	29	0.018011123617328612	G001856, G002110, G003782, G004282, G006182, G008241, G010265, G010578, G011120, G011505, G013016, G013218, G013445, G014326, G016414, G016437, G017314, G017422, G018295, G019051, G020540, G020685, G020702, G021358, G024355, G026950, G026977, G027909, G028034
GO:0008408	MF	e	3'-5' exonuclease activity	19/2037	48/11561	0.00036228055365065894	6	19	0.018579117582489875	G000576, G000577, G001130, G001354, G005189, G016378, G016498, G016675, G016676, G016682, G017464, G018143, G019622, G022268, G023164, G024722, G026003, G026775, G027709
GO:0031490	MF	e	chromatin DNA binding	15/2037	35/11561	0.0004347072705565039	5	15	0.02170676436528858	G002270, G003700, G004282, G008980, G009397, G010982, G012589, G014843, G021922, G021940, G023196, G025564, G026858, G026883, G027919
GO:0031491	MF	e	nucleosome binding	12/2037	25/11561	0.0004647518140525772	4	12	0.022079203879028796	G000606, G005979, G006034, G008980, G012472, G014727, G018352, G018392, G019507, G022282, G027913, G028376
GO:0044877	MF	e	protein-containing complex binding	199/2037	906/11561	0.0004654377629307783	2	199	0.022079203879028796	G000576, G000577, G000606, G001068, G001289, G001355, G001560, G001856, G001860, G001936, G002270, G002459, G002553, G002748, G003423, G003549, G003574, G003700, G003730, G003764, G003822, G003826, G003973, G004176, G004259, G004282, G004336, G004357, G004403, G004435, G004455, G004504, G004797, G005387, G005473, G005733, G005943, G005979, G006034, G006198, G006271, G006274, G006277, G006433, G006441, G006447, G006581, G006730, G006768, G007050, G007410, G007619, G008025, G008403, G008471, G008551, G008698, G008878, G008980, G009332, G009397, G009448, G009631, G009983, G010049, G010265, G010274, G010468, G010535, G010662, G010982, G011298, G011614, G011630, G011720, G011799, G011842, G011847, G011867, G011897, G012007, G012186, G012472, G012589, G012620, G012668, G012696, G012739, G012787, G013001, G013016, G013447, G013453, G013465, G013845, G013846, G014040, G014301, G014412, G014615, G014688, G014727, G014843, G014884, G014953, G014963, G015231, G015600, G015603, G015815, G015854, G015864, G015928, G016358, G016499, G016583, G016819, G016935, G017268, G017524, G017607, G017621, G017709, G017812, G017972, G018129, G018352, G018392, G018508, G018592, G018656, G018657, G019039, G019051, G019075, G019225, G019432, G019434, G019507, G019551, G019688, G020175, G020375, G020406, G020982, G021069, G021922, G021940, G022035, G022096, G022136, G022280, G022282, G022296, G022550, G022557, G022810, G023001, G023038, G023196, G023461, G023531, G023837, G023845, G023863, G024256, G024507, G024597, G024842, G025076, G025213, G025564, G025637, G025642, G025943, G026145, G026228, G026429, G026450, G026474, G026638, G026703, G026858, G026883, G026977, G027046, G027188, G027428, G027728, G027872, G027909, G027913, G027919, G027960, G028094, G028274, G028376, G028466, G028761
GO:0043565	MF	e	sequence-specific DNA binding	119/2037	504/11561	0.0005069206927041051	5	119	0.02375017319521085	G000012, G000217, G001068, G001115, G001215, G001247, G001335, G001757, G002270, G002328, G002340, G002489, G002591, G003574, G003646, G003730, G003764, G003908, G003973, G004282, G004403, G004879, G004996, G005217, G005473, G005619, G005832, G005883, G005981, G006198, G006271, G007193, G007769, G007819, G008423, G008454, G008980, G009946, G009960, G010125, G010527, G010982, G011546, G011799, G011919, G012059, G012138, G012589, G012787, G013445, G013447, G014064, G014412, G014683, G014710, G014797, G014884, G015369, G015600, G016145, G016161, G016386, G016417, G016437, G016583, G016935, G016939, G017027, G017480, G017606, G017621, G017709, G017812, G017893, G018295, G018363, G018364, G018421, G019051, G019194, G019225, G020406, G020501, G020685, G020830, G020982, G021358, G021520, G021947, G021958, G022119, G022175, G022251, G022496, G022693, G022752, G023038, G023196, G023343, G023703, G023782, G024143, G024403, G024914, G024938, G025013, G025075, G025129, G025691, G025955, G026157, G026353, G026444, G026496, G026703, G027188, G027909, G028274, G028875
GO:0140101	MF	e	catalytic activity, acting on a tRNA	29/2037	90/11561	0.0007126225471907119	4	29	0.03219526864986609	G003396, G003878, G005763, G007007, G008045, G010769, G010989, G013032, G013450, G014449, G014904, G015516, G016561, G017206, G017895, G020223, G020919, G021404, G021957, G022119, G022254, G022468, G022660, G025431, G025677, G026764, G027196, G027314, G027458
GO:0016706	MF	e	2-oxoglutarate-dependent dioxygenase activity	19/2037	51/11561	0.0007214649667602049	4	19	0.03221128881005856	G002270, G005271, G007819, G009397, G011447, G012568, G012589, G012896, G012925, G012926, G016522, G018302, G018421, G022557, G025677, G026228, G026503, G026536, G028896
GO:0008017	MF	e	microtubule binding	41/2037	142/11561	0.0008136078600922809	5	41	0.03549013596609432	G003313, G003608, G003611, G003764, G004797, G004908, G006365, G006414, G006415, G006617, G007282, G008006, G008471, G009151, G009514, G009983, G011540, G011867, G012072, G013347, G013465, G013933, G014059, G014415, G015945, G016727, G017062, G017450, G019688, G020095, G020158, G022035, G022652, G023837, G024733, G026293, G026703, G026919, G027198, G027445, G027575
GO:0033558	MF	e	protein lysine deacetylase activity	7/2037	11/11561	0.0008875099938271287	4	7	0.03818105688558949	G011842, G018528, G018931, G020501, G021197, G023038, G026703
GO:0042162	MF	e	telomeric DNA binding	10/2037	20/11561	0.0009329634568655003	6	10	0.0393399590978286	G004996, G014064, G014683, G018295, G018363, G018364, G019051, G021358, G025075, G026496
GO:0001221	MF	e	transcription coregulator binding	14/2037	34/11561	0.0010851671169797635	4	14	0.04428181945094841	G004852, G006980, G011847, G015600, G016583, G016930, G017606, G018399, G020406, G020982, G021958, G023164, G023196, G026703
GO:0004930	MF	p	G protein-coupled receptor activity	22/2037	449/11561	2.94005850613364e-16	4	22	4.4295090646902284e-13	G000682, G001045, G003350, G007266, G007267, G010200, G010252, G010765, G012738, G012739, G012796, G013771, G015564, G019129, G019131, G019148, G019151, G019218, G019548, G020159, G020840, G028310
GO:0038023	MF	p	signaling receptor activity	51/2037	701/11561	4.668784257908014e-16	2	51	4.4295090646902284e-13	G000682, G000990, G001045, G002089, G002100, G002340, G003333, G003350, G004599, G005920, G007266, G007267, G007384, G008249, G010200, G010252, G010464, G010527, G010765, G011476, G012738, G012739, G012796, G013095, G013771, G014682, G015564, G015579, G015603, G017164, G017380, G019129, G019131, G019148, G019151, G019218, G019530, G019548, G019644, G020159, G020442, G020840, G020865, G022227, G022496, G023450, G023455, G023458, G025214, G025252, G028310
GO:0060089	MF	p	molecular transducer activity	51/2037	701/11561	4.668784257908014e-16	1	51	4.4295090646902284e-13	G000682, G000990, G001045, G002089, G002100, G002340, G003333, G003350, G004599, G005920, G007266, G007267, G007384, G008249, G010200, G010252, G010464, G010527, G010765, G011476, G012738, G012739, G012796, G013095, G013771, G014682, G015564, G015579, G015603, G017164, G017380, G019129, G019131, G019148, G019151, G019218, G019530, G019548, G019644, G020159, G020442, G020840, G020865, G022227, G022496, G023450, G023455, G023458, G025214, G025252, G028310
GO:0004888	MF	p	transmembrane signaling receptor activity	44/2037	631/11561	2.0578481667107573e-15	3	44	1.5619067585334647e-12	G000682, G000990, G001045, G002100, G003333, G003350, G004599, G007266, G007267, G007384, G008249, G010200, G010252, G010464, G010765, G011476, G012738, G012739, G012796, G013095, G013771, G015564, G015579, G015603, G017164, G017380, G019129, G019131, G019148, G019151, G019218, G019530, G019548, G019644, G020159, G020442, G020840, G020865, G022227, G023450, G023455, G023458, G025252, G028310
GO:0003674	MF	p	molecular_function	1630/2037	9843/11561	4.499779594477349e-12	0	1630	2.4395233658630772e-09	G000002, G000009, G000012, G000217, G000461, G000488, G000560, G000561, G000576, G000577, G000587, G000603, G000606, G000682, G000755, G000942, G000944, G000956, G000963, G000990, G000995, G001037, G001045, G001068, G001085, G001115, G001121, G001130, G001200, G001215, G001233, G001247, G001261, G001263, G001266, G001289, G001295, G001335, G001354, G001355, G001362, G001363, G001369, G001371, G001394, G001407, G001417, G001431, G001468, G001472, G001479, G001505, G001514, G001544, G001551, G001553, G001560, G001565, G001617, G001618, G001642, G001650, G001678, G001680, G001681, G001684, G001685, G001711, G001757, G001766, G001785, G001797, G001809, G001813, G001822, G001855, G001856, G001860, G001871, G001936, G001958, G001993, G001998, G002001, G002008, G002009, G002045, G002052, G002054, G002089, G002100, G002107, G002109, G002110, G002126, G002131, G002229, G002232, G002242, G002270, G002302, G002328, G002339, G002340, G002394, G002431, G002439, G002457, G002459, G002485, G002489, G002493, G002502, G002539, G002549, G002553, G002591, G002610, G002614, G002616, G002748, G002935, G003018, G003109, G003191, G003311, G003313, G003332, G003333, G003350, G003381, G003396, G003417, G003423, G003478, G003521, G003544, G003546, G003548, G003549, G003550, G003560, G003574, G003607, G003608, G003611, G003646, G003647, G003669, G003692, G003700, G003729, G003730, G003737, G003755, G003764, G003782, G003811, G003812, G003813, G003814, G003815, G003819, G003822, G003826, G003878, G003908, G003930, G003932, G003933, G003952, G003973, G003995, G003996, G003998, G004009, G004013, G004026, G004032, G004036, G004041, G004043, G004056, G004066, G004110, G004113, G004132, G004133, G004176, G004177, G004185, G004190, G004194, G004203, G004205, G004212, G004220, G004221, G004244, G004247, G004248, G004257, G004259, G004282, G004283, G004311, G004322, G004336, G004343, G004357, G004381, G004403, G004435, G004455, G004462, G004495, G004504, G004536, G004564, G004582, G004583, G004599, G004611, G004713, G004727, G004797, G004848, G004851, G004852, G004879, G004908, G004926, G004927, G004996, G005003, G005021, G005041, G005092, G005103, G005127, G005134, G005146, G005152, G005156, G005189, G005193, G005215, G005217, G005271, G005282, G005283, G005287, G005295, G005329, G005387, G005471, G005473, G005476, G005477, G005485, G005487, G005488, G005514, G005518, G005540, G005541, G005542, G005556, G005619, G005631, G005634, G005651, G005670, G005683, G005692, G005722, G005733, G005740, G005763, G005765, G005832, G005835, G005839, G005846, G005860, G005883, G005910, G005920, G005941, G005943, G005947, G005979, G005981, G006000, G006004, G006034, G006047, G006072, G006081, G006083, G006086, G006100, G006130, G006178, G006182, G006198, G006217, G006229, G006260, G006264, G006267, G006271, G006274, G006277, G006290, G006299, G006301, G006307, G006323, G006334, G006336, G006339, G006356, G006365, G006383, G006385, G006394, G006406, G006411, G006414, G006415, G006433, G006438, G006439, G006441, G006446, G006447, G006472, G006483, G006488, G006503, G006506, G006518, G006553, G006569, G006571, G006581, G006588, G006607, G006617, G006654, G006672, G006676, G006679, G006715, G006725, G006730, G006755, G006763, G006768, G006811, G006834, G006843, G006849, G006853, G006904, G006906, G006917, G006934, G006938, G006945, G006965, G006969, G006980, G006998, G007002, G007007, G007050, G007051, G007095, G007117, G007133, G007154, G007159, G007178, G007193, G007201, G007205, G007218, G007233, G007236, G007266, G007267, G007269, G007270, G007276, G007282, G007357, G007384, G007410, G007425, G007428, G007464, G007516, G007553, G007554, G007609, G007617, G007619, G007698, G007700, G007701, G007758, G007769, G007800, G007805, G007806, G007819, G007881, G007882, G007981, G007992, G008006, G008025, G008038, G008039, G008043, G008045, G008104, G008106, G008107, G008110, G008143, G008145, G008146, G008204, G008207, G008215, G008241, G008249, G008293, G008296, G008320, G008341, G008369, G008376, G008379, G008381, G008400, G008403, G008415, G008423, G008454, G008471, G008483, G008493, G008502, G008518, G008551, G008621, G008685, G008698, G008705, G008740, G008753, G008754, G008758, G008761, G008845, G008870, G008878, G008903, G008909, G008970, G008971, G008972, G008980, G009020, G009025, G009026, G009027, G009073, G009151, G009173, G009249, G009250, G009285, G009316, G009325, G009331, G009332, G009338, G009397, G009401, G009412, G009448, G009470, G009511, G009514, G009526, G009546, G009549, G009617, G009631, G009634, G009665, G009682, G009683, G009723, G009734, G009786, G009789, G009826, G009869, G009886, G009893, G009894, G009895, G009904, G009915, G009946, G009949, G009960, G009961, G009964, G009975, G009983, G009993, G010027, G010029, G010049, G010063, G010105, G010125, G010131, G010145, G010146, G010200, G010240, G010252, G010265, G010267, G010272, G010274, G010302, G010375, G010413, G010460, G010464, G010468, G010493, G010506, G010527, G010535, G010548, G010578, G010615, G010616, G010662, G010673, G010674, G010681, G010698, G010700, G010737, G010749, G010765, G010769, G010794, G010796, G010799, G010891, G010914, G010954, G010964, G010965, G010966, G010974, G010982, G010989, G010995, G011032, G011052, G011097, G011100, G011105, G011120, G011149, G011181, G011185, G011197, G011227, G011272, G011294, G011296, G011298, G011310, G011313, G011332, G011365, G011381, G011447, G011472, G011476, G011486, G011500, G011505, G011513, G011520, G011523, G011538, G011540, G011546, G011566, G011569, G011595, G011609, G011614, G011629, G011630, G011638, G011668, G011691, G011720, G011726, G011765, G011783, G011799, G011842, G011847, G011867, G011897, G011919, G012007, G012008, G012019, G012032, G012059, G012066, G012072, G012107, G012116, G012138, G012151, G012176, G012186, G012191, G012268, G012293, G012307, G012411, G012449, G012472, G012499, G012500, G012568, G012589, G012594, G012598, G012601, G012617, G012620, G012633, G012635, G012668, G012696, G012738, G012739, G012787, G012796, G012811, G012823, G012824, G012851, G012859, G012876, G012896, G012925, G012926, G012954, G012961, G012962, G012969, G012970, G012990, G013001, G013002, G013016, G013032, G013041, G013095, G013159, G013190, G013191, G013194, G013211, G013218, G013230, G013263, G013265, G013287, G013347, G013351, G013355, G013368, G013376, G013405, G013433, G013443, G013444, G013445, G013447, G013450, G013453, G013463, G013465, G013480, G013527, G013545, G013593, G013598, G013691, G013761, G013771, G013824, G013831, G013845, G013846, G013862, G013926, G013933, G013946, G013994, G014002, G014003, G014040, G014059, G014064, G014095, G014213, G014269, G014301, G014302, G014319, G014326, G014343, G014346, G014363, G014364, G014377, G014412, G014415, G014442, G014444, G014445, G014448, G014449, G014523, G014562, G014569, G014615, G014629, G014646, G014660, G014664, G014668, G014674, G014675, G014676, G014682, G014683, G014685, G014688, G014697, G014703, G014710, G014727, G014738, G014752, G014797, G014836, G014842, G014843, G014884, G014904, G014914, G014929, G014953, G014963, G014975, G015231, G015301, G015334, G015358, G015369, G015396, G015423, G015424, G015443, G015461, G015485, G015489, G015516, G015564, G015579, G015600, G015602, G015603, G015665, G015731, G015744, G015814, G015815, G015818, G015819, G015821, G015833, G015834, G015854, G015864, G015928, G015944, G015945, G015992, G015996, G016017, G016020, G016040, G016092, G016109, G016130, G016145, G016161, G016168, G016219, G016220, G016236, G016237, G016258, G016262, G016282, G016347, G016358, G016359, G016378, G016382, G016386, G016387, G016397, G016414, G016417, G016421, G016426, G016436, G016437, G016443, G016458, G016498, G016499, G016500, G016516, G016518, G016522, G016561, G016579, G016583, G016601, G016603, G016605, G016643, G016655, G016657, G016675, G016676, G016682, G016688, G016707, G016710, G016723, G016727, G016746, G016750, G016752, G016764, G016789, G016803, G016819, G016821, G016829, G016852, G016856, G016871, G016908, G016930, G016935, G016939, G016944, G016969, G016977, G017027, G017032, G017062, G017073, G017098, G017109, G017110, G017111, G017126, G017154, G017164, G017191, G017206, G017234, G017255, G017268, G017272, G017314, G017380, G017406, G017407, G017420, G017422, G017438, G017444, G017450, G017454, G017457, G017459, G017464, G017480, G017491, G017495, G017503, G017524, G017527, G017529, G017535, G017543, G017545, G017553, G017571, G017572, G017586, G017597, G017606, G017607, G017611, G017621, G017634, G017709, G017780, G017799, G017810, G017812, G017815, G017827, G017835, G017887, G017893, G017895, G017907, G017941, G017972, G017983, G018012, G018066, G018100, G018129, G018139, G018142, G018143, G018169, G018201, G018227, G018234, G018256, G018257, G018280, G018290, G018295, G018302, G018326, G018349, G018350, G018352, G018358, G018363, G018364, G018392, G018395, G018397, G018399, G018420, G018421, G018422, G018430, G018453, G018457, G018462, G018472, G018475, G018491, G018508, G018513, G018514, G018518, G018528, G018545, G018592, G018626, G018654, G018656, G018657, G018659, G018660, G018719, G018726, G018853, G018856, G018877, G018892, G018901, G018931, G018932, G018956, G018989, G019020, G019039, G019040, G019043, G019044, G019051, G019075, G019104, G019114, G019129, G019131, G019148, G019151, G019194, G019218, G019225, G019275, G019277, G019321, G019348, G019398, G019432, G019434, G019454, G019457, G019463, G019475, G019506, G019507, G019519, G019530, G019548, G019551, G019554, G019573, G019606, G019620, G019622, G019644, G019653, G019659, G019676, G019688, G019736, G019737, G019739, G019751, G019756, G019788, G019820, G019839, G019882, G019936, G019960, G019970, G019989, G020002, G020075, G020089, G020090, G020095, G020123, G020149, G020153, G020158, G020159, G020160, G020169, G020175, G020178, G020212, G020223, G020232, G020239, G020247, G020275, G020351, G020360, G020370, G020375, G020406, G020423, G020439, G020442, G020443, G020449, G020454, G020458, G020464, G020469, G020484, G020485, G020497, G020501, G020505, G020520, G020540, G020543, G020559, G020634, G020660, G020666, G020685, G020687, G020697, G020699, G020701, G020702, G020708, G020714, G020725, G020740, G020744, G020759, G020765, G020769, G020828, G020830, G020831, G020840, G020865, G020881, G020919, G020973, G020982, G021034, G021040, G021042, G021062, G021069, G021081, G021107, G021125, G021149, G021166, G021197, G021246, G021293, G021298, G021313, G021321, G021327, G021343, G021358, G021404, G021418, G021422, G021435, G021462, G021465, G021486, G021487, G021488, G021490, G021520, G021527, G021531, G021541, G021578, G021589, G021590, G021591, G021611, G021637, G021661, G021662, G021672, G021693, G021702, G021722, G021785, G021838, G021839, G021841, G021885, G021887, G021902, G021912, G021919, G021921, G021922, G021924, G021940, G021947, G021957, G021958, G021959, G021960, G021970, G021974, G021997, G022018, G022019, G022035, G022040, G022051, G022058, G022075, G022084, G022096, G022115, G022119, G022136, G022149, G022175, G022177, G022178, G022208, G022215, G022227, G022233, G022240, G022251, G022254, G022257, G022268, G022280, G022282, G022286, G022296, G022301, G022315, G022344, G022347, G022356, G022360, G022363, G022372, G022376, G022388, G022458, G022459, G022462, G022468, G022495, G022496, G022505, G022550, G022553, G022557, G022565, G022573, G022592, G022633, G022652, G022660, G022670, G022693, G022727, G022747, G022752, G022768, G022790, G022797, G022801, G022810, G022811, G022829, G022844, G022845, G022867, G022884, G022885, G022913, G022929, G022944, G022990, G022994, G022995, G023001, G023008, G023024, G023038, G023060, G023064, G023075, G023138, G023149, G023164, G023184, G023196, G023253, G023258, G023273, G023290, G023343, G023345, G023348, G023383, G023450, G023455, G023458, G023460, G023461, G023478, G023480, G023494, G023520, G023531, G023534, G023558, G023561, G023605, G023609, G023622, G023638, G023640, G023658, G023694, G023698, G023703, G023705, G023706, G023760, G023782, G023819, G023837, G023845, G023846, G023849, G023862, G023863, G023864, G023870, G023891, G023892, G023894, G023900, G023918, G023925, G023942, G023959, G024061, G024063, G024071, G024072, G024074, G024111, G024116, G024143, G024144, G024170, G024214, G024216, G024256, G024338, G024354, G024355, G024403, G024429, G024445, G024464, G024470, G024493, G024507, G024597, G024625, G024647, G024651, G024663, G024703, G024722, G024733, G024757, G024771, G024778, G024781, G024812, G024814, G024840, G024842, G024884, G024907, G024914, G024930, G024933, G024938, G024963, G024984, G025013, G025038, G025075, G025076, G025129, G025144, G025147, G025213, G025214, G025221, G025239, G025252, G025272, G025273, G025343, G025352, G025368, G025384, G025385, G025431, G025449, G025455, G025547, G025564, G025565, G025568, G025589, G025605, G025618, G025620, G025637, G025642, G025653, G025677, G025682, G025687, G025688, G025691, G025721, G025726, G025732, G025782, G025911, G025923, G025943, G025955, G026003, G026012, G026065, G026089, G026094, G026112, G026145, G026157, G026175, G026217, G026227, G026228, G026259, G026268, G026286, G026293, G026301, G026322, G026323, G026344, G026351, G026353, G026369, G026419, G026423, G026426, G026427, G026429, G026444, G026450, G026460, G026463, G026474, G026496, G026503, G026526, G026536, G026546, G026588, G026623, G026624, G026628, G026632, G026638, G026692, G026703, G026734, G026739, G026748, G026754, G026758, G026764, G026768, G026771, G026775, G026825, G026858, G026862, G026883, G026904, G026916, G026919, G026949, G026950, G026977, G027009, G027012, G027046, G027068, G027071, G027188, G027193, G027196, G027197, G027198, G027208, G027222, G027228, G027246, G027263, G027284, G027314, G027350, G027353, G027360, G027375, G027379, G027394, G027413, G027428, G027445, G027458, G027497, G027521, G027552, G027572, G027573, G027574, G027575, G027586, G027600, G027610, G027633, G027638, G027640, G027707, G027709, G027726, G027728, G027731, G027735, G027736, G027738, G027741, G027748, G027753, G027766, G027785, G027805, G027842, G027861, G027872, G027879, G027883, G027884, G027906, G027909, G027913, G027916, G027919, G027957, G027958, G027960, G027968, G027970, G027989, G027990, G027998, G028034, G028049, G028094, G028098, G028099, G028100, G028114, G028126, G028148, G028195, G028199, G028262, G028274, G028310, G028319, G028323, G028324, G028365, G028376, G028393, G028397, G028416, G028432, G028434, G028444, G028450, G028466, G028470, G028517, G028536, G028559, G028573, G028595, G028626, G028637, G028721, G028761, G028770, G028857, G028875, G028896
GO:0005215	MF	p	transporter activity	98/2037	894/11561	1.269344880446062e-08	1	98	4.817163821292805e-06	G000995, G002232, G003417, G003550, G003932, G004026, G004043, G004244, G004495, G004599, G004926, G004927, G005556, G005740, G005839, G006083, G006299, G006301, G006323, G006383, G006433, G006518, G006553, G006569, G006571, G006906, G007425, G007428, G007464, G007516, G007698, G008038, G008043, G008320, G009683, G009826, G010105, G010240, G010737, G011294, G011500, G011520, G011609, G012151, G012954, G012961, G012969, G012970, G013095, G013480, G013761, G014448, G015358, G015396, G015423, G015424, G015485, G015489, G016603, G016764, G016908, G017553, G018066, G018100, G018350, G019275, G019454, G019457, G019463, G019475, G019530, G019653, G019659, G020449, G020469, G020634, G020699, G021611, G021912, G022019, G022462, G022550, G022829, G023075, G023534, G023605, G024061, G024338, G024812, G024907, G026419, G026692, G026771, G027360, G027413, G027586, G027610, G028595
GO:0022857	MF	p	transmembrane transporter activity	93/2037	852/11561	2.3628362752039864e-08	2	93	8.151785149453754e-06	G000995, G002232, G003417, G003550, G003932, G004026, G004043, G004244, G004495, G004599, G004926, G004927, G005556, G005740, G005839, G006083, G006299, G006301, G006323, G006383, G006433, G006518, G006553, G006569, G006571, G006906, G007425, G007428, G007464, G007516, G007698, G008038, G008043, G008320, G009683, G009826, G010240, G010737, G011294, G011500, G011609, G012151, G012954, G012961, G012969, G012970, G013095, G013480, G013761, G015358, G015396, G015423, G015424, G015485, G015489, G016603, G016764, G016908, G017553, G018066, G018100, G018350, G019275, G019454, G019457, G019463, G019475, G019530, G019653, G019659, G020449, G020469, G020699, G021611, G021912, G022019, G022462, G022550, G022829, G023075, G023534, G023605, G024061, G024338, G024812, G024907, G026419, G026692, G026771, G027360, G027413, G027610, G028595
GO:0003735	MF	p	structural constituent of ribosome	4/2037	142/11561	8.437688535691141e-08	2	4	2.1553051759984386e-05	G017503, G020454, G022495, G025038
GO:0009881	MF	p	photoreceptor activity	0/2037	79/11561	3.2758647998493904e-07	3	0	7.769941822142773e-05	
GO:0015075	MF	p	monoatomic ion transmembrane transporter activity	53/2037	533/11561	4.87250099416418e-07	3	53	0.00010877141925207685	G002232, G003417, G003932, G004026, G004244, G004495, G004926, G004927, G006083, G006301, G006323, G006433, G006553, G006569, G006571, G006906, G007425, G007428, G007516, G007698, G009683, G009826, G010240, G011294, G011609, G012954, G013095, G013761, G015358, G015396, G015423, G015424, G015485, G015489, G016603, G016908, G018100, G019275, G019454, G019457, G019463, G019475, G020699, G021912, G022462, G022550, G023534, G024061, G024338, G024812, G026419, G027360, G027413
GO:0005102	MF	p	signaling receptor binding	52/2037	522/11561	6.940943487182508e-07	3	52	0.00013124800000126596	G001363, G001369, G002089, G003822, G004536, G004599, G006617, G008104, G008106, G008107, G008110, G008249, G008870, G010535, G010954, G011472, G011720, G012032, G012668, G012739, G013001, G013041, G013355, G013994, G014343, G014615, G014660, G015818, G016387, G016750, G017126, G017606, G018422, G018592, G019039, G019075, G019530, G019644, G020370, G021069, G021313, G022178, G023196, G023461, G023520, G023698, G025213, G025273, G025431, G026293, G027633, G028536
GO:0008289	MF	p	lipid binding	41/2037	440/11561	7.668300115954988e-07	2	41	0.00013124800000126596	G001085, G001544, G003930, G004009, G004212, G008483, G008621, G008754, G009893, G010616, G011520, G011897, G013824, G014363, G014448, G014615, G016219, G016601, G016752, G017815, G018349, G018399, G019548, G020158, G020543, G020634, G020708, G022175, G023001, G024111, G025726, G026145, G026301, G027353, G027360, G027413, G027638, G027785, G028126, G028262, G028517
GO:0008324	MF	p	monoatomic cation transmembrane transporter activity	46/2037	478/11561	7.954424242500966e-07	4	46	0.00013124800000126596	G002232, G003417, G003932, G004026, G004244, G004495, G004926, G004927, G006083, G006301, G006433, G006553, G006569, G006571, G007425, G007428, G007516, G007698, G009683, G009826, G010240, G011294, G012954, G013761, G015396, G015423, G015424, G015485, G015489, G016603, G016908, G019275, G019457, G019463, G019475, G020699, G021912, G022462, G022550, G023534, G024061, G024338, G024812, G026419, G027360, G027413
GO:0008188	MF	p	neuropeptide receptor activity	0/2037	70/11561	1.9385284021969115e-06	6	0	0.0002829505879360492	
GO:0022890	MF	p	inorganic cation transmembrane transporter activity	44/2037	452/11561	2.056597900416367e-06	4	44	0.0002890662604474116	G002232, G003417, G003932, G004026, G004244, G004495, G004926, G004927, G006083, G006301, G006433, G006553, G006569, G006571, G007425, G007428, G007698, G009683, G009826, G010240, G011294, G012954, G013761, G015396, G015423, G015424, G015485, G015489, G016603, G016908, G019275, G019457, G019463, G019475, G020699, G021912, G022462, G023534, G024061, G024338, G024812, G026419, G027360, G027413
GO:0015318	MF	p	inorganic molecular entity transmembrane transporter activity	53/2037	510/11561	4.2714386470815045e-06	3	53	0.0005229067634088487	G002232, G003417, G003932, G004026, G004244, G004495, G004926, G004927, G006083, G006301, G006433, G006553, G006569, G006571, G006906, G007425, G007428, G007516, G007698, G008038, G008043, G009683, G009826, G010240, G011294, G011609, G012954, G012961, G013095, G013761, G015358, G015396, G015423, G015424, G015485, G015489, G016603, G016908, G019275, G019457, G019463, G019475, G020699, G021912, G022462, G023534, G024061, G024338, G024812, G026419, G026771, G027360, G027413
GO:0008528	MF	p	G protein-coupled peptide receptor activity	2/2037	92/11561	6.196294970438442e-06	5	2	0.000734841856650434	G010765, G015564
GO:0005267	MF	p	potassium channel activity	5/2037	124/11561	7.668870373988016e-06	7	5	0.0008797535750069755	G007425, G007428, G016908, G027360, G027413
GO:0030594	MF	p	neurotransmitter receptor activity	1/2037	77/11561	7.881850210866182e-06	3	1	0.0008797535750069755	G013095
GO:0015079	MF	p	potassium ion transmembrane transporter activity	8/2037	153/11561	8.451234980091304e-06	6	8	0.0009163553356984714	G006301, G007425, G007428, G015485, G015489, G016908, G027360, G027413
GO:0005509	MF	p	calcium ion binding	59/2037	537/11561	1.6510299395547396e-05	6	59	0.001566414655152559	G001085, G001289, G001363, G002431, G003550, G003692, G004026, G004926, G005692, G005920, G006433, G007384, G007700, G008249, G008551, G009634, G009665, G009683, G009734, G009826, G009975, G010145, G010146, G010891, G011294, G011765, G012191, G012499, G012500, G012739, G012851, G012925, G012926, G012954, G013159, G013761, G015396, G015423, G015424, G015579, G016387, G018257, G018856, G020232, G020865, G021662, G021974, G022035, G022149, G022867, G022913, G023461, G023520, G024061, G024071, G024072, G025252, G026175, G028049
GO:0005249	MF	p	voltage-gated potassium channel activity	2/2037	86/11561	2.203567127140723e-05	9	2	0.0020396432310973277	G016908, G027360
GO:0015267	MF	p	channel activity	37/2037	370/11561	3.953643256829751e-05	4	37	0.0034100173090156603	G004026, G004495, G004926, G004927, G006323, G006553, G006569, G006571, G006906, G007425, G007428, G007698, G008320, G009683, G009826, G010240, G011294, G012954, G013095, G013761, G015358, G015396, G015423, G015424, G016908, G018100, G019454, G019457, G019463, G021912, G022462, G023534, G024061, G024338, G024812, G027360, G027413
GO:0098960	MF	p	postsynaptic neurotransmitter receptor activity	1/2037	67/11561	6.677062668353356e-05	4	1	0.005391372941787443	G013095
GO:0022803	MF	p	passive transmembrane transporter activity	38/2037	372/11561	7.379658311455162e-05	3	38	0.005834542352494238	G003417, G004026, G004495, G004926, G004927, G006323, G006553, G006569, G006571, G006906, G007425, G007428, G007698, G008320, G009683, G009826, G010240, G011294, G012954, G013095, G013761, G015358, G015396, G015423, G015424, G016908, G018100, G019454, G019457, G019463, G021912, G022462, G023534, G024061, G024338, G024812, G027360, G027413
GO:0001653	MF	p	peptide receptor activity	4/2037	98/11561	8.50899729543659e-05	3	4	0.0065901315788126245	G010765, G014682, G015564, G025214
GO:0008061	MF	p	chitin binding	0/2037	50/11561	0.00010760854464899396	3	0	0.008007341704763374	
GO:0005198	MF	p	structural molecule activity	40/2037	381/11561	0.00011925348796427426	1	40	0.008703211285085015	G001551, G001681, G001684, G001766, G002431, G004381, G004462, G005003, G005041, G008878, G008980, G009634, G009734, G009894, G009895, G010145, G010146, G011897, G012668, G016262, G017503, G018257, G019688, G020454, G021921, G022035, G022178, G022344, G022495, G022913, G023531, G023870, G025038, G025213, G025455, G026259, G027228, G027726, G027872, G028049
GO:0004175	MF	p	endopeptidase activity	36/2037	350/11561	0.00014742890354273262	4	36	0.010342117542713105	G001958, G001998, G002539, G002610, G004032, G005193, G005488, G006004, G006047, G006178, G006755, G008740, G010274, G011149, G011595, G012896, G013002, G016020, G017110, G017422, G017810, G020232, G020697, G021488, G021590, G021839, G022286, G022372, G022388, G023520, G026286, G026623, G027394, G027738, G028099, G028559
GO:0046873	MF	p	metal ion transmembrane transporter activity	40/2037	379/11561	0.0001512596409305004	5	40	0.010342117542713105	G003417, G003932, G004026, G004244, G004495, G004926, G004927, G006083, G006301, G006433, G006553, G006569, G006571, G007425, G007428, G007698, G009683, G009826, G010240, G011294, G012954, G013761, G015396, G015423, G015424, G015485, G015489, G016603, G016908, G019275, G019457, G019463, G019475, G021912, G022462, G023534, G024061, G024338, G027360, G027413
GO:0015078	MF	p	proton transmembrane transporter activity	6/2037	113/11561	0.0001614917901687798	5	6	0.010342117542713105	G002232, G006433, G020699, G024812, G026419, G027413
GO:0022804	MF	p	active transmembrane transporter activity	28/2037	289/11561	0.00016351173980574078	3	28	0.010342117542713105	G000995, G002232, G003417, G003932, G004244, G005556, G006083, G006301, G006383, G006433, G007516, G008038, G008043, G011609, G012969, G012970, G015485, G015489, G016603, G016764, G017553, G018066, G020469, G022829, G023075, G026419, G026692, G026771
GO:0046983	MF	p	protein dimerization activity	111/2037	849/11561	0.00021444253757507256	3	111	0.012917610001546035	G000755, G000990, G001479, G001684, G001685, G001766, G001813, G001936, G002229, G002339, G002549, G002935, G003607, G003700, G003730, G003755, G003908, G004177, G004403, G004599, G005487, G005670, G005692, G006000, G006217, G006277, G006411, G006672, G008293, G008454, G008761, G008870, G008878, G008980, G010125, G010200, G010548, G010615, G010681, G011120, G011799, G011867, G011919, G012739, G012876, G012969, G012970, G013191, G013263, G013287, G013862, G014040, G014442, G014660, G014797, G015358, G015996, G016583, G016750, G017191, G017255, G017420, G017529, G017535, G017607, G017835, G017887, G017972, G018491, G018592, G018719, G018901, G019044, G019051, G019104, G019530, G019688, G020002, G020406, G020634, G020828, G021069, G021490, G021520, G021785, G021958, G022119, G023348, G023460, G024074, G024355, G024647, G024781, G025147, G025431, G025677, G026157, G026444, G026536, G026692, G026775, G027188, G027197, G027314, G027575, G027633, G027726, G027872, G027968, G027990, G028319
GO:0005216	MF	p	monoatomic ion channel activity	36/2037	343/11561	0.00023391696717893373	5	36	0.013870545163188338	G004026, G004495, G004926, G004927, G006323, G006553, G006569, G006571, G006906, G007425, G007428, G007698, G009683, G009826, G010240, G011294, G012954, G013095, G013761, G015358, G015396, G015423, G015424, G016908, G018100, G019454, G019457, G019463, G021912, G022462, G023534, G024061, G024338, G024812, G027360, G027413
GO:0005261	MF	p	monoatomic cation channel activity	30/2037	298/11561	0.0002796334118294093	6	30	0.016326289198347818	G004026, G004495, G004926, G004927, G006553, G006569, G006571, G007425, G007428, G007698, G009683, G009826, G010240, G011294, G012954, G013761, G015396, G015423, G015424, G016908, G019457, G019463, G021912, G022462, G023534, G024061, G024338, G024812, G027360, G027413
GO:0008227	MF	p	G protein-coupled amine receptor activity	2/2037	69/11561	0.0003559283896416521	5	2	0.018503400530000956	G007266, G007267
GO:0003964	MF	p	RNA-directed DNA polymerase activity	4/2037	90/11561	0.0003969216148978004	6	4	0.020084233713828697	G009173, G013405, G020458, G021997
GO:0003924	MF	p	GTPase activity	20/2037	219/11561	0.00045117946606915735	7	20	0.022079203879028796	G002229, G003191, G011100, G012176, G014040, G014302, G014842, G015443, G015944, G016358, G017572, G018508, G019321, G019348, G020543, G021125, G021486, G022177, G026012, G027228
GO:0020037	MF	p	heme binding	6/2037	105/11561	0.0004587870850452151	4	6	0.022079203879028796	G000755, G003819, G006047, G007154, G020212, G020881
GO:0005251	MF	p	delayed rectifier potassium channel activity	1/2037	54/11561	0.0005274883360117215	10	1	0.02441241750200589	G027360
GO:0008020	MF	p	G protein-coupled photoreceptor activity	0/2037	40/11561	0.0006299911549430686	5	0	0.028805017265168015	
GO:0022836	MF	p	gated channel activity	23/2037	238/11561	0.0007441483034841205	5	23	0.03283770711304927	G004026, G004926, G004927, G006553, G006569, G006571, G006906, G007425, G007428, G007698, G010240, G011294, G012954, G013095, G016908, G019454, G019457, G019463, G021912, G022462, G023534, G024338, G027360
GO:0050839	MF	p	cell adhesion molecule binding	15/2037	175/11561	0.0008954187253800961	3	15	0.03818105688558949	G004797, G007800, G011897, G012739, G013465, G014562, G016020, G019075, G020159, G022035, G022084, G023461, G023698, G024216, G025213
GO:0046906	MF	p	tetrapyrrole binding	8/2037	119/11561	0.0009491526092653931	3	8	0.03958279288090293	G000755, G003819, G006047, G007154, G017454, G020212, G020744, G020881
GO:0004803	MF	p	transposase activity	0/2037	38/11561	0.0009842227687685244	4	0	0.04059918921170163	
GO:0043178	MF	p	alcohol binding	2/2037	61/11561	0.0011430223765617857	3	2	0.04614648850055294	G014363, G020634
GO:0022843	MF	p	voltage-gated monoatomic cation channel activity	10/2037	132/11561	0.0012103189859834084	8	10	0.048349058440074054	G004026, G004926, G004927, G007698, G010240, G011294, G012954, G016908, G022462, G027360
